spot,phase,n_common_points,lambda_R20,lambdaerr_R20,fit_status_R20,lambda_R16,lambdaerr_R16,fit_status_R16,lambda_R24,lambdaerr_R24,fit_status_R24,deltaLambda,converged_all
0,before_annealing,4,0.073609,0.00542981,0,0.0743009,0.00442946,0,0.0756724,0.00716084,0,0.00206342,1
1,before_annealing,4,0.0696704,0.021367,0,0.0767936,0.0171797,0,0.0855087,0.0269464,0,0.0158383,1
2,before_annealing,4,0.0434126,0.0205068,0,0.0482621,0.0163567,0,0.0343107,0.0246666,0,0.00910198,1
3,before_annealing,4,0.140695,0.0382615,0,0.116645,0.0322089,0,0.1431,0.0465774,0,0.0240501,1
4,before_annealing,4,0.0882762,0.0166729,0,0.0827867,0.013727,0,0.0949579,0.0190238,0,0.00668177,1
5,before_annealing,4,0.202969,0.0171831,0,0.204745,0.0142235,0,0.197014,0.0201726,0,0.00595436,1
6,before_annealing,4,0.0904316,0.0182028,0,0.0934693,0.0145798,0,0.0833283,0.0216722,0,0.00710324,1
7,before_annealing,4,0.168863,0.0830952,0,0.188808,0.0636775,0,0.174859,0.113823,0,0.0199455,1
8,before_annealing,4,0.0835098,0.0458444,0,0.0704658,0.0372752,0,0.0923482,0.0555389,0,0.0130441,1
9,before_annealing,4,-0.424184,0.0214201,0,-0.420281,0.0180697,0,-0.429789,0.0269164,0,0.00560502,1
10,before_annealing,4,0.0604926,0.016541,0,0.0564726,0.0129752,0,0.0606569,0.0215489,0,0.00401998,1
11,before_annealing,4,0.0750882,0.00245176,0,0.0761799,0.00203574,0,0.0773751,0.00293359,0,0.00228695,1
12,before_annealing,4,0.0946285,0.0160571,0,0.0904947,0.0127645,0,0.0926732,0.0203597,0,0.00413379,1
13,before_annealing,4,0.101156,0.0153985,0,0.0924173,0.0118871,0,0.0957655,0.0203994,0,0.00873857,1
14,before_annealing,4,0.052483,0.000361059,0,0.0524722,0.000329022,0,0.0520665,0.000401738,0,0.000416462,1
15,before_annealing,4,0.0425413,0.0321267,0,0.0603451,0.0262252,0,0.0468544,0.0385499,0,0.0178038,1
16,before_annealing,4,0.0573402,0.00695539,0,0.057702,0.00546782,0,0.0583307,0.00836547,0,0.000990478,1
17,before_annealing,4,-0.00325162,0.0104304,0,-0.00260604,0.00652118,0,-0.00146907,0.0113906,0,0.00178255,1
18,before_annealing,4,0.0784302,0.0035586,0,0.0785589,0.0029667,0,0.0801175,0.00421938,0,0.0016873,1
19,before_annealing,4,0.0146666,0.0630763,0,0.0381117,0.0521071,0,0.000539844,0.0856232,0,0.023445,1
20,before_annealing,4,0.0957373,0.0087539,0,0.0933216,0.0074447,0,0.104007,0.0106686,0,0.00826951,1
21,before_annealing,4,0.0379758,0.0408019,0,0.0261028,0.0305008,0,0.045281,0.0527385,0,0.011873,1
22,before_annealing,4,0.0722067,0.030567,0,0.0844783,0.029377,0,0.0743167,0.0359506,0,0.0122716,1
23,before_annealing,4,0.0621436,0.00153144,0,0.0622958,0.00131468,0,0.0625641,0.00185266,0,0.000420497,1
25,before_annealing,4,0.0496642,0.0012096,0,0.0493417,0.00101419,0,0.0490851,0.00133428,0,0.000579136,1
26,before_annealing,4,0.0711426,0.00192669,0,0.0710308,0.00159877,0,0.0705201,0.00225955,0,0.000622543,1
27,before_annealing,4,0.0769885,0.047812,0,0.0718896,0.0390287,0,0.0723136,0.0575562,0,0.00509891,1
28,before_annealing,4,0.06212,0.0351688,0,0.0527272,0.0289957,0,0.0935659,0.0444321,0,0.0314458,1
29,before_annealing,4,0.0607745,0.00608597,0,0.0598036,0.0051203,0,0.0592564,0.00716475,0,0.00151809,1
30,before_annealing,4,0.0489476,0.00106117,0,0.0484903,0.00103736,0,0.0495715,0.00110423,0,0.000623857,1
31,before_annealing,4,0.0331571,0.00686953,0,0.0317748,0.00536587,0,0.0325204,0.00809084,0,0.00138229,1
32,before_annealing,4,0.0828636,0.0247726,0,0.0816924,0.0204022,0,0.0863482,0.0310478,0,0.00348454,1
33,before_annealing,4,0.0720094,0.0226305,0,0.0787289,0.020762,0,0.0762736,0.0279759,0,0.00671957,1
34,before_annealing,4,0.0902982,0.00232286,0,0.0885869,0.00203644,0,0.0896886,0.00262948,0,0.00171125,1
35,before_annealing,4,0.058085,0.0314985,0,0.0479967,0.0218552,0,0.0492468,0.0479463,0,0.0100883,1
36,before_annealing,4,0.0607051,0.00148693,0,0.0610204,0.00128254,0,0.0599331,0.00170796,0,0.000772024,1
37,before_annealing,4,0.0637472,0.00905556,0,0.0579249,0.00768115,0,0.0703693,0.0106687,0,0.00662208,1
38,before_annealing,4,0.0373009,0.0179968,0,0.0411941,0.0153402,0,0.0217916,0.0213311,0,0.0155093,1
39,before_annealing,4,0.0654216,0.0101106,0,0.0629353,0.00826871,0,0.0725673,0.0125547,0,0.00714571,1
40,before_annealing,4,0.0737045,0.00758952,0,0.0770398,0.00652229,0,0.0715157,0.00873087,0,0.00333524,1
41,before_annealing,4,0.014128,0.0519358,0,0.0705953,0.0426776,0,-0.0489705,0.0642101,0,0.0630986,1
42,before_annealing,4,0.068398,0.00456088,0,0.0676526,0.00400315,0,0.0655688,0.00518173,0,0.00282922,1
45,before_annealing,4,0.0764303,0.00384281,0,0.0769076,0.00319369,0,0.0760592,0.00434741,0,0.00047731,1
46,before_annealing,4,0.104995,0.0423423,0,0.102093,0.0311982,0,0.130879,0.0575263,0,0.0258843,1
47,before_annealing,4,0.0209728,0.0612373,0,0.0669117,0.0388088,0,-0.0902427,0.120725,0,0.111215,1
48,before_annealing,4,0.135846,0.0445302,0,0.112552,0.0308336,0,0.15784,0.0602251,0,0.0232948,1
49,before_annealing,4,0.0608981,0.0365383,0,0.0491855,0.0259665,0,0.045495,0.0492633,0,0.0154031,1
50,before_annealing,4,-0.00568945,0.0545153,0,0.016342,0.039167,0,-0.0341452,0.0667401,0,0.0284558,1
51,before_annealing,4,0.100976,0.0558415,0,0.0841577,0.0381804,0,0.0993346,0.0820009,0,0.0168179,1
52,before_annealing,4,0.0336395,0.0475951,0,0.0537947,0.0384392,0,0.0421412,0.0606323,0,0.0201552,1
53,before_annealing,4,0.0810768,0.00748804,0,0.0818177,0.0059416,0,0.0811163,0.00922421,0,0.000740988,1
54,before_annealing,4,-0.080685,0.378404,0,-0.00568304,0.102356,0,0.216252,0.407822,0,0.296937,1
55,before_annealing,4,0.103253,0.0208485,0,0.0864321,0.0145895,0,0.110621,0.0265598,0,0.0168206,1
56,before_annealing,4,0.0910801,0.0168488,0,0.0900738,0.0142325,0,0.0990711,0.020822,0,0.00799092,1
58,before_annealing,4,0.136537,0.0202703,0,0.13139,0.0154912,0,0.132253,0.0252394,0,0.00514736,1
59,before_annealing,4,0.0768085,0.00321352,0,0.0781772,0.00276816,0,0.0788871,0.00382894,0,0.00207863,1
60,before_annealing,4,0.0676392,0.00487332,0,0.0704512,0.00408249,0,0.0679468,0.00583381,0,0.00281194,1
61,before_annealing,4,0.0933886,0.00849761,0,0.085304,0.0066606,0,0.103969,0.0101377,0,0.0105809,1
62,before_annealing,4,0.0697433,0.0650204,0,0.0610889,0.0567712,0,0.0908887,0.0872768,0,0.0211455,1
63,before_annealing,4,0.05198,0.000320498,0,0.0518317,0.000299306,0,0.0520138,0.000356727,0,0.000148262,1
64,before_annealing,4,0.044825,0.0309004,0,0.0719544,0.0227477,0,0.024324,0.0418573,0,0.0271295,1
65,before_annealing,4,0.0248239,0.000697637,0,0.0249676,0.000695127,0,0.024754,0.000709889,0,0.000143648,1
66,before_annealing,4,0.0435722,0.0784129,0,0.064446,0.0618557,0,0.0607831,0.0926237,0,0.0208738,1
67,before_annealing,4,0.0425711,0.0698458,0,0.0244549,0.0557522,0,0.0589679,0.0915369,0,0.0181162,1
68,before_annealing,4,0.148159,0.11412,0,0.127663,0.0861049,0,0.160128,0.141117,0,0.0204951,1
69,before_annealing,4,0.110474,0.138149,0,0.107282,0.0850702,0,0.108726,0.239794,0,0.00319247,1
