spot,local_spot,x,y,luminosity,error,T,v,v_fin,dataset_key,run_name,run_number,detected,integration_radius,integration_area
0,0,574.72,851.86,34.5154,4.71092,20.0,53.3,2.0,T20,A1_T=20_run=20250826-221930,20250826-221930,True,16.0,804.247719318987
0,0,574.72,851.86,135.852,4.68964,20.0,55.3,4.0,T20,A1_T=20_run=20250826-221930,20250826-221930,True,16.0,804.247719318987
0,0,574.72,851.86,301.212,4.84057,20.0,57.3,6.0,T20,A1_T=20_run=20250826-221930,20250826-221930,True,16.0,804.247719318987
0,0,574.72,851.86,652.547,4.81652,20.0,59.3,8.0,T20,A1_T=20_run=20250826-221930,20250826-221930,True,16.0,804.247719318987
1,1,501.82,811.35,23.8733,4.94627,20.0,53.3,2.0,T20,A1_T=20_run=20250826-221930,20250826-221930,True,16.0,804.247719318987
1,1,501.82,811.35,74.2095,4.85833,20.0,55.3,4.0,T20,A1_T=20_run=20250826-221930,20250826-221930,True,16.0,804.247719318987
1,1,501.82,811.35,150.263,4.87279,20.0,57.3,6.0,T20,A1_T=20_run=20250826-221930,20250826-221930,True,16.0,804.247719318987
1,1,501.82,811.35,249.356,4.91852,20.0,59.3,8.0,T20,A1_T=20_run=20250826-221930,20250826-221930,True,16.0,804.247719318987
2,2,1141.03,646.67,4.38892,4.35531,20.0,53.3,2.0,T20,A1_T=20_run=20250826-221930,20250826-221930,True,16.0,804.247719318987
2,2,1141.03,646.67,7.58493,4.33478,20.0,55.3,4.0,T20,A1_T=20_run=20250826-221930,20250826-221930,True,16.0,804.247719318987
2,2,1141.03,646.67,22.1622,4.35209,20.0,57.3,6.0,T20,A1_T=20_run=20250826-221930,20250826-221930,True,16.0,804.247719318987
2,2,1141.03,646.67,41.6023,4.46323,20.0,59.3,8.0,T20,A1_T=20_run=20250826-221930,20250826-221930,True,16.0,804.247719318987
3,3,369.75,505.83,15.4851,4.46238,20.0,53.3,2.0,T20,A1_T=20_run=20250826-221930,20250826-221930,True,16.0,804.247719318987
3,3,369.75,505.83,37.0331,4.5751,20.0,55.3,4.0,T20,A1_T=20_run=20250826-221930,20250826-221930,True,16.0,804.247719318987
3,3,369.75,505.83,73.0015,4.54642,20.0,57.3,6.0,T20,A1_T=20_run=20250826-221930,20250826-221930,True,16.0,804.247719318987
3,3,369.75,505.83,134.292,4.54764,20.0,59.3,8.0,T20,A1_T=20_run=20250826-221930,20250826-221930,True,16.0,804.247719318987
4,4,1404.81,475.13,9.40219,4.60465,20.0,53.3,2.0,T20,A1_T=20_run=20250826-221930,20250826-221930,True,16.0,804.247719318987
4,4,1404.81,475.13,12.9134,4.69659,20.0,55.3,4.0,T20,A1_T=20_run=20250826-221930,20250826-221930,True,16.0,804.247719318987
4,4,1404.81,475.13,39.4151,4.63837,20.0,57.3,6.0,T20,A1_T=20_run=20250826-221930,20250826-221930,True,16.0,804.247719318987
4,4,1404.81,475.13,68.4243,4.71088,20.0,59.3,8.0,T20,A1_T=20_run=20250826-221930,20250826-221930,True,16.0,804.247719318987
5,5,297.82,457.45,1.37889,5.18885,20.0,53.3,2.0,T20,A1_T=20_run=20250826-221930,20250826-221930,True,16.0,804.247719318987
5,5,297.82,457.45,2.15205,5.28182,20.0,55.3,4.0,T20,A1_T=20_run=20250826-221930,20250826-221930,True,16.0,804.247719318987
5,5,297.82,457.45,20.333,5.43452,20.0,57.3,6.0,T20,A1_T=20_run=20250826-221930,20250826-221930,True,16.0,804.247719318987
5,5,297.82,457.45,42.5251,5.17766,20.0,59.3,8.0,T20,A1_T=20_run=20250826-221930,20250826-221930,True,16.0,804.247719318987
6,6,1329.7,312.51,-0.225783,4.82938,20.0,53.3,2.0,T20,A1_T=20_run=20250826-221930,20250826-221930,True,16.0,804.247719318987
6,6,1329.7,312.51,5.80728,4.66007,20.0,55.3,4.0,T20,A1_T=20_run=20250826-221930,20250826-221930,True,16.0,804.247719318987
6,6,1329.7,312.51,19.6652,4.77152,20.0,57.3,6.0,T20,A1_T=20_run=20250826-221930,20250826-221930,True,16.0,804.247719318987
6,6,1329.7,312.51,43.4537,4.77835,20.0,59.3,8.0,T20,A1_T=20_run=20250826-221930,20250826-221930,True,16.0,804.247719318987
7,7,1498.26,261.71,-0.959599,4.43876,20.0,53.3,2.0,T20,A1_T=20_run=20250826-221930,20250826-221930,True,16.0,804.247719318987
7,7,1498.26,261.71,-2.30205,4.38512,20.0,55.3,4.0,T20,A1_T=20_run=20250826-221930,20250826-221930,True,16.0,804.247719318987
7,7,1498.26,261.71,15.6989,4.43999,20.0,57.3,6.0,T20,A1_T=20_run=20250826-221930,20250826-221930,True,16.0,804.247719318987
7,7,1498.26,261.71,32.4416,4.44244,20.0,59.3,8.0,T20,A1_T=20_run=20250826-221930,20250826-221930,True,16.0,804.247719318987
8,8,1077.79,181.75,7.07017,4.93732,20.0,53.3,2.0,T20,A1_T=20_run=20250826-221930,20250826-221930,True,16.0,804.247719318987
8,8,1077.79,181.75,22.2049,4.84653,20.0,55.3,4.0,T20,A1_T=20_run=20250826-221930,20250826-221930,True,16.0,804.247719318987
8,8,1077.79,181.75,63.0565,4.79811,20.0,57.3,6.0,T20,A1_T=20_run=20250826-221930,20250826-221930,True,16.0,804.247719318987
8,8,1077.79,181.75,170.91,4.83104,20.0,59.3,8.0,T20,A1_T=20_run=20250826-221930,20250826-221930,True,16.0,804.247719318987
9,9,1811.14,172.45,6.86132,4.57502,20.0,53.3,2.0,T20,A1_T=20_run=20250826-221930,20250826-221930,True,16.0,804.247719318987
9,9,1811.14,172.45,16.7435,4.58777,20.0,55.3,4.0,T20,A1_T=20_run=20250826-221930,20250826-221930,True,16.0,804.247719318987
9,9,1811.14,172.45,29.7124,4.58094,20.0,57.3,6.0,T20,A1_T=20_run=20250826-221930,20250826-221930,True,16.0,804.247719318987
9,9,1811.14,172.45,74.5922,4.63214,20.0,59.3,8.0,T20,A1_T=20_run=20250826-221930,20250826-221930,True,16.0,804.247719318987
10,10,681.74,68.9,6.71335,4.6578,20.0,53.3,2.0,T20,A1_T=20_run=20250826-221930,20250826-221930,True,16.0,804.247719318987
10,10,681.74,68.9,20.079,4.63419,20.0,55.3,4.0,T20,A1_T=20_run=20250826-221930,20250826-221930,True,16.0,804.247719318987
10,10,681.74,68.9,35.1777,4.74797,20.0,57.3,6.0,T20,A1_T=20_run=20250826-221930,20250826-221930,True,16.0,804.247719318987
10,10,681.74,68.9,81.8312,4.61971,20.0,59.3,8.0,T20,A1_T=20_run=20250826-221930,20250826-221930,True,16.0,804.247719318987
11,11,844.55,69.6,8.44286,4.6742,20.0,53.3,2.0,T20,A1_T=20_run=20250826-221930,20250826-221930,True,16.0,804.247719318987
11,11,844.55,69.6,2.73918,4.62177,20.0,55.3,4.0,T20,A1_T=20_run=20250826-221930,20250826-221930,True,16.0,804.247719318987
11,11,844.55,69.6,11.1592,4.72735,20.0,57.3,6.0,T20,A1_T=20_run=20250826-221930,20250826-221930,True,16.0,804.247719318987
11,11,844.55,69.6,22.6176,4.63168,20.0,59.3,8.0,T20,A1_T=20_run=20250826-221930,20250826-221930,True,16.0,804.247719318987
