spot,x,y,luminosity,error,T,v,phase,detection,status,integration_radius,integration_area,geometry_source_phase,geometry_source_constant,geometry_source_run,geometry_mode,integration_radius_source_phase,integration_radius_source_constant,integration_radius_source_run,run_number,match_distance,cross_constant_only
0,67.7,806.24,96.7599,4.62597,17.0,56.13,annealing_T=100_h=25,present,present,10.62,354.0,annealing_T=100_h=25,v,20260702-101218,phase_detection,annealing_T=75_h=5,v,20260521-080451,20260702-101218,3.120016025599873,False
0,67.7,806.24,107.343,4.64695,19.0,56.24,annealing_T=100_h=25,present,present,10.62,354.0,annealing_T=100_h=25,v,20260702-101218,phase_detection,annealing_T=75_h=5,v,20260521-080451,20260702-101218,3.120016025599873,False
0,67.7,806.24,129.261,4.63838,21.0,56.35,annealing_T=100_h=25,present,present,10.62,354.0,annealing_T=100_h=25,v,20260702-101218,phase_detection,annealing_T=75_h=5,v,20260521-080451,20260702-101218,3.120016025599873,False
0,67.7,806.24,152.081,4.54837,23.0,56.46,annealing_T=100_h=25,present,present,10.62,354.0,annealing_T=100_h=25,v,20260702-101218,phase_detection,annealing_T=75_h=5,v,20260521-080451,20260702-101218,3.120016025599873,False
1,81.24,94.39,51.3042,3.11933,17.0,56.13,annealing_T=100_h=25,absent,disappeared,6.91,150.0,annealing_T=100_h=5,v,20260612-001017,previous_detection,annealing_T=100_h=5,v,20260612-001017,20260702-101218,2.125652840893827,False
1,81.24,94.39,77.317,3.25309,19.0,56.24,annealing_T=100_h=25,absent,disappeared,6.91,150.0,annealing_T=100_h=5,v,20260612-001017,previous_detection,annealing_T=100_h=5,v,20260612-001017,20260702-101218,2.125652840893827,False
1,81.24,94.39,82.1243,3.13644,21.0,56.35,annealing_T=100_h=25,absent,disappeared,6.91,150.0,annealing_T=100_h=5,v,20260612-001017,previous_detection,annealing_T=100_h=5,v,20260612-001017,20260702-101218,2.125652840893827,False
1,81.24,94.39,92.8616,3.07468,23.0,56.46,annealing_T=100_h=25,absent,disappeared,6.91,150.0,annealing_T=100_h=5,v,20260612-001017,previous_detection,annealing_T=100_h=5,v,20260612-001017,20260702-101218,2.125652840893827,False
2,140.15,255.4,1.09833,2.66485,17.0,56.13,annealing_T=100_h=25,absent,disappeared,6.82,146.0,annealing_T=100_h=5,v,20260612-001017,previous_detection,annealing_T=75_h=25,v,20260531-095134,20260702-101218,2.273433526628831,False
2,140.15,255.4,9.47983,2.95562,19.0,56.24,annealing_T=100_h=25,absent,disappeared,6.82,146.0,annealing_T=100_h=5,v,20260612-001017,previous_detection,annealing_T=75_h=25,v,20260531-095134,20260702-101218,2.273433526628831,False
2,140.15,255.4,5.98785,2.80508,21.0,56.35,annealing_T=100_h=25,absent,disappeared,6.82,146.0,annealing_T=100_h=5,v,20260612-001017,previous_detection,annealing_T=75_h=25,v,20260531-095134,20260702-101218,2.273433526628831,False
2,140.15,255.4,8.06405,2.85379,23.0,56.46,annealing_T=100_h=25,absent,disappeared,6.82,146.0,annealing_T=100_h=5,v,20260612-001017,previous_detection,annealing_T=75_h=25,v,20260531-095134,20260702-101218,2.273433526628831,False
3,182.65,168.79,3250.88,8.45276,17.0,56.13,annealing_T=100_h=25,present,present,17.31,941.0,annealing_T=100_h=25,v,20260702-101218,phase_detection,before_annealing,v,20260514-062228,20260702-101218,3.360535671585721,False
3,182.65,168.79,3538.29,8.34045,19.0,56.24,annealing_T=100_h=25,present,present,17.31,941.0,annealing_T=100_h=25,v,20260702-101218,phase_detection,before_annealing,v,20260514-062228,20260702-101218,3.360535671585721,False
3,182.65,168.79,3823.87,8.44632,21.0,56.35,annealing_T=100_h=25,present,present,17.31,941.0,annealing_T=100_h=25,v,20260702-101218,phase_detection,before_annealing,v,20260514-062228,20260702-101218,3.360535671585721,False
3,182.65,168.79,4214.09,8.18611,23.0,56.46,annealing_T=100_h=25,present,present,17.31,941.0,annealing_T=100_h=25,v,20260702-101218,phase_detection,before_annealing,v,20260514-062228,20260702-101218,3.360535671585721,False
4,193.66,516.89,125.263,3.68652,17.0,56.13,annealing_T=100_h=25,present,present,8.81,244.0,annealing_T=100_h=25,v,20260702-101218,phase_detection,annealing_T=75_h=5,v,20260521-080451,20260702-101218,3.1903918254660115,False
4,193.66,516.89,151.295,3.75562,19.0,56.24,annealing_T=100_h=25,present,present,8.81,244.0,annealing_T=100_h=25,v,20260702-101218,phase_detection,annealing_T=75_h=5,v,20260521-080451,20260702-101218,3.1903918254660115,False
4,193.66,516.89,176.729,3.69387,21.0,56.35,annealing_T=100_h=25,present,present,8.81,244.0,annealing_T=100_h=25,v,20260702-101218,phase_detection,annealing_T=75_h=5,v,20260521-080451,20260702-101218,3.1903918254660115,False
4,193.66,516.89,194.273,3.74083,23.0,56.46,annealing_T=100_h=25,present,present,8.81,244.0,annealing_T=100_h=25,v,20260702-101218,phase_detection,annealing_T=75_h=5,v,20260521-080451,20260702-101218,3.1903918254660115,False
5,232.52,755.1,5.09734,2.02622,17.0,56.13,annealing_T=100_h=25,absent,disappeared,5.5,95.0,annealing_T=100_h=5,v,20260612-001017,previous_detection,annealing_T=75_h=25,v,20260531-095134,20260702-101218,2.4203305559365185,False
5,232.52,755.1,6.75264,2.11191,19.0,56.24,annealing_T=100_h=25,absent,disappeared,5.5,95.0,annealing_T=100_h=5,v,20260612-001017,previous_detection,annealing_T=75_h=25,v,20260531-095134,20260702-101218,2.4203305559365185,False
5,232.52,755.1,14.1746,2.09141,21.0,56.35,annealing_T=100_h=25,absent,disappeared,5.5,95.0,annealing_T=100_h=5,v,20260612-001017,previous_detection,annealing_T=75_h=25,v,20260531-095134,20260702-101218,2.4203305559365185,False
5,232.52,755.1,15.1346,2.00967,23.0,56.46,annealing_T=100_h=25,absent,disappeared,5.5,95.0,annealing_T=100_h=5,v,20260612-001017,previous_detection,annealing_T=75_h=25,v,20260531-095134,20260702-101218,2.4203305559365185,False
6,237.18,240.71,371.872,5.14452,17.0,56.13,annealing_T=100_h=25,present,present,11.48,414.0,annealing_T=100_h=25,v,20260702-101218,phase_detection,annealing_T=75_h=5,v,20260521-080451,20260702-101218,3.460924731917737,False
6,237.18,240.71,425.72,5.47807,19.0,56.24,annealing_T=100_h=25,present,present,11.48,414.0,annealing_T=100_h=25,v,20260702-101218,phase_detection,annealing_T=75_h=5,v,20260521-080451,20260702-101218,3.460924731917737,False
6,237.18,240.71,427.313,5.37174,21.0,56.35,annealing_T=100_h=25,present,present,11.48,414.0,annealing_T=100_h=25,v,20260702-101218,phase_detection,annealing_T=75_h=5,v,20260521-080451,20260702-101218,3.460924731917737,False
6,237.18,240.71,466.995,5.17118,23.0,56.46,annealing_T=100_h=25,present,present,11.48,414.0,annealing_T=100_h=25,v,20260702-101218,phase_detection,annealing_T=75_h=5,v,20260521-080451,20260702-101218,3.460924731917737,False
7,253.76,348.17,658.827,7.81819,17.0,56.13,annealing_T=100_h=25,present,present,10.85,370.0,annealing_T=100_h=25,v,20260702-101218,phase_detection,annealing_T=100_h=25,v,20260702-101218,20260702-101218,3.171277345171775,False
7,253.76,348.17,469.518,6.35797,19.0,56.24,annealing_T=100_h=25,present,present,10.85,370.0,annealing_T=100_h=25,v,20260702-101218,phase_detection,annealing_T=100_h=25,v,20260702-101218,20260702-101218,3.171277345171775,False
7,253.76,348.17,724.871,8.57044,21.0,56.35,annealing_T=100_h=25,present,present,10.85,370.0,annealing_T=100_h=25,v,20260702-101218,phase_detection,annealing_T=100_h=25,v,20260702-101218,20260702-101218,3.171277345171775,False
7,253.76,348.17,740.257,8.84911,23.0,56.46,annealing_T=100_h=25,present,present,10.85,370.0,annealing_T=100_h=25,v,20260702-101218,phase_detection,annealing_T=100_h=25,v,20260702-101218,20260702-101218,3.171277345171775,False
8,357.03,843.52,29.2439,3.38392,17.0,56.13,annealing_T=100_h=25,present,present,8.18,210.0,annealing_T=100_h=25,v,20260702-101218,phase_detection,annealing_T=75_h=5,v,20260521-080451,20260702-101218,3.475701368069507,False
8,357.03,843.52,35.0442,3.56052,19.0,56.24,annealing_T=100_h=25,present,present,8.18,210.0,annealing_T=100_h=25,v,20260702-101218,phase_detection,annealing_T=75_h=5,v,20260521-080451,20260702-101218,3.475701368069507,False
8,357.03,843.52,43.7966,3.55268,21.0,56.35,annealing_T=100_h=25,present,present,8.18,210.0,annealing_T=100_h=25,v,20260702-101218,phase_detection,annealing_T=75_h=5,v,20260521-080451,20260702-101218,3.475701368069507,False
8,357.03,843.52,59.702,3.41077,23.0,56.46,annealing_T=100_h=25,present,present,8.18,210.0,annealing_T=100_h=25,v,20260702-101218,phase_detection,annealing_T=75_h=5,v,20260521-080451,20260702-101218,3.475701368069507,False
9,374.95,368.27,1.96366,2.61205,17.0,56.13,annealing_T=100_h=25,absent,absent,6.18,120.0,annealing_T=75_h=25,v,20260531-095134,previous_detection,annealing_T=75_h=25,v,20260531-095134,20260702-101218,1.6341664541900438,False
9,374.95,368.27,-0.649246,2.55431,19.0,56.24,annealing_T=100_h=25,absent,absent,6.18,120.0,annealing_T=75_h=25,v,20260531-095134,previous_detection,annealing_T=75_h=25,v,20260531-095134,20260702-101218,1.6341664541900438,False
9,374.95,368.27,-0.921615,2.77616,21.0,56.35,annealing_T=100_h=25,absent,absent,6.18,120.0,annealing_T=75_h=25,v,20260531-095134,previous_detection,annealing_T=75_h=25,v,20260531-095134,20260702-101218,1.6341664541900438,False
9,374.95,368.27,3.2471,2.53458,23.0,56.46,annealing_T=100_h=25,absent,absent,6.18,120.0,annealing_T=75_h=25,v,20260531-095134,previous_detection,annealing_T=75_h=25,v,20260531-095134,20260702-101218,1.6341664541900438,False
10,415.83,945.01,74.7514,3.40806,17.0,56.13,annealing_T=100_h=25,present,present,8.18,210.0,annealing_T=100_h=25,v,20260702-101218,phase_detection,annealing_T=100_h=5,v,20260612-001017,20260702-101218,3.7003378224157233,False
10,415.83,945.01,88.166,3.49658,19.0,56.24,annealing_T=100_h=25,present,present,8.18,210.0,annealing_T=100_h=25,v,20260702-101218,phase_detection,annealing_T=100_h=5,v,20260612-001017,20260702-101218,3.7003378224157233,False
10,415.83,945.01,88.8391,3.56702,21.0,56.35,annealing_T=100_h=25,present,present,8.18,210.0,annealing_T=100_h=25,v,20260702-101218,phase_detection,annealing_T=100_h=5,v,20260612-001017,20260702-101218,3.7003378224157233,False
10,415.83,945.01,99.0537,3.42268,23.0,56.46,annealing_T=100_h=25,present,present,8.18,210.0,annealing_T=100_h=25,v,20260702-101218,phase_detection,annealing_T=100_h=5,v,20260612-001017,20260702-101218,3.7003378224157233,False
11,417.56,547.66,6.34928,2.44664,17.0,56.13,annealing_T=100_h=25,absent,disappeared,5.23,86.0,annealing_T=100_h=5,v,20260612-001017,previous_detection,before_annealing,v,20260514-062228,20260702-101218,2.4933912649241483,False
11,417.56,547.66,10.6967,2.5461,19.0,56.24,annealing_T=100_h=25,absent,disappeared,5.23,86.0,annealing_T=100_h=5,v,20260612-001017,previous_detection,before_annealing,v,20260514-062228,20260702-101218,2.4933912649241483,False
11,417.56,547.66,12.4026,2.63105,21.0,56.35,annealing_T=100_h=25,absent,disappeared,5.23,86.0,annealing_T=100_h=5,v,20260612-001017,previous_detection,before_annealing,v,20260514-062228,20260702-101218,2.4933912649241483,False
11,417.56,547.66,12.2616,2.49639,23.0,56.46,annealing_T=100_h=25,absent,disappeared,5.23,86.0,annealing_T=100_h=5,v,20260612-001017,previous_detection,before_annealing,v,20260514-062228,20260702-101218,2.4933912649241483,False
12,425.33,69.48,31.4859,3.18715,17.0,56.13,annealing_T=100_h=25,present,present,7.55,179.0,annealing_T=100_h=25,v,20260702-101218,phase_detection,annealing_T=75_h=5,v,20260521-080451,20260702-101218,3.645490364820623,False
12,425.33,69.48,36.5238,3.24132,19.0,56.24,annealing_T=100_h=25,present,present,7.55,179.0,annealing_T=100_h=25,v,20260702-101218,phase_detection,annealing_T=75_h=5,v,20260521-080451,20260702-101218,3.645490364820623,False
12,425.33,69.48,33.257,3.13333,21.0,56.35,annealing_T=100_h=25,present,present,7.55,179.0,annealing_T=100_h=25,v,20260702-101218,phase_detection,annealing_T=75_h=5,v,20260521-080451,20260702-101218,3.645490364820623,False
12,425.33,69.48,45.9276,3.09226,23.0,56.46,annealing_T=100_h=25,present,present,7.55,179.0,annealing_T=100_h=25,v,20260702-101218,phase_detection,annealing_T=75_h=5,v,20260521-080451,20260702-101218,3.645490364820623,False
13,429.64,483.65,324.077,5.26864,17.0,56.13,annealing_T=100_h=25,present,present,12.28,474.0,annealing_T=100_h=25,v,20260702-101218,phase_detection,before_annealing,v,20260514-062228,20260702-101218,3.3500000000000227,False
13,429.64,483.65,363.685,5.29383,19.0,56.24,annealing_T=100_h=25,present,present,12.28,474.0,annealing_T=100_h=25,v,20260702-101218,phase_detection,before_annealing,v,20260514-062228,20260702-101218,3.3500000000000227,False
13,429.64,483.65,434.08,5.22317,21.0,56.35,annealing_T=100_h=25,present,present,12.28,474.0,annealing_T=100_h=25,v,20260702-101218,phase_detection,before_annealing,v,20260514-062228,20260702-101218,3.3500000000000227,False
13,429.64,483.65,495.986,5.26026,23.0,56.46,annealing_T=100_h=25,present,present,12.28,474.0,annealing_T=100_h=25,v,20260702-101218,phase_detection,before_annealing,v,20260514-062228,20260702-101218,3.3500000000000227,False
14,574.03,119.73,12.2868,1.97156,17.0,56.13,annealing_T=100_h=25,present,present,5.23,86.0,annealing_T=100_h=25,v,20260702-101218,phase_detection,annealing_T=125_h=25,v,20260828-044900,20260702-101218,3.1453139747885275,False
14,574.03,119.73,16.6143,2.09384,19.0,56.24,annealing_T=100_h=25,present,present,5.23,86.0,annealing_T=100_h=25,v,20260702-101218,phase_detection,annealing_T=125_h=25,v,20260828-044900,20260702-101218,3.1453139747885275,False
14,574.03,119.73,19.7136,2.08009,21.0,56.35,annealing_T=100_h=25,present,present,5.23,86.0,annealing_T=100_h=25,v,20260702-101218,phase_detection,annealing_T=125_h=25,v,20260828-044900,20260702-101218,3.1453139747885275,False
14,574.03,119.73,22.3306,2.04317,23.0,56.46,annealing_T=100_h=25,present,present,5.23,86.0,annealing_T=100_h=25,v,20260702-101218,phase_detection,annealing_T=125_h=25,v,20260828-044900,20260702-101218,3.1453139747885275,False
15,596.29,526.31,3.53117,2.04213,17.0,56.13,annealing_T=100_h=25,absent,absent,5.17,84.0,before_annealing,v,20260514-062228,previous_detection,before_annealing,v,20260514-062228,20260702-101218,1.6025292509031215,False
15,596.29,526.31,3.28841,1.9669,19.0,56.24,annealing_T=100_h=25,absent,absent,5.17,84.0,before_annealing,v,20260514-062228,previous_detection,before_annealing,v,20260514-062228,20260702-101218,1.6025292509031215,False
15,596.29,526.31,8.10983,2.02442,21.0,56.35,annealing_T=100_h=25,absent,absent,5.17,84.0,before_annealing,v,20260514-062228,previous_detection,before_annealing,v,20260514-062228,20260702-101218,1.6025292509031215,False
15,596.29,526.31,7.65979,1.87711,23.0,56.46,annealing_T=100_h=25,absent,absent,5.17,84.0,before_annealing,v,20260514-062228,previous_detection,before_annealing,v,20260514-062228,20260702-101218,1.6025292509031215,False
16,610.04,332.52,6.95583,2.24289,17.0,56.13,annealing_T=100_h=25,present,present,4.85,74.0,annealing_T=100_h=25,v,20260702-101218,phase_detection,before_annealing,v,20260514-062228,20260702-101218,3.4657466727965476,False
16,610.04,332.52,12.1226,2.04585,19.0,56.24,annealing_T=100_h=25,present,present,4.85,74.0,annealing_T=100_h=25,v,20260702-101218,phase_detection,before_annealing,v,20260514-062228,20260702-101218,3.4657466727965476,False
16,610.04,332.52,14.7032,2.19266,21.0,56.35,annealing_T=100_h=25,present,present,4.85,74.0,annealing_T=100_h=25,v,20260702-101218,phase_detection,before_annealing,v,20260514-062228,20260702-101218,3.4657466727965476,False
16,610.04,332.52,18.7632,2.06299,23.0,56.46,annealing_T=100_h=25,present,present,4.85,74.0,annealing_T=100_h=25,v,20260702-101218,phase_detection,before_annealing,v,20260514-062228,20260702-101218,3.4657466727965476,False
17,649.65,437.3,31.3753,3.14591,17.0,56.13,annealing_T=100_h=25,present,present,7.98,200.0,annealing_T=100_h=25,v,20260702-101218,phase_detection,before_annealing,v,20260514-062228,20260702-101218,3.074703237712535,False
17,649.65,437.3,38.9434,3.19792,19.0,56.24,annealing_T=100_h=25,present,present,7.98,200.0,annealing_T=100_h=25,v,20260702-101218,phase_detection,before_annealing,v,20260514-062228,20260702-101218,3.074703237712535,False
17,649.65,437.3,50.0476,3.2141,21.0,56.35,annealing_T=100_h=25,present,present,7.98,200.0,annealing_T=100_h=25,v,20260702-101218,phase_detection,before_annealing,v,20260514-062228,20260702-101218,3.074703237712535,False
17,649.65,437.3,65.6455,3.08804,23.0,56.46,annealing_T=100_h=25,present,present,7.98,200.0,annealing_T=100_h=25,v,20260702-101218,phase_detection,before_annealing,v,20260514-062228,20260702-101218,3.074703237712535,False
18,649.65,570.9,357.429,5.71937,17.0,56.13,annealing_T=100_h=25,present,present,14.32,644.0,annealing_T=100_h=25,v,20260702-101218,phase_detection,annealing_T=75_h=5,v,20260521-080451,20260702-101218,3.116424232995261,False
18,649.65,570.9,417.02,5.73155,19.0,56.24,annealing_T=100_h=25,present,present,14.32,644.0,annealing_T=100_h=25,v,20260702-101218,phase_detection,annealing_T=75_h=5,v,20260521-080451,20260702-101218,3.116424232995261,False
18,649.65,570.9,485.946,5.68991,21.0,56.35,annealing_T=100_h=25,present,present,14.32,644.0,annealing_T=100_h=25,v,20260702-101218,phase_detection,annealing_T=75_h=5,v,20260521-080451,20260702-101218,3.116424232995261,False
18,649.65,570.9,586.748,5.63153,23.0,56.46,annealing_T=100_h=25,present,present,14.32,644.0,annealing_T=100_h=25,v,20260702-101218,phase_detection,annealing_T=75_h=5,v,20260521-080451,20260702-101218,3.116424232995261,False
19,660.62,685.41,20.9385,2.47004,17.0,56.13,annealing_T=100_h=25,present,present,6.72,142.0,annealing_T=100_h=25,v,20260702-101218,phase_detection,annealing_T=150_h=5,v,20260909-034512,20260702-101218,3.0266152712229397,False
19,660.62,685.41,28.8063,2.43689,19.0,56.24,annealing_T=100_h=25,present,present,6.72,142.0,annealing_T=100_h=25,v,20260702-101218,phase_detection,annealing_T=150_h=5,v,20260909-034512,20260702-101218,3.0266152712229397,False
19,660.62,685.41,31.4416,2.53158,21.0,56.35,annealing_T=100_h=25,present,present,6.72,142.0,annealing_T=100_h=25,v,20260702-101218,phase_detection,annealing_T=150_h=5,v,20260909-034512,20260702-101218,3.0266152712229397,False
19,660.62,685.41,37.4375,2.4034,23.0,56.46,annealing_T=100_h=25,present,present,6.72,142.0,annealing_T=100_h=25,v,20260702-101218,phase_detection,annealing_T=150_h=5,v,20260909-034512,20260702-101218,3.0266152712229397,False
20,701.21,365.86,1.18689,2.12294,17.0,56.13,annealing_T=100_h=25,absent,absent,4.58,66.0,annealing_T=75_h=5,v,20260521-080451,previous_detection,annealing_T=75_h=5,v,20260521-080451,20260702-101218,0.8993886812719274,False
20,701.21,365.86,-0.124749,2.11507,19.0,56.24,annealing_T=100_h=25,absent,absent,4.58,66.0,annealing_T=75_h=5,v,20260521-080451,previous_detection,annealing_T=75_h=5,v,20260521-080451,20260702-101218,0.8993886812719274,False
20,701.21,365.86,0.846748,2.1147,21.0,56.35,annealing_T=100_h=25,absent,absent,4.58,66.0,annealing_T=75_h=5,v,20260521-080451,previous_detection,annealing_T=75_h=5,v,20260521-080451,20260702-101218,0.8993886812719274,False
20,701.21,365.86,-0.916775,2.04028,23.0,56.46,annealing_T=100_h=25,absent,absent,4.58,66.0,annealing_T=75_h=5,v,20260521-080451,previous_detection,annealing_T=75_h=5,v,20260521-080451,20260702-101218,0.8993886812719274,False
21,738.87,312.7,-0.166035,2.09669,17.0,56.13,annealing_T=100_h=25,absent,absent,3.91,48.0,annealing_T=75_h=25,v,20260531-095134,previous_detection,annealing_T=75_h=5,v,20260521-080451,20260702-101218,1.8380968418448533,False
21,738.87,312.7,2.32271,2.0307,19.0,56.24,annealing_T=100_h=25,absent,absent,3.91,48.0,annealing_T=75_h=25,v,20260531-095134,previous_detection,annealing_T=75_h=5,v,20260521-080451,20260702-101218,1.8380968418448533,False
21,738.87,312.7,-1.02746,2.01092,21.0,56.35,annealing_T=100_h=25,absent,absent,3.91,48.0,annealing_T=75_h=25,v,20260531-095134,previous_detection,annealing_T=75_h=5,v,20260521-080451,20260702-101218,1.8380968418448533,False
21,738.87,312.7,-1.30778,2.07032,23.0,56.46,annealing_T=100_h=25,absent,absent,3.91,48.0,annealing_T=75_h=25,v,20260531-095134,previous_detection,annealing_T=75_h=5,v,20260521-080451,20260702-101218,1.8380968418448533,False
22,808.01,583.97,104.774,3.91652,17.0,56.13,annealing_T=100_h=25,present,present,9.92,309.0,annealing_T=100_h=25,v,20260702-101218,phase_detection,before_annealing,v,20260514-062228,20260702-101218,3.492062427849775,False
22,808.01,583.97,123.326,3.94954,19.0,56.24,annealing_T=100_h=25,present,present,9.92,309.0,annealing_T=100_h=25,v,20260702-101218,phase_detection,before_annealing,v,20260514-062228,20260702-101218,3.492062427849775,False
22,808.01,583.97,141.102,3.89442,21.0,56.35,annealing_T=100_h=25,present,present,9.92,309.0,annealing_T=100_h=25,v,20260702-101218,phase_detection,before_annealing,v,20260514-062228,20260702-101218,3.492062427849775,False
22,808.01,583.97,169.897,3.84911,23.0,56.46,annealing_T=100_h=25,present,present,9.92,309.0,annealing_T=100_h=25,v,20260702-101218,phase_detection,before_annealing,v,20260514-062228,20260702-101218,3.492062427849775,False
23,816.43,312.06,110.744,3.40163,17.0,56.13,annealing_T=100_h=25,present,present,7.98,200.0,annealing_T=100_h=25,v,20260702-101218,phase_detection,annealing_T=100_h=25,v,20260702-101218,20260702-101218,3.2300619189111717,False
23,816.43,312.06,134.254,3.48706,19.0,56.24,annealing_T=100_h=25,present,present,7.98,200.0,annealing_T=100_h=25,v,20260702-101218,phase_detection,annealing_T=100_h=25,v,20260702-101218,20260702-101218,3.2300619189111717,False
23,816.43,312.06,143.458,3.55307,21.0,56.35,annealing_T=100_h=25,present,present,7.98,200.0,annealing_T=100_h=25,v,20260702-101218,phase_detection,annealing_T=100_h=25,v,20260702-101218,20260702-101218,3.2300619189111717,False
23,816.43,312.06,171.872,3.38533,23.0,56.46,annealing_T=100_h=25,present,present,7.98,200.0,annealing_T=100_h=25,v,20260702-101218,phase_detection,annealing_T=100_h=25,v,20260702-101218,20260702-101218,3.2300619189111717,False
24,868.69,1004.01,65.2907,3.92666,17.0,56.13,annealing_T=100_h=25,present,present,9.64,292.0,annealing_T=100_h=25,v,20260702-101218,phase_detection,annealing_T=75_h=5,v,20260521-080451,20260702-101218,3.491733094037983,False
24,868.69,1004.01,69.6963,4.06579,19.0,56.24,annealing_T=100_h=25,present,present,9.64,292.0,annealing_T=100_h=25,v,20260702-101218,phase_detection,annealing_T=75_h=5,v,20260521-080451,20260702-101218,3.491733094037983,False
24,868.69,1004.01,84.6444,3.90047,21.0,56.35,annealing_T=100_h=25,present,present,9.64,292.0,annealing_T=100_h=25,v,20260702-101218,phase_detection,annealing_T=75_h=5,v,20260521-080451,20260702-101218,3.491733094037983,False
24,868.69,1004.01,110.101,3.87958,23.0,56.46,annealing_T=100_h=25,present,present,9.64,292.0,annealing_T=100_h=25,v,20260702-101218,phase_detection,annealing_T=75_h=5,v,20260521-080451,20260702-101218,3.491733094037983,False
25,873.66,563.9,8.60132,1.87789,17.0,56.13,annealing_T=100_h=25,present,present,4.41,61.0,annealing_T=100_h=25,v,20260702-101218,phase_detection,annealing_T=75_h=5,v,20260521-080451,20260702-101218,3.466554485364445,False
25,873.66,563.9,11.3086,1.82604,19.0,56.24,annealing_T=100_h=25,present,present,4.41,61.0,annealing_T=100_h=25,v,20260702-101218,phase_detection,annealing_T=75_h=5,v,20260521-080451,20260702-101218,3.466554485364445,False
25,873.66,563.9,14.5535,1.88677,21.0,56.35,annealing_T=100_h=25,present,present,4.41,61.0,annealing_T=100_h=25,v,20260702-101218,phase_detection,annealing_T=75_h=5,v,20260521-080451,20260702-101218,3.466554485364445,False
25,873.66,563.9,15.8986,1.88083,23.0,56.46,annealing_T=100_h=25,present,present,4.41,61.0,annealing_T=100_h=25,v,20260702-101218,phase_detection,annealing_T=75_h=5,v,20260521-080451,20260702-101218,3.466554485364445,False
26,1006.36,119.67,19.8176,2.48749,17.0,56.13,annealing_T=100_h=25,present,present,5.47,94.0,annealing_T=100_h=25,v,20260702-101218,phase_detection,before_annealing,v,20260514-062228,20260702-101218,3.6274646793594014,False
26,1006.36,119.67,22.4544,2.26701,19.0,56.24,annealing_T=100_h=25,present,present,5.47,94.0,annealing_T=100_h=25,v,20260702-101218,phase_detection,before_annealing,v,20260514-062228,20260702-101218,3.6274646793594014,False
26,1006.36,119.67,32.5011,2.42933,21.0,56.35,annealing_T=100_h=25,present,present,5.47,94.0,annealing_T=100_h=25,v,20260702-101218,phase_detection,before_annealing,v,20260514-062228,20260702-101218,3.6274646793594014,False
26,1006.36,119.67,35.2434,2.23972,23.0,56.46,annealing_T=100_h=25,present,present,5.47,94.0,annealing_T=100_h=25,v,20260702-101218,phase_detection,before_annealing,v,20260514-062228,20260702-101218,3.6274646793594014,False
27,1048.57,954.48,39.6749,4.31447,17.0,56.13,annealing_T=100_h=25,present,present,8.97,253.0,annealing_T=100_h=25,v,20260702-101218,phase_detection,before_annealing,v,20260514-062228,20260702-101218,2.723600558084851,False
27,1048.57,954.48,46.9826,4.2405,19.0,56.24,annealing_T=100_h=25,present,present,8.97,253.0,annealing_T=100_h=25,v,20260702-101218,phase_detection,before_annealing,v,20260514-062228,20260702-101218,2.723600558084851,False
27,1048.57,954.48,66.2316,4.38005,21.0,56.35,annealing_T=100_h=25,present,present,8.97,253.0,annealing_T=100_h=25,v,20260702-101218,phase_detection,before_annealing,v,20260514-062228,20260702-101218,2.723600558084851,False
27,1048.57,954.48,72.3676,4.1708,23.0,56.46,annealing_T=100_h=25,present,present,8.97,253.0,annealing_T=100_h=25,v,20260702-101218,phase_detection,before_annealing,v,20260514-062228,20260702-101218,2.723600558084851,False
28,1051.15,800.84,98.098,2.97878,17.0,56.13,annealing_T=100_h=25,present,present,7.36,170.0,annealing_T=100_h=25,v,20260702-101218,phase_detection,annealing_T=100_h=25,v,20260702-101218,20260702-101218,3.4754711910760245,False
28,1051.15,800.84,122.423,3.13731,19.0,56.24,annealing_T=100_h=25,present,present,7.36,170.0,annealing_T=100_h=25,v,20260702-101218,phase_detection,annealing_T=100_h=25,v,20260702-101218,20260702-101218,3.4754711910760245,False
28,1051.15,800.84,133.255,3.16332,21.0,56.35,annealing_T=100_h=25,present,present,7.36,170.0,annealing_T=100_h=25,v,20260702-101218,phase_detection,annealing_T=100_h=25,v,20260702-101218,20260702-101218,3.4754711910760245,False
28,1051.15,800.84,149.087,3.20398,23.0,56.46,annealing_T=100_h=25,present,present,7.36,170.0,annealing_T=100_h=25,v,20260702-101218,phase_detection,annealing_T=100_h=25,v,20260702-101218,20260702-101218,3.4754711910760245,False
29,1067.88,231.35,18.9156,2.04022,17.0,56.13,annealing_T=100_h=25,present,present,5.2,85.0,annealing_T=100_h=25,v,20260702-101218,phase_detection,annealing_T=100_h=5,v,20260612-001017,20260702-101218,3.1369093069452876,False
29,1067.88,231.35,27.446,2.16894,19.0,56.24,annealing_T=100_h=25,present,present,5.2,85.0,annealing_T=100_h=25,v,20260702-101218,phase_detection,annealing_T=100_h=5,v,20260612-001017,20260702-101218,3.1369093069452876,False
29,1067.88,231.35,31.5626,2.1394,21.0,56.35,annealing_T=100_h=25,present,present,5.2,85.0,annealing_T=100_h=25,v,20260702-101218,phase_detection,annealing_T=100_h=5,v,20260612-001017,20260702-101218,3.1369093069452876,False
29,1067.88,231.35,39.541,2.03682,23.0,56.46,annealing_T=100_h=25,present,present,5.2,85.0,annealing_T=100_h=25,v,20260702-101218,phase_detection,annealing_T=100_h=5,v,20260612-001017,20260702-101218,3.1369093069452876,False
30,1088.27,909.13,0.0333029,3.10722,17.0,56.13,annealing_T=100_h=25,absent,disappeared,7.72,187.0,annealing_T=100_h=5,v,20260612-001017,previous_detection,annealing_T=75_h=25,v,20260531-095134,20260702-101218,1.159525765129859,False
30,1088.27,909.13,4.58942,3.09296,19.0,56.24,annealing_T=100_h=25,absent,disappeared,7.72,187.0,annealing_T=100_h=5,v,20260612-001017,previous_detection,annealing_T=75_h=25,v,20260531-095134,20260702-101218,1.159525765129859,False
30,1088.27,909.13,-1.60025,3.08286,21.0,56.35,annealing_T=100_h=25,absent,disappeared,7.72,187.0,annealing_T=100_h=5,v,20260612-001017,previous_detection,annealing_T=75_h=25,v,20260531-095134,20260702-101218,1.159525765129859,False
30,1088.27,909.13,4.96709,3.11311,23.0,56.46,annealing_T=100_h=25,absent,disappeared,7.72,187.0,annealing_T=100_h=5,v,20260612-001017,previous_detection,annealing_T=75_h=25,v,20260531-095134,20260702-101218,1.159525765129859,False
31,1088.7,684.44,45.9447,2.5577,17.0,56.13,annealing_T=100_h=25,present,present,7.05,156.0,annealing_T=100_h=25,v,20260702-101218,phase_detection,annealing_T=75_h=5,v,20260521-080451,20260702-101218,3.2677362194644695,False
31,1088.7,684.44,63.4618,2.5749,19.0,56.24,annealing_T=100_h=25,present,present,7.05,156.0,annealing_T=100_h=25,v,20260702-101218,phase_detection,annealing_T=75_h=5,v,20260521-080451,20260702-101218,3.2677362194644695,False
31,1088.7,684.44,73.0205,2.592,21.0,56.35,annealing_T=100_h=25,present,present,7.05,156.0,annealing_T=100_h=25,v,20260702-101218,phase_detection,annealing_T=75_h=5,v,20260521-080451,20260702-101218,3.2677362194644695,False
31,1088.7,684.44,86.4183,2.67827,23.0,56.46,annealing_T=100_h=25,present,present,7.05,156.0,annealing_T=100_h=25,v,20260702-101218,phase_detection,annealing_T=75_h=5,v,20260521-080451,20260702-101218,3.2677362194644695,False
32,1149.44,425.79,23.1138,2.34274,17.0,56.13,annealing_T=100_h=25,present,present,6.26,123.0,annealing_T=100_h=25,v,20260702-101218,phase_detection,annealing_T=75_h=5,v,20260521-080451,20260702-101218,3.299606037089911,False
32,1149.44,425.79,29.065,2.31211,19.0,56.24,annealing_T=100_h=25,present,present,6.26,123.0,annealing_T=100_h=25,v,20260702-101218,phase_detection,annealing_T=75_h=5,v,20260521-080451,20260702-101218,3.299606037089911,False
32,1149.44,425.79,32.98,2.31095,21.0,56.35,annealing_T=100_h=25,present,present,6.26,123.0,annealing_T=100_h=25,v,20260702-101218,phase_detection,annealing_T=75_h=5,v,20260521-080451,20260702-101218,3.299606037089911,False
32,1149.44,425.79,46.3583,2.18784,23.0,56.46,annealing_T=100_h=25,present,present,6.26,123.0,annealing_T=100_h=25,v,20260702-101218,phase_detection,annealing_T=75_h=5,v,20260521-080451,20260702-101218,3.299606037089911,False
33,1169.58,236.66,2788.72,7.83974,17.0,56.13,annealing_T=100_h=25,present,present,16.1,814.0,annealing_T=100_h=25,v,20260702-101218,phase_detection,annealing_T=150_h=5,v,20260909-034512,20260702-101218,3.130575027051734,False
33,1169.58,236.66,3115.8,7.67535,19.0,56.24,annealing_T=100_h=25,present,present,16.1,814.0,annealing_T=100_h=25,v,20260702-101218,phase_detection,annealing_T=150_h=5,v,20260909-034512,20260702-101218,3.130575027051734,False
33,1169.58,236.66,3570.51,7.60815,21.0,56.35,annealing_T=100_h=25,present,present,16.1,814.0,annealing_T=100_h=25,v,20260702-101218,phase_detection,annealing_T=150_h=5,v,20260909-034512,20260702-101218,3.130575027051734,False
33,1169.58,236.66,4054.95,7.68104,23.0,56.46,annealing_T=100_h=25,present,present,16.1,814.0,annealing_T=100_h=25,v,20260702-101218,phase_detection,annealing_T=150_h=5,v,20260909-034512,20260702-101218,3.130575027051734,False
34,1179.75,592.95,0.948819,2.07049,17.0,56.13,annealing_T=100_h=25,absent,absent,5.5,95.0,annealing_T=75_h=25,v,20260531-095134,previous_detection,before_annealing,v,20260514-062228,20260702-101218,0.9689685237405182,False
34,1179.75,592.95,3.7736,2.035,19.0,56.24,annealing_T=100_h=25,absent,absent,5.5,95.0,annealing_T=75_h=25,v,20260531-095134,previous_detection,before_annealing,v,20260514-062228,20260702-101218,0.9689685237405182,False
34,1179.75,592.95,0.986091,2.13651,21.0,56.35,annealing_T=100_h=25,absent,absent,5.5,95.0,annealing_T=75_h=25,v,20260531-095134,previous_detection,before_annealing,v,20260514-062228,20260702-101218,0.9689685237405182,False
34,1179.75,592.95,3.57693,2.0698,23.0,56.46,annealing_T=100_h=25,absent,absent,5.5,95.0,annealing_T=75_h=25,v,20260531-095134,previous_detection,before_annealing,v,20260514-062228,20260702-101218,0.9689685237405182,False
35,1227.02,666.98,10.7993,3.96301,17.0,56.13,annealing_T=100_h=25,absent,absent,9.61,290.0,annealing_T=75_h=25,v,20260531-095134,previous_detection,annealing_T=75_h=25,v,20260531-095134,20260702-101218,0.8127115109311344,False
35,1227.02,666.98,15.4324,4.11261,19.0,56.24,annealing_T=100_h=25,absent,absent,9.61,290.0,annealing_T=75_h=25,v,20260531-095134,previous_detection,annealing_T=75_h=25,v,20260531-095134,20260702-101218,0.8127115109311344,False
35,1227.02,666.98,12.9714,4.00275,21.0,56.35,annealing_T=100_h=25,absent,absent,9.61,290.0,annealing_T=75_h=25,v,20260531-095134,previous_detection,annealing_T=75_h=25,v,20260531-095134,20260702-101218,0.8127115109311344,False
35,1227.02,666.98,18.5255,3.97996,23.0,56.46,annealing_T=100_h=25,absent,absent,9.61,290.0,annealing_T=75_h=25,v,20260531-095134,previous_detection,annealing_T=75_h=25,v,20260531-095134,20260702-101218,0.8127115109311344,False
36,1241.61,153.61,7.16159,1.8921,17.0,56.13,annealing_T=100_h=25,absent,disappeared,5.05,80.0,annealing_T=100_h=5,v,20260612-001017,previous_detection,annealing_T=100_h=5,v,20260612-001017,20260702-101218,0.9124143795446881,False
36,1241.61,153.61,18.5301,1.88163,19.0,56.24,annealing_T=100_h=25,absent,disappeared,5.05,80.0,annealing_T=100_h=5,v,20260612-001017,previous_detection,annealing_T=100_h=5,v,20260612-001017,20260702-101218,0.9124143795446881,False
36,1241.61,153.61,20.8788,1.93063,21.0,56.35,annealing_T=100_h=25,absent,disappeared,5.05,80.0,annealing_T=100_h=5,v,20260612-001017,previous_detection,annealing_T=100_h=5,v,20260612-001017,20260702-101218,0.9124143795446881,False
36,1241.61,153.61,27.1059,1.9564,23.0,56.46,annealing_T=100_h=25,absent,disappeared,5.05,80.0,annealing_T=100_h=5,v,20260612-001017,previous_detection,annealing_T=100_h=5,v,20260612-001017,20260702-101218,0.9124143795446881,False
37,1244.34,481.04,102.304,3.65007,17.0,56.13,annealing_T=100_h=25,present,present,9.67,294.0,annealing_T=100_h=25,v,20260702-101218,phase_detection,annealing_T=75_h=5,v,20260521-080451,20260702-101218,3.299484808269279,False
37,1244.34,481.04,118.268,3.70055,19.0,56.24,annealing_T=100_h=25,present,present,9.67,294.0,annealing_T=100_h=25,v,20260702-101218,phase_detection,annealing_T=75_h=5,v,20260521-080451,20260702-101218,3.299484808269279,False
37,1244.34,481.04,156.767,3.61667,21.0,56.35,annealing_T=100_h=25,present,present,9.67,294.0,annealing_T=100_h=25,v,20260702-101218,phase_detection,annealing_T=75_h=5,v,20260521-080451,20260702-101218,3.299484808269279,False
37,1244.34,481.04,187.173,3.67946,23.0,56.46,annealing_T=100_h=25,present,present,9.67,294.0,annealing_T=100_h=25,v,20260702-101218,phase_detection,annealing_T=75_h=5,v,20260521-080451,20260702-101218,3.299484808269279,False
38,1254.75,592.66,19.9134,2.25229,17.0,56.13,annealing_T=100_h=25,present,present,5.7,102.0,annealing_T=100_h=25,v,20260702-101218,phase_detection,before_annealing,v,20260514-062228,20260702-101218,3.1801415062855933,False
38,1254.75,592.66,37.5551,2.34447,19.0,56.24,annealing_T=100_h=25,present,present,5.7,102.0,annealing_T=100_h=25,v,20260702-101218,phase_detection,before_annealing,v,20260514-062228,20260702-101218,3.1801415062855933,False
38,1254.75,592.66,30.0744,2.1451,21.0,56.35,annealing_T=100_h=25,present,present,5.7,102.0,annealing_T=100_h=25,v,20260702-101218,phase_detection,before_annealing,v,20260514-062228,20260702-101218,3.1801415062855933,False
38,1254.75,592.66,43.0307,2.14746,23.0,56.46,annealing_T=100_h=25,present,present,5.7,102.0,annealing_T=100_h=25,v,20260702-101218,phase_detection,before_annealing,v,20260514-062228,20260702-101218,3.1801415062855933,False
39,1255.56,231.78,1.28318,1.9484,17.0,56.13,annealing_T=100_h=25,absent,absent,5.35,90.0,before_annealing,v,20260514-062228,previous_detection,before_annealing,v,20260514-062228,20260702-101218,1.3182184947875277,False
39,1255.56,231.78,3.33742,1.98909,19.0,56.24,annealing_T=100_h=25,absent,absent,5.35,90.0,before_annealing,v,20260514-062228,previous_detection,before_annealing,v,20260514-062228,20260702-101218,1.3182184947875277,False
39,1255.56,231.78,1.23983,1.87776,21.0,56.35,annealing_T=100_h=25,absent,absent,5.35,90.0,before_annealing,v,20260514-062228,previous_detection,before_annealing,v,20260514-062228,20260702-101218,1.3182184947875277,False
39,1255.56,231.78,2.22046,1.91757,23.0,56.46,annealing_T=100_h=25,absent,absent,5.35,90.0,before_annealing,v,20260514-062228,previous_detection,before_annealing,v,20260514-062228,20260702-101218,1.3182184947875277,False
40,1266.79,410.25,16.4843,2.04929,17.0,56.13,annealing_T=100_h=25,present,present,5.26,87.0,annealing_T=100_h=25,v,20260702-101218,phase_detection,before_annealing,v,20260514-062228,20260702-101218,2.8629530209208998,False
40,1266.79,410.25,21.6712,2.09779,19.0,56.24,annealing_T=100_h=25,present,present,5.26,87.0,annealing_T=100_h=25,v,20260702-101218,phase_detection,before_annealing,v,20260514-062228,20260702-101218,2.8629530209208998,False
40,1266.79,410.25,32.2445,2.19074,21.0,56.35,annealing_T=100_h=25,present,present,5.26,87.0,annealing_T=100_h=25,v,20260702-101218,phase_detection,before_annealing,v,20260514-062228,20260702-101218,2.8629530209208998,False
40,1266.79,410.25,34.3669,2.087,23.0,56.46,annealing_T=100_h=25,present,present,5.26,87.0,annealing_T=100_h=25,v,20260702-101218,phase_detection,before_annealing,v,20260514-062228,20260702-101218,2.8629530209208998,False
41,1287.66,873.34,3.47442,2.18115,17.0,56.13,annealing_T=100_h=25,absent,disappeared,5.67,101.0,annealing_T=100_h=5,v,20260612-001017,previous_detection,annealing_T=75_h=25,v,20260531-095134,20260702-101218,0.9100549433962271,False
41,1287.66,873.34,10.5833,2.29908,19.0,56.24,annealing_T=100_h=25,absent,disappeared,5.67,101.0,annealing_T=100_h=5,v,20260612-001017,previous_detection,annealing_T=75_h=25,v,20260531-095134,20260702-101218,0.9100549433962271,False
41,1287.66,873.34,8.76236,2.31475,21.0,56.35,annealing_T=100_h=25,absent,disappeared,5.67,101.0,annealing_T=100_h=5,v,20260612-001017,previous_detection,annealing_T=75_h=25,v,20260531-095134,20260702-101218,0.9100549433962271,False
41,1287.66,873.34,13.1343,2.19513,23.0,56.46,annealing_T=100_h=25,absent,disappeared,5.67,101.0,annealing_T=100_h=5,v,20260612-001017,previous_detection,annealing_T=75_h=25,v,20260531-095134,20260702-101218,0.9100549433962271,False
42,1292.86,317.52,44.7319,4.82402,17.0,56.13,annealing_T=100_h=25,present,present,6.23,122.0,annealing_T=100_h=25,v,20260702-101218,phase_detection,annealing_T=100_h=5,v,20260612-001017,20260702-101218,3.124099870362659,False
42,1292.86,317.52,54.1113,7.18722,19.0,56.24,annealing_T=100_h=25,present,present,6.23,122.0,annealing_T=100_h=25,v,20260702-101218,phase_detection,annealing_T=100_h=5,v,20260612-001017,20260702-101218,3.124099870362659,False
42,1292.86,317.52,60.5585,5.87618,21.0,56.35,annealing_T=100_h=25,present,present,6.23,122.0,annealing_T=100_h=25,v,20260702-101218,phase_detection,annealing_T=100_h=5,v,20260612-001017,20260702-101218,3.124099870362659,False
42,1292.86,317.52,68.6376,7.45666,23.0,56.46,annealing_T=100_h=25,present,present,6.23,122.0,annealing_T=100_h=25,v,20260702-101218,phase_detection,annealing_T=100_h=5,v,20260612-001017,20260702-101218,3.124099870362659,False
43,1320.71,70.76,13.0087,2.54195,17.0,56.13,annealing_T=100_h=25,present,present,5.38,91.0,annealing_T=100_h=25,v,20260702-101218,phase_detection,before_annealing,v,20260514-062228,20260702-101218,3.6302203789852707,False
43,1320.71,70.76,16.969,2.55091,19.0,56.24,annealing_T=100_h=25,present,present,5.38,91.0,annealing_T=100_h=25,v,20260702-101218,phase_detection,before_annealing,v,20260514-062228,20260702-101218,3.6302203789852707,False
43,1320.71,70.76,19.5233,2.45405,21.0,56.35,annealing_T=100_h=25,present,present,5.38,91.0,annealing_T=100_h=25,v,20260702-101218,phase_detection,before_annealing,v,20260514-062228,20260702-101218,3.6302203789852707,False
43,1320.71,70.76,28.2098,2.56069,23.0,56.46,annealing_T=100_h=25,present,present,5.38,91.0,annealing_T=100_h=25,v,20260702-101218,phase_detection,before_annealing,v,20260514-062228,20260702-101218,3.6302203789852707,False
44,1322.37,529.17,1.49122,1.79621,17.0,56.13,annealing_T=100_h=25,absent,absent,5.08,81.0,annealing_T=75_h=25,v,20260531-095134,previous_detection,annealing_T=75_h=25,v,20260531-095134,20260702-101218,0.4830113870292984,False
44,1322.37,529.17,2.06564,1.78342,19.0,56.24,annealing_T=100_h=25,absent,absent,5.08,81.0,annealing_T=75_h=25,v,20260531-095134,previous_detection,annealing_T=75_h=25,v,20260531-095134,20260702-101218,0.4830113870292984,False
44,1322.37,529.17,0.820224,1.74276,21.0,56.35,annealing_T=100_h=25,absent,absent,5.08,81.0,annealing_T=75_h=25,v,20260531-095134,previous_detection,annealing_T=75_h=25,v,20260531-095134,20260702-101218,0.4830113870292984,False
44,1322.37,529.17,-0.514126,1.78581,23.0,56.46,annealing_T=100_h=25,absent,absent,5.08,81.0,annealing_T=75_h=25,v,20260531-095134,previous_detection,annealing_T=75_h=25,v,20260531-095134,20260702-101218,0.4830113870292984,False
45,1372.21,808.12,49.3575,3.23647,17.0,56.13,annealing_T=100_h=25,present,present,8.74,240.0,annealing_T=100_h=25,v,20260702-101218,phase_detection,before_annealing,v,20260514-062228,20260702-101218,3.0678983033991982,False
45,1372.21,808.12,60.6681,3.22529,19.0,56.24,annealing_T=100_h=25,present,present,8.74,240.0,annealing_T=100_h=25,v,20260702-101218,phase_detection,before_annealing,v,20260514-062228,20260702-101218,3.0678983033991982,False
45,1372.21,808.12,77.5925,3.17679,21.0,56.35,annealing_T=100_h=25,present,present,8.74,240.0,annealing_T=100_h=25,v,20260702-101218,phase_detection,before_annealing,v,20260514-062228,20260702-101218,3.0678983033991982,False
45,1372.21,808.12,89.8361,3.21907,23.0,56.46,annealing_T=100_h=25,present,present,8.74,240.0,annealing_T=100_h=25,v,20260702-101218,phase_detection,before_annealing,v,20260514-062228,20260702-101218,3.0678983033991982,False
46,1375.56,909.49,128.811,3.7164,17.0,56.13,annealing_T=100_h=25,present,present,7.86,194.0,annealing_T=100_h=25,v,20260702-101218,phase_detection,annealing_T=75_h=5,v,20260521-080451,20260702-101218,3.4733269353747294,False
46,1375.56,909.49,47.4973,3.56007,19.0,56.24,annealing_T=100_h=25,present,present,7.86,194.0,annealing_T=100_h=25,v,20260702-101218,phase_detection,annealing_T=75_h=5,v,20260521-080451,20260702-101218,3.4733269353747294,False
46,1375.56,909.49,59.3063,3.64195,21.0,56.35,annealing_T=100_h=25,present,present,7.86,194.0,annealing_T=100_h=25,v,20260702-101218,phase_detection,annealing_T=75_h=5,v,20260521-080451,20260702-101218,3.4733269353747294,False
46,1375.56,909.49,68.1387,3.66465,23.0,56.46,annealing_T=100_h=25,present,present,7.86,194.0,annealing_T=100_h=25,v,20260702-101218,phase_detection,annealing_T=75_h=5,v,20260521-080451,20260702-101218,3.4733269353747294,False
47,1464.35,944.79,2.06914,3.60572,17.0,56.13,annealing_T=100_h=25,absent,disappeared,5.97,112.0,annealing_T=100_h=5,v,20260612-001017,previous_detection,annealing_T=75_h=25,v,20260531-095134,20260702-101218,1.289961239727864,False
47,1464.35,944.79,5.73884,2.66539,19.0,56.24,annealing_T=100_h=25,absent,disappeared,5.97,112.0,annealing_T=100_h=5,v,20260612-001017,previous_detection,annealing_T=75_h=25,v,20260531-095134,20260702-101218,1.289961239727864,False
47,1464.35,944.79,4.33543,3.28235,21.0,56.35,annealing_T=100_h=25,absent,disappeared,5.97,112.0,annealing_T=100_h=5,v,20260612-001017,previous_detection,annealing_T=75_h=25,v,20260531-095134,20260702-101218,1.289961239727864,False
47,1464.35,944.79,7.82993,3.18927,23.0,56.46,annealing_T=100_h=25,absent,disappeared,5.97,112.0,annealing_T=100_h=5,v,20260612-001017,previous_detection,annealing_T=75_h=25,v,20260531-095134,20260702-101218,1.289961239727864,False
48,1496.66,505.03,453.264,5.05743,17.0,56.13,annealing_T=100_h=25,present,present,12.23,470.0,annealing_T=100_h=25,v,20260702-101218,phase_detection,annealing_T=75_h=5,v,20260521-080451,20260702-101218,3.2633878102364666,False
48,1496.66,505.03,494.62,5.10452,19.0,56.24,annealing_T=100_h=25,present,present,12.23,470.0,annealing_T=100_h=25,v,20260702-101218,phase_detection,annealing_T=75_h=5,v,20260521-080451,20260702-101218,3.2633878102364666,False
48,1496.66,505.03,565.937,5.00669,21.0,56.35,annealing_T=100_h=25,present,present,12.23,470.0,annealing_T=100_h=25,v,20260702-101218,phase_detection,annealing_T=75_h=5,v,20260521-080451,20260702-101218,3.2633878102364666,False
48,1496.66,505.03,635.285,4.96067,23.0,56.46,annealing_T=100_h=25,present,present,12.23,470.0,annealing_T=100_h=25,v,20260702-101218,phase_detection,annealing_T=75_h=5,v,20260521-080451,20260702-101218,3.2633878102364666,False
49,1502.75,861.11,15.5157,2.8802,17.0,56.13,annealing_T=100_h=25,present,present,7.8,191.0,annealing_T=100_h=25,v,20260702-101218,phase_detection,before_annealing,v,20260514-062228,20260702-101218,2.81044480465276,False
49,1502.75,861.11,16.9957,3.01871,19.0,56.24,annealing_T=100_h=25,present,present,7.8,191.0,annealing_T=100_h=25,v,20260702-101218,phase_detection,before_annealing,v,20260514-062228,20260702-101218,2.81044480465276,False
49,1502.75,861.11,22.2222,2.91261,21.0,56.35,annealing_T=100_h=25,present,present,7.8,191.0,annealing_T=100_h=25,v,20260702-101218,phase_detection,before_annealing,v,20260514-062228,20260702-101218,2.81044480465276,False
49,1502.75,861.11,25.2391,2.8959,23.0,56.46,annealing_T=100_h=25,present,present,7.8,191.0,annealing_T=100_h=25,v,20260702-101218,phase_detection,before_annealing,v,20260514-062228,20260702-101218,2.81044480465276,False
50,1536.53,402.86,20.3133,2.64841,17.0,56.13,annealing_T=100_h=25,present,present,6.08,116.0,annealing_T=100_h=25,v,20260702-101218,phase_detection,before_annealing,v,20260514-062228,20260702-101218,2.9228924030829,False
50,1536.53,402.86,30.0557,2.7051,19.0,56.24,annealing_T=100_h=25,present,present,6.08,116.0,annealing_T=100_h=25,v,20260702-101218,phase_detection,before_annealing,v,20260514-062228,20260702-101218,2.9228924030829,False
50,1536.53,402.86,31.4653,2.72684,21.0,56.35,annealing_T=100_h=25,present,present,6.08,116.0,annealing_T=100_h=25,v,20260702-101218,phase_detection,before_annealing,v,20260514-062228,20260702-101218,2.9228924030829,False
50,1536.53,402.86,41.8193,2.66641,23.0,56.46,annealing_T=100_h=25,present,present,6.08,116.0,annealing_T=100_h=25,v,20260702-101218,phase_detection,before_annealing,v,20260514-062228,20260702-101218,2.9228924030829,False
51,1585.49,810.8,2.8916,1.9884,17.0,56.13,annealing_T=100_h=25,absent,absent,4.65,68.0,annealing_T=75_h=5,v,20260521-080451,previous_detection,before_annealing,v,20260514-062228,20260702-101218,1.0688779163215125,False
51,1585.49,810.8,3.33608,2.00175,19.0,56.24,annealing_T=100_h=25,absent,absent,4.65,68.0,annealing_T=75_h=5,v,20260521-080451,previous_detection,before_annealing,v,20260514-062228,20260702-101218,1.0688779163215125,False
51,1585.49,810.8,5.12193,1.81689,21.0,56.35,annealing_T=100_h=25,absent,absent,4.65,68.0,annealing_T=75_h=5,v,20260521-080451,previous_detection,before_annealing,v,20260514-062228,20260702-101218,1.0688779163215125,False
51,1585.49,810.8,4.92701,1.88466,23.0,56.46,annealing_T=100_h=25,absent,absent,4.65,68.0,annealing_T=75_h=5,v,20260521-080451,previous_detection,before_annealing,v,20260514-062228,20260702-101218,1.0688779163215125,False
52,1597.57,318.48,6.15194,1.50751,17.0,56.13,annealing_T=100_h=25,present,reappeared,4.03,51.0,annealing_T=100_h=25,v,20260702-101218,phase_detection,annealing_T=100_h=25,v,20260702-101218,20260702-101218,2.7348491731720737,False
52,1597.57,318.48,12.2101,1.42772,19.0,56.24,annealing_T=100_h=25,present,reappeared,4.03,51.0,annealing_T=100_h=25,v,20260702-101218,phase_detection,annealing_T=100_h=25,v,20260702-101218,20260702-101218,2.7348491731720737,False
52,1597.57,318.48,15.2801,1.41655,21.0,56.35,annealing_T=100_h=25,present,reappeared,4.03,51.0,annealing_T=100_h=25,v,20260702-101218,phase_detection,annealing_T=100_h=25,v,20260702-101218,20260702-101218,2.7348491731720737,False
52,1597.57,318.48,18.5025,1.43141,23.0,56.46,annealing_T=100_h=25,present,reappeared,4.03,51.0,annealing_T=100_h=25,v,20260702-101218,phase_detection,annealing_T=100_h=25,v,20260702-101218,20260702-101218,2.7348491731720737,False
53,1653.21,626.24,15.5543,2.26923,17.0,56.13,annealing_T=100_h=25,present,present,5.64,100.0,annealing_T=100_h=25,v,20260702-101218,phase_detection,annealing_T=75_h=25,v,20260531-095134,20260702-101218,3.331501163139569,False
53,1653.21,626.24,20.9569,2.38956,19.0,56.24,annealing_T=100_h=25,present,present,5.64,100.0,annealing_T=100_h=25,v,20260702-101218,phase_detection,annealing_T=75_h=25,v,20260531-095134,20260702-101218,3.331501163139569,False
53,1653.21,626.24,28.7628,2.26067,21.0,56.35,annealing_T=100_h=25,present,present,5.64,100.0,annealing_T=100_h=25,v,20260702-101218,phase_detection,annealing_T=75_h=25,v,20260531-095134,20260702-101218,3.331501163139569,False
53,1653.21,626.24,31.408,2.24914,23.0,56.46,annealing_T=100_h=25,present,present,5.64,100.0,annealing_T=100_h=25,v,20260702-101218,phase_detection,annealing_T=75_h=25,v,20260531-095134,20260702-101218,3.331501163139569,False
54,1732.64,719.85,2085.99,8.1122,17.0,56.13,annealing_T=100_h=25,present,present,17.5,962.0,annealing_T=100_h=25,v,20260702-101218,phase_detection,annealing_T=75_h=25,v,20260531-095134,20260702-101218,3.1251879943452954,False
54,1732.64,719.85,2345.06,7.6675,19.0,56.24,annealing_T=100_h=25,present,present,17.5,962.0,annealing_T=100_h=25,v,20260702-101218,phase_detection,annealing_T=75_h=25,v,20260531-095134,20260702-101218,3.1251879943452954,False
54,1732.64,719.85,2584.62,7.85713,21.0,56.35,annealing_T=100_h=25,present,present,17.5,962.0,annealing_T=100_h=25,v,20260702-101218,phase_detection,annealing_T=75_h=25,v,20260531-095134,20260702-101218,3.1251879943452954,False
54,1732.64,719.85,2912.6,7.78655,23.0,56.46,annealing_T=100_h=25,present,present,17.5,962.0,annealing_T=100_h=25,v,20260702-101218,phase_detection,annealing_T=75_h=25,v,20260531-095134,20260702-101218,3.1251879943452954,False
55,1772.16,479.02,38.6857,3.97714,17.0,56.13,annealing_T=100_h=25,absent,absent,10.2,327.0,annealing_T=75_h=25,v,20260531-095134,previous_detection,annealing_T=75_h=5,v,20260521-080451,20260702-101218,0.3982461550347551,False
55,1772.16,479.02,47.1363,4.08349,19.0,56.24,annealing_T=100_h=25,absent,absent,10.2,327.0,annealing_T=75_h=25,v,20260531-095134,previous_detection,annealing_T=75_h=5,v,20260521-080451,20260702-101218,0.3982461550347551,False
55,1772.16,479.02,73.502,4.07823,21.0,56.35,annealing_T=100_h=25,absent,absent,10.2,327.0,annealing_T=75_h=25,v,20260531-095134,previous_detection,annealing_T=75_h=5,v,20260521-080451,20260702-101218,0.3982461550347551,False
55,1772.16,479.02,62.72,3.85564,23.0,56.46,annealing_T=100_h=25,absent,absent,10.2,327.0,annealing_T=75_h=25,v,20260531-095134,previous_detection,annealing_T=75_h=5,v,20260521-080451,20260702-101218,0.3982461550347551,False
56,1782.46,552.82,108.335,3.64719,17.0,56.13,annealing_T=100_h=25,present,present,8.76,241.0,annealing_T=100_h=25,v,20260702-101218,phase_detection,before_annealing,v,20260514-062228,20260702-101218,3.2330326320653526,False
56,1782.46,552.82,128.717,3.68497,19.0,56.24,annealing_T=100_h=25,present,present,8.76,241.0,annealing_T=100_h=25,v,20260702-101218,phase_detection,before_annealing,v,20260514-062228,20260702-101218,3.2330326320653526,False
56,1782.46,552.82,167.089,3.71036,21.0,56.35,annealing_T=100_h=25,present,present,8.76,241.0,annealing_T=100_h=25,v,20260702-101218,phase_detection,before_annealing,v,20260514-062228,20260702-101218,3.2330326320653526,False
56,1782.46,552.82,183.36,3.64152,23.0,56.46,annealing_T=100_h=25,present,present,8.76,241.0,annealing_T=100_h=25,v,20260702-101218,phase_detection,before_annealing,v,20260514-062228,20260702-101218,3.2330326320653526,False
57,1820.79,354.08,232.887,4.29623,17.0,56.13,annealing_T=100_h=25,present,present,10.05,317.0,annealing_T=100_h=25,v,20260702-101218,phase_detection,annealing_T=75_h=5,v,20260521-080451,20260702-101218,3.2512459150301174,False
57,1820.79,354.08,271.606,4.38069,19.0,56.24,annealing_T=100_h=25,present,present,10.05,317.0,annealing_T=100_h=25,v,20260702-101218,phase_detection,annealing_T=75_h=5,v,20260521-080451,20260702-101218,3.2512459150301174,False
57,1820.79,354.08,313.877,4.11809,21.0,56.35,annealing_T=100_h=25,present,present,10.05,317.0,annealing_T=100_h=25,v,20260702-101218,phase_detection,annealing_T=75_h=5,v,20260521-080451,20260702-101218,3.2512459150301174,False
57,1820.79,354.08,371.297,4.21889,23.0,56.46,annealing_T=100_h=25,present,present,10.05,317.0,annealing_T=100_h=25,v,20260702-101218,phase_detection,annealing_T=75_h=5,v,20260521-080451,20260702-101218,3.2512459150301174,False
58,1821.7,994.02,39.0953,3.09049,17.0,56.13,annealing_T=100_h=25,absent,disappeared,6.51,133.0,annealing_T=100_h=5,v,20260612-001017,previous_detection,before_annealing,v,20260514-062228,20260702-101218,0.5263078946776488,False
58,1821.7,994.02,7.63857,2.6294,19.0,56.24,annealing_T=100_h=25,absent,disappeared,6.51,133.0,annealing_T=100_h=5,v,20260612-001017,previous_detection,before_annealing,v,20260514-062228,20260702-101218,0.5263078946776488,False
58,1821.7,994.02,12.1855,2.64635,21.0,56.35,annealing_T=100_h=25,absent,disappeared,6.51,133.0,annealing_T=100_h=5,v,20260612-001017,previous_detection,before_annealing,v,20260514-062228,20260702-101218,0.5263078946776488,False
58,1821.7,994.02,17.1336,2.68889,23.0,56.46,annealing_T=100_h=25,absent,disappeared,6.51,133.0,annealing_T=100_h=5,v,20260612-001017,previous_detection,before_annealing,v,20260514-062228,20260702-101218,0.5263078946776488,False
59,1851.28,555.37,588.472,5.29873,17.0,56.13,annealing_T=100_h=25,present,present,11.37,406.0,annealing_T=100_h=25,v,20260702-101218,phase_detection,annealing_T=75_h=25,v,20260531-095134,20260702-101218,2.8999999999999857,False
59,1851.28,555.37,653.784,5.30533,19.0,56.24,annealing_T=100_h=25,present,present,11.37,406.0,annealing_T=100_h=25,v,20260702-101218,phase_detection,annealing_T=75_h=25,v,20260531-095134,20260702-101218,2.8999999999999857,False
59,1851.28,555.37,765.71,5.4404,21.0,56.35,annealing_T=100_h=25,present,present,11.37,406.0,annealing_T=100_h=25,v,20260702-101218,phase_detection,annealing_T=75_h=25,v,20260531-095134,20260702-101218,2.8999999999999857,False
59,1851.28,555.37,854.548,5.28133,23.0,56.46,annealing_T=100_h=25,present,present,11.37,406.0,annealing_T=100_h=25,v,20260702-101218,phase_detection,annealing_T=75_h=25,v,20260531-095134,20260702-101218,2.8999999999999857,False
60,1655.66,493.29,3.68136,1.30728,17.0,56.13,annealing_T=100_h=25,absent,disappeared,3.61,41.0,annealing_T=100_h=5,v,20260612-001017,previous_detection,annealing_T=75_h=25,v,20260531-095134,20260702-101218,0.7655716818169878,False
60,1655.66,493.29,7.83869,1.47444,19.0,56.24,annealing_T=100_h=25,absent,disappeared,3.61,41.0,annealing_T=100_h=5,v,20260612-001017,previous_detection,annealing_T=75_h=25,v,20260531-095134,20260702-101218,0.7655716818169878,False
60,1655.66,493.29,9.10498,1.2522,21.0,56.35,annealing_T=100_h=25,absent,disappeared,3.61,41.0,annealing_T=100_h=5,v,20260612-001017,previous_detection,annealing_T=75_h=25,v,20260531-095134,20260702-101218,0.7655716818169878,False
60,1655.66,493.29,10.1455,1.32666,23.0,56.46,annealing_T=100_h=25,absent,disappeared,3.61,41.0,annealing_T=100_h=5,v,20260612-001017,previous_detection,annealing_T=75_h=25,v,20260531-095134,20260702-101218,0.7655716818169878,False
61,455.82,764.39,14.8943,2.27084,17.0,56.13,annealing_T=100_h=25,present,appeared,5.32,89.0,annealing_T=100_h=25,v,20260702-101218,phase_detection,annealing_T=150_h=25,v,20260917-041113,20260702-101218,2.522538404068403,False
61,455.82,764.39,15.8682,2.25708,19.0,56.24,annealing_T=100_h=25,present,appeared,5.32,89.0,annealing_T=100_h=25,v,20260702-101218,phase_detection,annealing_T=150_h=25,v,20260917-041113,20260702-101218,2.522538404068403,False
61,455.82,764.39,23.9682,2.29595,21.0,56.35,annealing_T=100_h=25,present,appeared,5.32,89.0,annealing_T=100_h=25,v,20260702-101218,phase_detection,annealing_T=150_h=25,v,20260917-041113,20260702-101218,2.522538404068403,False
61,455.82,764.39,27.3454,2.19902,23.0,56.46,annealing_T=100_h=25,present,appeared,5.32,89.0,annealing_T=100_h=25,v,20260702-101218,phase_detection,annealing_T=150_h=25,v,20260917-041113,20260702-101218,2.522538404068403,False
62,514.75,879.34,156.265,7.00704,17.0,56.13,annealing_T=100_h=25,present,present,12.85,519.0,annealing_T=100_h=25,v,20260702-101218,phase_detection,annealing_T=75_h=25,v,20260531-095134,20260702-101218,2.4532631330535715,False
62,514.75,879.34,183.539,7.08431,19.0,56.24,annealing_T=100_h=25,present,present,12.85,519.0,annealing_T=100_h=25,v,20260702-101218,phase_detection,annealing_T=75_h=25,v,20260531-095134,20260702-101218,2.4532631330535715,False
62,514.75,879.34,225.594,7.57861,21.0,56.35,annealing_T=100_h=25,present,present,12.85,519.0,annealing_T=100_h=25,v,20260702-101218,phase_detection,annealing_T=75_h=25,v,20260531-095134,20260702-101218,2.4532631330535715,False
62,514.75,879.34,265.969,6.44081,23.0,56.46,annealing_T=100_h=25,present,present,12.85,519.0,annealing_T=100_h=25,v,20260702-101218,phase_detection,annealing_T=75_h=25,v,20260531-095134,20260702-101218,2.4532631330535715,False
63,899.72,255.91,1.78112,1.25808,17.0,56.13,annealing_T=100_h=25,absent,absent,3.78,45.0,annealing_T=75_h=25,v,20260531-095134,previous_detection,annealing_T=75_h=25,v,20260531-095134,20260702-101218,0.8105553651663864,False
63,899.72,255.91,2.99528,1.29851,19.0,56.24,annealing_T=100_h=25,absent,absent,3.78,45.0,annealing_T=75_h=25,v,20260531-095134,previous_detection,annealing_T=75_h=25,v,20260531-095134,20260702-101218,0.8105553651663864,False
63,899.72,255.91,5.75452,1.26976,21.0,56.35,annealing_T=100_h=25,absent,absent,3.78,45.0,annealing_T=75_h=25,v,20260531-095134,previous_detection,annealing_T=75_h=25,v,20260531-095134,20260702-101218,0.8105553651663864,False
63,899.72,255.91,5.3334,1.31324,23.0,56.46,annealing_T=100_h=25,absent,absent,3.78,45.0,annealing_T=75_h=25,v,20260531-095134,previous_detection,annealing_T=75_h=25,v,20260531-095134,20260702-101218,0.8105553651663864,False
64,908.04,728.57,177.685,4.39368,17.0,56.13,annealing_T=100_h=25,present,present,10.16,324.0,annealing_T=100_h=25,v,20260702-101218,phase_detection,annealing_T=75_h=25,v,20260531-095134,20260702-101218,2.6103064954138455,False
64,908.04,728.57,211.446,4.60706,19.0,56.24,annealing_T=100_h=25,present,present,10.16,324.0,annealing_T=100_h=25,v,20260702-101218,phase_detection,annealing_T=75_h=25,v,20260531-095134,20260702-101218,2.6103064954138455,False
64,908.04,728.57,238.492,4.5422,21.0,56.35,annealing_T=100_h=25,present,present,10.16,324.0,annealing_T=100_h=25,v,20260702-101218,phase_detection,annealing_T=75_h=25,v,20260531-095134,20260702-101218,2.6103064954138455,False
64,908.04,728.57,278.707,4.38644,23.0,56.46,annealing_T=100_h=25,present,present,10.16,324.0,annealing_T=100_h=25,v,20260702-101218,phase_detection,annealing_T=75_h=25,v,20260531-095134,20260702-101218,2.6103064954138455,False
65,1176.46,926.55,16.3211,2.14864,17.0,56.13,annealing_T=100_h=25,present,present,6.02,114.0,annealing_T=100_h=25,v,20260702-101218,phase_detection,annealing_T=75_h=5,v,20260521-080451,20260702-101218,2.588628980754141,False
65,1176.46,926.55,18.8305,2.17251,19.0,56.24,annealing_T=100_h=25,present,present,6.02,114.0,annealing_T=100_h=25,v,20260702-101218,phase_detection,annealing_T=75_h=5,v,20260521-080451,20260702-101218,2.588628980754141,False
65,1176.46,926.55,29.5506,2.31458,21.0,56.35,annealing_T=100_h=25,present,present,6.02,114.0,annealing_T=100_h=25,v,20260702-101218,phase_detection,annealing_T=75_h=5,v,20260521-080451,20260702-101218,2.588628980754141,False
65,1176.46,926.55,34.6027,2.19082,23.0,56.46,annealing_T=100_h=25,present,present,6.02,114.0,annealing_T=100_h=25,v,20260702-101218,phase_detection,annealing_T=75_h=5,v,20260521-080451,20260702-101218,2.588628980754141,False
66,586.57,492.42,10.5647,1.60237,17.0,56.13,annealing_T=100_h=25,present,present,4.15,54.0,annealing_T=100_h=25,v,20260702-101218,phase_detection,annealing_T=100_h=5,v,20260612-001017,20260702-101218,1.8376343488300506,False
66,586.57,492.42,14.4363,1.65535,19.0,56.24,annealing_T=100_h=25,present,present,4.15,54.0,annealing_T=100_h=25,v,20260702-101218,phase_detection,annealing_T=100_h=5,v,20260612-001017,20260702-101218,1.8376343488300506,False
66,586.57,492.42,16.137,1.69969,21.0,56.35,annealing_T=100_h=25,present,present,4.15,54.0,annealing_T=100_h=25,v,20260702-101218,phase_detection,annealing_T=100_h=5,v,20260612-001017,20260702-101218,1.8376343488300506,False
66,586.57,492.42,17.5478,1.71949,23.0,56.46,annealing_T=100_h=25,present,present,4.15,54.0,annealing_T=100_h=25,v,20260702-101218,phase_detection,annealing_T=100_h=5,v,20260612-001017,20260702-101218,1.8376343488300506,False
67,1617.56,985.1,332.684,4.7884,17.0,56.13,annealing_T=100_h=25,present,present,10.59,352.0,annealing_T=100_h=25,v,20260702-101218,phase_detection,annealing_T=75_h=25,v,20260531-095134,20260702-101218,2.647810416174121,False
67,1617.56,985.1,383.97,4.65379,19.0,56.24,annealing_T=100_h=25,present,present,10.59,352.0,annealing_T=100_h=25,v,20260702-101218,phase_detection,annealing_T=75_h=25,v,20260531-095134,20260702-101218,2.647810416174121,False
67,1617.56,985.1,444.033,4.65831,21.0,56.35,annealing_T=100_h=25,present,present,10.59,352.0,annealing_T=100_h=25,v,20260702-101218,phase_detection,annealing_T=75_h=25,v,20260531-095134,20260702-101218,2.647810416174121,False
67,1617.56,985.1,505.443,4.69448,23.0,56.46,annealing_T=100_h=25,present,present,10.59,352.0,annealing_T=100_h=25,v,20260702-101218,phase_detection,annealing_T=75_h=25,v,20260531-095134,20260702-101218,2.647810416174121,False
68,261.71,492.23,7.13522,1.45761,17.0,56.13,annealing_T=100_h=25,present,present,3.83,46.0,annealing_T=100_h=25,v,20260702-101218,phase_detection,annealing_T=100_h=5,v,20260612-001017,20260702-101218,1.8534832073692893,False
68,261.71,492.23,9.57385,1.40266,19.0,56.24,annealing_T=100_h=25,present,present,3.83,46.0,annealing_T=100_h=25,v,20260702-101218,phase_detection,annealing_T=100_h=5,v,20260612-001017,20260702-101218,1.8534832073692893,False
68,261.71,492.23,12.5808,1.38038,21.0,56.35,annealing_T=100_h=25,present,present,3.83,46.0,annealing_T=100_h=25,v,20260702-101218,phase_detection,annealing_T=100_h=5,v,20260612-001017,20260702-101218,1.8534832073692893,False
68,261.71,492.23,14.783,1.41827,23.0,56.46,annealing_T=100_h=25,present,present,3.83,46.0,annealing_T=100_h=25,v,20260702-101218,phase_detection,annealing_T=100_h=5,v,20260612-001017,20260702-101218,1.8534832073692893,False
69,93.94,351.54,15.5186,2.0393,17.0,56.13,annealing_T=100_h=25,present,appeared,5.08,81.0,annealing_T=100_h=25,v,20260702-101218,phase_detection,annealing_T=100_h=25,v,20260702-101218,20260702-101218,1.6850222550459153,False
69,93.94,351.54,20.6037,2.12553,19.0,56.24,annealing_T=100_h=25,present,appeared,5.08,81.0,annealing_T=100_h=25,v,20260702-101218,phase_detection,annealing_T=100_h=25,v,20260702-101218,20260702-101218,1.6850222550459153,False
69,93.94,351.54,25.276,2.01378,21.0,56.35,annealing_T=100_h=25,present,appeared,5.08,81.0,annealing_T=100_h=25,v,20260702-101218,phase_detection,annealing_T=100_h=25,v,20260702-101218,20260702-101218,1.6850222550459153,False
69,93.94,351.54,32.9916,2.01514,23.0,56.46,annealing_T=100_h=25,present,appeared,5.08,81.0,annealing_T=100_h=25,v,20260702-101218,phase_detection,annealing_T=100_h=25,v,20260702-101218,20260702-101218,1.6850222550459153,False
70,336.6,284.99,23.2189,2.47762,17.0,56.13,annealing_T=100_h=25,present,present,5.67,101.0,annealing_T=100_h=25,v,20260702-101218,phase_detection,annealing_T=150_h=25,v,20260917-041113,20260702-101218,1.8258422713914837,False
70,336.6,284.99,26.0295,2.50956,19.0,56.24,annealing_T=100_h=25,present,present,5.67,101.0,annealing_T=100_h=25,v,20260702-101218,phase_detection,annealing_T=150_h=25,v,20260917-041113,20260702-101218,1.8258422713914837,False
70,336.6,284.99,37.5553,2.45088,21.0,56.35,annealing_T=100_h=25,present,present,5.67,101.0,annealing_T=100_h=25,v,20260702-101218,phase_detection,annealing_T=150_h=25,v,20260917-041113,20260702-101218,1.8258422713914837,False
70,336.6,284.99,43.9817,2.47553,23.0,56.46,annealing_T=100_h=25,present,present,5.67,101.0,annealing_T=100_h=25,v,20260702-101218,phase_detection,annealing_T=150_h=25,v,20260917-041113,20260702-101218,1.8258422713914837,False
71,1386.58,114.37,27.7596,2.70919,17.0,56.13,annealing_T=100_h=25,present,present,5.59,98.0,annealing_T=100_h=25,v,20260702-101218,phase_detection,annealing_T=100_h=5,v,20260612-001017,20260702-101218,2.9474904579998222,False
71,1386.58,114.37,41.0348,2.89298,19.0,56.24,annealing_T=100_h=25,present,present,5.59,98.0,annealing_T=100_h=25,v,20260702-101218,phase_detection,annealing_T=100_h=5,v,20260612-001017,20260702-101218,2.9474904579998222,False
71,1386.58,114.37,25.698,2.654,21.0,56.35,annealing_T=100_h=25,present,present,5.59,98.0,annealing_T=100_h=25,v,20260702-101218,phase_detection,annealing_T=100_h=5,v,20260612-001017,20260702-101218,2.9474904579998222,False
71,1386.58,114.37,27.4162,2.67087,23.0,56.46,annealing_T=100_h=25,present,present,5.59,98.0,annealing_T=100_h=25,v,20260702-101218,phase_detection,annealing_T=100_h=5,v,20260612-001017,20260702-101218,2.9474904579998222,False
72,1403.72,203.34,35.9872,4.24149,17.0,56.13,annealing_T=100_h=25,present,present,7.94,198.0,annealing_T=100_h=25,v,20260702-101218,phase_detection,annealing_T=100_h=5,v,20260612-001017,20260702-101218,2.982029510249675,False
72,1403.72,203.34,34.0958,4.48576,19.0,56.24,annealing_T=100_h=25,present,present,7.94,198.0,annealing_T=100_h=25,v,20260702-101218,phase_detection,annealing_T=100_h=5,v,20260612-001017,20260702-101218,2.982029510249675,False
72,1403.72,203.34,39.4716,3.8052,21.0,56.35,annealing_T=100_h=25,present,present,7.94,198.0,annealing_T=100_h=25,v,20260702-101218,phase_detection,annealing_T=100_h=5,v,20260612-001017,20260702-101218,2.982029510249675,False
72,1403.72,203.34,49.1584,4.00798,23.0,56.46,annealing_T=100_h=25,present,present,7.94,198.0,annealing_T=100_h=25,v,20260702-101218,phase_detection,annealing_T=100_h=5,v,20260612-001017,20260702-101218,2.982029510249675,False
73,1847.03,884.71,43.0695,4.30453,17.0,56.13,annealing_T=100_h=25,present,present,9.95,311.0,annealing_T=100_h=25,v,20260702-101218,phase_detection,annealing_T=125_h=25,v,20260828-044900,20260702-101218,3.903549666649591,False
73,1847.03,884.71,64.7735,4.41612,19.0,56.24,annealing_T=100_h=25,present,present,9.95,311.0,annealing_T=100_h=25,v,20260702-101218,phase_detection,annealing_T=125_h=25,v,20260828-044900,20260702-101218,3.903549666649591,False
73,1847.03,884.71,74.0437,4.29588,21.0,56.35,annealing_T=100_h=25,present,present,9.95,311.0,annealing_T=100_h=25,v,20260702-101218,phase_detection,annealing_T=125_h=25,v,20260828-044900,20260702-101218,3.903549666649591,False
73,1847.03,884.71,83.9643,4.24691,23.0,56.46,annealing_T=100_h=25,present,present,9.95,311.0,annealing_T=100_h=25,v,20260702-101218,phase_detection,annealing_T=125_h=25,v,20260828-044900,20260702-101218,3.903549666649591,False
74,503.5,995.94,4.66478,1.51926,17.0,56.13,annealing_T=100_h=25,present,appeared,3.34,35.0,annealing_T=100_h=25,v,20260702-101218,phase_detection,annealing_T=100_h=25,v,20260702-101218,20260702-101218,1.4812157169027467,False
74,503.5,995.94,9.22334,1.3929,19.0,56.24,annealing_T=100_h=25,present,appeared,3.34,35.0,annealing_T=100_h=25,v,20260702-101218,phase_detection,annealing_T=100_h=25,v,20260702-101218,20260702-101218,1.4812157169027467,False
74,503.5,995.94,10.7276,1.48629,21.0,56.35,annealing_T=100_h=25,present,appeared,3.34,35.0,annealing_T=100_h=25,v,20260702-101218,phase_detection,annealing_T=100_h=25,v,20260702-101218,20260702-101218,1.4812157169027467,False
74,503.5,995.94,10.7033,1.49247,23.0,56.46,annealing_T=100_h=25,present,appeared,3.34,35.0,annealing_T=100_h=25,v,20260702-101218,phase_detection,annealing_T=100_h=25,v,20260702-101218,20260702-101218,1.4812157169027467,False
75,859.24,473.52,11.7532,2.12528,17.0,56.13,annealing_T=100_h=25,absent,not_yet_detected,5.64,100.0,annealing_T=125_h=25,v,20260828-044900,first_future_detection,annealing_T=125_h=25,v,20260828-044900,20260702-101218,0.7808969202141668,False
75,859.24,473.52,22.2932,2.09383,19.0,56.24,annealing_T=100_h=25,absent,not_yet_detected,5.64,100.0,annealing_T=125_h=25,v,20260828-044900,first_future_detection,annealing_T=125_h=25,v,20260828-044900,20260702-101218,0.7808969202141668,False
75,859.24,473.52,25.0037,2.0602,21.0,56.35,annealing_T=100_h=25,absent,not_yet_detected,5.64,100.0,annealing_T=125_h=25,v,20260828-044900,first_future_detection,annealing_T=125_h=25,v,20260828-044900,20260702-101218,0.7808969202141668,False
75,859.24,473.52,29.574,2.07402,23.0,56.46,annealing_T=100_h=25,absent,not_yet_detected,5.64,100.0,annealing_T=125_h=25,v,20260828-044900,first_future_detection,annealing_T=125_h=25,v,20260828-044900,20260702-101218,0.7808969202141668,False
76,886.89,268.73,5.87204,1.72791,17.0,56.13,annealing_T=100_h=25,present,appeared,3.74,44.0,annealing_T=100_h=25,v,20260702-101218,phase_detection,annealing_T=100_h=25,v,20260702-101218,20260702-101218,1.3793114224133327,False
76,886.89,268.73,10.9579,1.73245,19.0,56.24,annealing_T=100_h=25,present,appeared,3.74,44.0,annealing_T=100_h=25,v,20260702-101218,phase_detection,annealing_T=100_h=25,v,20260702-101218,20260702-101218,1.3793114224133327,False
76,886.89,268.73,11.5115,1.86943,21.0,56.35,annealing_T=100_h=25,present,appeared,3.74,44.0,annealing_T=100_h=25,v,20260702-101218,phase_detection,annealing_T=100_h=25,v,20260702-101218,20260702-101218,1.3793114224133327,False
76,886.89,268.73,14.6408,1.80918,23.0,56.46,annealing_T=100_h=25,present,appeared,3.74,44.0,annealing_T=100_h=25,v,20260702-101218,phase_detection,annealing_T=100_h=25,v,20260702-101218,20260702-101218,1.3793114224133327,False
77,1088.51,519.85,945.84,5.65036,17.0,56.13,annealing_T=100_h=25,present,appeared,11.98,451.0,annealing_T=100_h=25,v,20260702-101218,phase_detection,annealing_T=100_h=25,v,20260702-101218,20260702-101218,2.111516043036388,False
77,1088.51,519.85,1026.92,5.55287,19.0,56.24,annealing_T=100_h=25,present,appeared,11.98,451.0,annealing_T=100_h=25,v,20260702-101218,phase_detection,annealing_T=100_h=25,v,20260702-101218,20260702-101218,2.111516043036388,False
77,1088.51,519.85,1156.68,5.48623,21.0,56.35,annealing_T=100_h=25,present,appeared,11.98,451.0,annealing_T=100_h=25,v,20260702-101218,phase_detection,annealing_T=100_h=25,v,20260702-101218,20260702-101218,2.111516043036388,False
77,1088.51,519.85,1324.21,5.61319,23.0,56.46,annealing_T=100_h=25,present,appeared,11.98,451.0,annealing_T=100_h=25,v,20260702-101218,phase_detection,annealing_T=100_h=25,v,20260702-101218,20260702-101218,2.111516043036388,False
78,1176.23,649.58,84.8796,3.1544,17.0,56.13,annealing_T=100_h=25,present,appeared,7.4,172.0,annealing_T=100_h=25,v,20260702-101218,phase_detection,annealing_T=100_h=25,v,20260702-101218,20260702-101218,2.280789337049757,False
78,1176.23,649.58,100.015,3.03721,19.0,56.24,annealing_T=100_h=25,present,appeared,7.4,172.0,annealing_T=100_h=25,v,20260702-101218,phase_detection,annealing_T=100_h=25,v,20260702-101218,20260702-101218,2.280789337049757,False
78,1176.23,649.58,121.544,3.16825,21.0,56.35,annealing_T=100_h=25,present,appeared,7.4,172.0,annealing_T=100_h=25,v,20260702-101218,phase_detection,annealing_T=100_h=25,v,20260702-101218,20260702-101218,2.280789337049757,False
78,1176.23,649.58,136.392,3.0797,23.0,56.46,annealing_T=100_h=25,present,appeared,7.4,172.0,annealing_T=100_h=25,v,20260702-101218,phase_detection,annealing_T=100_h=25,v,20260702-101218,20260702-101218,2.280789337049757,False
79,1424.82,349.02,26.8702,2.20973,17.0,56.13,annealing_T=100_h=25,present,appeared,5.38,91.0,annealing_T=100_h=25,v,20260702-101218,phase_detection,annealing_T=100_h=25,v,20260702-101218,20260702-101218,2.1708293346092553,False
79,1424.82,349.02,33.277,2.11178,19.0,56.24,annealing_T=100_h=25,present,appeared,5.38,91.0,annealing_T=100_h=25,v,20260702-101218,phase_detection,annealing_T=100_h=25,v,20260702-101218,20260702-101218,2.1708293346092553,False
79,1424.82,349.02,38.1851,2.246,21.0,56.35,annealing_T=100_h=25,present,appeared,5.38,91.0,annealing_T=100_h=25,v,20260702-101218,phase_detection,annealing_T=100_h=25,v,20260702-101218,20260702-101218,2.1708293346092553,False
79,1424.82,349.02,44.2056,2.1825,23.0,56.46,annealing_T=100_h=25,present,appeared,5.38,91.0,annealing_T=100_h=25,v,20260702-101218,phase_detection,annealing_T=100_h=25,v,20260702-101218,20260702-101218,2.1708293346092553,False
80,1677.25,253.4,9.97747,1.49518,17.0,56.13,annealing_T=100_h=25,absent,never_detected_in_condition,4.22,56.0,annealing_T=125_h=5,T,20260723-075232,cross_constant_fallback,annealing_T=125_h=5,T,20260723-075232,20260702-101218,2.1224985276790327,True
80,1677.25,253.4,12.3932,1.62793,19.0,56.24,annealing_T=100_h=25,absent,never_detected_in_condition,4.22,56.0,annealing_T=125_h=5,T,20260723-075232,cross_constant_fallback,annealing_T=125_h=5,T,20260723-075232,20260702-101218,2.1224985276790327,True
80,1677.25,253.4,15.4298,1.59773,21.0,56.35,annealing_T=100_h=25,absent,never_detected_in_condition,4.22,56.0,annealing_T=125_h=5,T,20260723-075232,cross_constant_fallback,annealing_T=125_h=5,T,20260723-075232,20260702-101218,2.1224985276790327,True
80,1677.25,253.4,17.15,1.54753,23.0,56.46,annealing_T=100_h=25,absent,never_detected_in_condition,4.22,56.0,annealing_T=125_h=5,T,20260723-075232,cross_constant_fallback,annealing_T=125_h=5,T,20260723-075232,20260702-101218,2.1224985276790327,True
81,1722.23,803.24,18.0591,2.38559,17.0,56.13,annealing_T=100_h=25,present,appeared,5.32,89.0,annealing_T=100_h=25,v,20260702-101218,phase_detection,annealing_T=100_h=25,v,20260702-101218,20260702-101218,1.9682479518597664,False
81,1722.23,803.24,22.8263,2.2913,19.0,56.24,annealing_T=100_h=25,present,appeared,5.32,89.0,annealing_T=100_h=25,v,20260702-101218,phase_detection,annealing_T=100_h=25,v,20260702-101218,20260702-101218,1.9682479518597664,False
81,1722.23,803.24,34.2842,2.32623,21.0,56.35,annealing_T=100_h=25,present,appeared,5.32,89.0,annealing_T=100_h=25,v,20260702-101218,phase_detection,annealing_T=100_h=25,v,20260702-101218,20260702-101218,1.9682479518597664,False
81,1722.23,803.24,39.0345,2.27651,23.0,56.46,annealing_T=100_h=25,present,appeared,5.32,89.0,annealing_T=100_h=25,v,20260702-101218,phase_detection,annealing_T=100_h=25,v,20260702-101218,20260702-101218,1.9682479518597664,False
82,634.12,914.64,32.679,2.06164,17.0,56.13,annealing_T=100_h=25,absent,never_detected_in_condition,5.53,96.0,annealing_T=125_h=5,T,20260723-075232,cross_constant_fallback,annealing_T=125_h=5,T,20260723-075232,20260702-101218,,True
82,634.12,914.64,37.3267,2.01913,19.0,56.24,annealing_T=100_h=25,absent,never_detected_in_condition,5.53,96.0,annealing_T=125_h=5,T,20260723-075232,cross_constant_fallback,annealing_T=125_h=5,T,20260723-075232,20260702-101218,,True
82,634.12,914.64,51.2464,2.08395,21.0,56.35,annealing_T=100_h=25,absent,never_detected_in_condition,5.53,96.0,annealing_T=125_h=5,T,20260723-075232,cross_constant_fallback,annealing_T=125_h=5,T,20260723-075232,20260702-101218,,True
82,634.12,914.64,58.4074,2.0029,23.0,56.46,annealing_T=100_h=25,absent,never_detected_in_condition,5.53,96.0,annealing_T=125_h=5,T,20260723-075232,cross_constant_fallback,annealing_T=125_h=5,T,20260723-075232,20260702-101218,,True
83,1734.68,908.82,3.81202,3.28233,17.0,56.13,annealing_T=100_h=25,absent,not_yet_detected,7.42,173.0,annealing_T=125_h=25,v,20260828-044900,first_future_detection,annealing_T=125_h=25,v,20260828-044900,20260702-101218,1.1344161493913825,False
83,1734.68,908.82,-0.927311,3.11047,19.0,56.24,annealing_T=100_h=25,absent,not_yet_detected,7.42,173.0,annealing_T=125_h=25,v,20260828-044900,first_future_detection,annealing_T=125_h=25,v,20260828-044900,20260702-101218,1.1344161493913825,False
83,1734.68,908.82,2.08785,3.34976,21.0,56.35,annealing_T=100_h=25,absent,not_yet_detected,7.42,173.0,annealing_T=125_h=25,v,20260828-044900,first_future_detection,annealing_T=125_h=25,v,20260828-044900,20260702-101218,1.1344161493913825,False
83,1734.68,908.82,6.44203,3.16813,23.0,56.46,annealing_T=100_h=25,absent,not_yet_detected,7.42,173.0,annealing_T=125_h=25,v,20260828-044900,first_future_detection,annealing_T=125_h=25,v,20260828-044900,20260702-101218,1.1344161493913825,False
84,1807.84,451.97,2.4782,1.11045,17.0,56.13,annealing_T=100_h=25,absent,not_yet_detected,3.34,35.0,annealing_T=125_h=25,v,20260828-044900,first_future_detection,annealing_T=125_h=25,v,20260828-044900,20260702-101218,1.9691876497684162,False
84,1807.84,451.97,4.14065,1.08786,19.0,56.24,annealing_T=100_h=25,absent,not_yet_detected,3.34,35.0,annealing_T=125_h=25,v,20260828-044900,first_future_detection,annealing_T=125_h=25,v,20260828-044900,20260702-101218,1.9691876497684162,False
84,1807.84,451.97,6.52772,1.0518,21.0,56.35,annealing_T=100_h=25,absent,not_yet_detected,3.34,35.0,annealing_T=125_h=25,v,20260828-044900,first_future_detection,annealing_T=125_h=25,v,20260828-044900,20260702-101218,1.9691876497684162,False
84,1807.84,451.97,7.17496,1.01373,23.0,56.46,annealing_T=100_h=25,absent,not_yet_detected,3.34,35.0,annealing_T=125_h=25,v,20260828-044900,first_future_detection,annealing_T=125_h=25,v,20260828-044900,20260702-101218,1.9691876497684162,False
85,830.57,884.46,776.37,4.63724,17.0,56.13,annealing_T=100_h=25,absent,not_yet_detected,10.34,336.0,annealing_T=125_h=25,v,20260828-044900,first_future_detection,annealing_T=125_h=25,v,20260828-044900,20260702-101218,,False
85,830.57,884.46,883.276,4.73132,19.0,56.24,annealing_T=100_h=25,absent,not_yet_detected,10.34,336.0,annealing_T=125_h=25,v,20260828-044900,first_future_detection,annealing_T=125_h=25,v,20260828-044900,20260702-101218,,False
85,830.57,884.46,1033.75,4.78605,21.0,56.35,annealing_T=100_h=25,absent,not_yet_detected,10.34,336.0,annealing_T=125_h=25,v,20260828-044900,first_future_detection,annealing_T=125_h=25,v,20260828-044900,20260702-101218,,False
85,830.57,884.46,1112.37,4.67356,23.0,56.46,annealing_T=100_h=25,absent,not_yet_detected,10.34,336.0,annealing_T=125_h=25,v,20260828-044900,first_future_detection,annealing_T=125_h=25,v,20260828-044900,20260702-101218,,False
86,1536.21,137.07,11.2493,1.53699,17.0,56.13,annealing_T=100_h=25,absent,not_yet_detected,4.51,64.0,annealing_T=125_h=25,v,20260828-044900,first_future_detection,annealing_T=150_h=5,v,20260909-034512,20260702-101218,,False
86,1536.21,137.07,21.0043,1.6132,19.0,56.24,annealing_T=100_h=25,absent,not_yet_detected,4.51,64.0,annealing_T=125_h=25,v,20260828-044900,first_future_detection,annealing_T=150_h=5,v,20260909-034512,20260702-101218,,False
86,1536.21,137.07,28.6861,1.69676,21.0,56.35,annealing_T=100_h=25,absent,not_yet_detected,4.51,64.0,annealing_T=125_h=25,v,20260828-044900,first_future_detection,annealing_T=150_h=5,v,20260909-034512,20260702-101218,,False
86,1536.21,137.07,32.5239,1.64221,23.0,56.46,annealing_T=100_h=25,absent,not_yet_detected,4.51,64.0,annealing_T=125_h=25,v,20260828-044900,first_future_detection,annealing_T=150_h=5,v,20260909-034512,20260702-101218,,False
87,1557.57,208.05,37.3826,2.90788,17.0,56.13,annealing_T=100_h=25,absent,not_yet_detected,6.48,132.0,annealing_T=125_h=25,v,20260828-044900,first_future_detection,annealing_T=150_h=5,v,20260909-034512,20260702-101218,,False
87,1557.57,208.05,52.1752,2.98498,19.0,56.24,annealing_T=100_h=25,absent,not_yet_detected,6.48,132.0,annealing_T=125_h=25,v,20260828-044900,first_future_detection,annealing_T=150_h=5,v,20260909-034512,20260702-101218,,False
87,1557.57,208.05,60.1697,3.08716,21.0,56.35,annealing_T=100_h=25,absent,not_yet_detected,6.48,132.0,annealing_T=125_h=25,v,20260828-044900,first_future_detection,annealing_T=150_h=5,v,20260909-034512,20260702-101218,,False
87,1557.57,208.05,80.5439,3.04424,23.0,56.46,annealing_T=100_h=25,absent,not_yet_detected,6.48,132.0,annealing_T=125_h=25,v,20260828-044900,first_future_detection,annealing_T=150_h=5,v,20260909-034512,20260702-101218,,False
88,490.57,97.36,298.431,4.22316,17.0,56.13,annealing_T=100_h=25,absent,not_yet_detected,10.09,320.0,annealing_T=150_h=25,v,20260917-041113,first_future_detection,annealing_T=150_h=25,v,20260917-041113,20260702-101218,0.7211102550927979,False
88,490.57,97.36,371.864,4.31079,19.0,56.24,annealing_T=100_h=25,absent,not_yet_detected,10.09,320.0,annealing_T=150_h=25,v,20260917-041113,first_future_detection,annealing_T=150_h=25,v,20260917-041113,20260702-101218,0.7211102550927979,False
88,490.57,97.36,394.448,4.4713,21.0,56.35,annealing_T=100_h=25,absent,not_yet_detected,10.09,320.0,annealing_T=150_h=25,v,20260917-041113,first_future_detection,annealing_T=150_h=25,v,20260917-041113,20260702-101218,0.7211102550927979,False
88,490.57,97.36,384.002,4.35,23.0,56.46,annealing_T=100_h=25,absent,not_yet_detected,10.09,320.0,annealing_T=150_h=25,v,20260917-041113,first_future_detection,annealing_T=150_h=25,v,20260917-041113,20260702-101218,0.7211102550927979,False
89,731.34,247.83,-0.210546,1.32318,17.0,56.13,annealing_T=100_h=25,absent,not_yet_detected,3.87,47.0,annealing_T=150_h=5,v,20260909-034512,first_future_detection,annealing_T=150_h=5,v,20260909-034512,20260702-101218,0.5096076922496413,False
89,731.34,247.83,1.84958,1.39627,19.0,56.24,annealing_T=100_h=25,absent,not_yet_detected,3.87,47.0,annealing_T=150_h=5,v,20260909-034512,first_future_detection,annealing_T=150_h=5,v,20260909-034512,20260702-101218,0.5096076922496413,False
89,731.34,247.83,1.35747,1.33123,21.0,56.35,annealing_T=100_h=25,absent,not_yet_detected,3.87,47.0,annealing_T=150_h=5,v,20260909-034512,first_future_detection,annealing_T=150_h=5,v,20260909-034512,20260702-101218,0.5096076922496413,False
89,731.34,247.83,3.2597,1.28851,23.0,56.46,annealing_T=100_h=25,absent,not_yet_detected,3.87,47.0,annealing_T=150_h=5,v,20260909-034512,first_future_detection,annealing_T=150_h=5,v,20260909-034512,20260702-101218,0.5096076922496413,False
90,1096.56,197.84,6.21407,1.75349,17.0,56.13,annealing_T=100_h=25,absent,not_yet_detected,3.91,48.0,annealing_T=150_h=5,v,20260909-034512,first_future_detection,annealing_T=150_h=5,v,20260909-034512,20260702-101218,1.0980892495604302,False
90,1096.56,197.84,4.24196,1.81751,19.0,56.24,annealing_T=100_h=25,absent,not_yet_detected,3.91,48.0,annealing_T=150_h=5,v,20260909-034512,first_future_detection,annealing_T=150_h=5,v,20260909-034512,20260702-101218,1.0980892495604302,False
90,1096.56,197.84,5.27455,1.73041,21.0,56.35,annealing_T=100_h=25,absent,not_yet_detected,3.91,48.0,annealing_T=150_h=5,v,20260909-034512,first_future_detection,annealing_T=150_h=5,v,20260909-034512,20260702-101218,1.0980892495604302,False
90,1096.56,197.84,7.7162,1.6489,23.0,56.46,annealing_T=100_h=25,absent,not_yet_detected,3.91,48.0,annealing_T=150_h=5,v,20260909-034512,first_future_detection,annealing_T=150_h=5,v,20260909-034512,20260702-101218,1.0980892495604302,False
91,1268.09,787.65,115.165,1.58932,17.0,56.13,annealing_T=100_h=25,absent,not_yet_detected,3.57,40.0,annealing_T=150_h=5,v,20260909-034512,first_future_detection,annealing_T=150_h=5,v,20260909-034512,20260702-101218,0.41773197148413405,False
91,1268.09,787.65,195.731,1.77716,19.0,56.24,annealing_T=100_h=25,absent,not_yet_detected,3.57,40.0,annealing_T=150_h=5,v,20260909-034512,first_future_detection,annealing_T=150_h=5,v,20260909-034512,20260702-101218,0.41773197148413405,False
91,1268.09,787.65,231.734,1.80587,21.0,56.35,annealing_T=100_h=25,absent,not_yet_detected,3.57,40.0,annealing_T=150_h=5,v,20260909-034512,first_future_detection,annealing_T=150_h=5,v,20260909-034512,20260702-101218,0.41773197148413405,False
91,1268.09,787.65,265.713,1.88472,23.0,56.46,annealing_T=100_h=25,absent,not_yet_detected,3.57,40.0,annealing_T=150_h=5,v,20260909-034512,first_future_detection,annealing_T=150_h=5,v,20260909-034512,20260702-101218,0.41773197148413405,False
92,1769.29,209.41,57.2129,2.0509,17.0,56.13,annealing_T=100_h=25,absent,never_detected_in_condition,5.47,94.0,annealing_T=150_h=5,T,20260908-043207,cross_constant_fallback,annealing_T=150_h=5,T,20260908-043207,20260702-101218,,True
92,1769.29,209.41,104.62,2.16281,19.0,56.24,annealing_T=100_h=25,absent,never_detected_in_condition,5.47,94.0,annealing_T=150_h=5,T,20260908-043207,cross_constant_fallback,annealing_T=150_h=5,T,20260908-043207,20260702-101218,,True
92,1769.29,209.41,125.297,2.21094,21.0,56.35,annealing_T=100_h=25,absent,never_detected_in_condition,5.47,94.0,annealing_T=150_h=5,T,20260908-043207,cross_constant_fallback,annealing_T=150_h=5,T,20260908-043207,20260702-101218,,True
92,1769.29,209.41,148.86,2.14345,23.0,56.46,annealing_T=100_h=25,absent,never_detected_in_condition,5.47,94.0,annealing_T=150_h=5,T,20260908-043207,cross_constant_fallback,annealing_T=150_h=5,T,20260908-043207,20260702-101218,,True
93,150.75,909.77,96.4925,2.51246,17.0,56.13,annealing_T=100_h=25,absent,never_detected_in_condition,5.61,99.0,annealing_T=150_h=25,T,20260916-045914,cross_constant_fallback,annealing_T=150_h=25,T,20260916-045914,20260702-101218,,True
93,150.75,909.77,127.778,2.59766,19.0,56.24,annealing_T=100_h=25,absent,never_detected_in_condition,5.61,99.0,annealing_T=150_h=25,T,20260916-045914,cross_constant_fallback,annealing_T=150_h=25,T,20260916-045914,20260702-101218,,True
93,150.75,909.77,154.323,2.62614,21.0,56.35,annealing_T=100_h=25,absent,never_detected_in_condition,5.61,99.0,annealing_T=150_h=25,T,20260916-045914,cross_constant_fallback,annealing_T=150_h=25,T,20260916-045914,20260702-101218,,True
93,150.75,909.77,164.511,2.61151,23.0,56.46,annealing_T=100_h=25,absent,never_detected_in_condition,5.61,99.0,annealing_T=150_h=25,T,20260916-045914,cross_constant_fallback,annealing_T=150_h=25,T,20260916-045914,20260702-101218,,True
94,214.55,917.95,3.92134,1.13274,17.0,56.13,annealing_T=100_h=25,absent,never_detected_in_condition,3.14,31.0,annealing_T=150_h=25,T,20260916-045914,cross_constant_fallback,annealing_T=150_h=25,T,20260916-045914,20260702-101218,,True
94,214.55,917.95,7.11789,1.22933,19.0,56.24,annealing_T=100_h=25,absent,never_detected_in_condition,3.14,31.0,annealing_T=150_h=25,T,20260916-045914,cross_constant_fallback,annealing_T=150_h=25,T,20260916-045914,20260702-101218,,True
94,214.55,917.95,7.47889,1.16788,21.0,56.35,annealing_T=100_h=25,absent,never_detected_in_condition,3.14,31.0,annealing_T=150_h=25,T,20260916-045914,cross_constant_fallback,annealing_T=150_h=25,T,20260916-045914,20260702-101218,,True
94,214.55,917.95,8.54712,1.16009,23.0,56.46,annealing_T=100_h=25,absent,never_detected_in_condition,3.14,31.0,annealing_T=150_h=25,T,20260916-045914,cross_constant_fallback,annealing_T=150_h=25,T,20260916-045914,20260702-101218,,True
95,806.54,192.06,38.6188,2.08744,17.0,56.13,annealing_T=100_h=25,absent,not_yet_detected,4.65,68.0,annealing_T=150_h=25,v,20260917-041113,first_future_detection,annealing_T=150_h=25,v,20260917-041113,20260702-101218,1.2393950137062595,False
95,806.54,192.06,71.1101,1.95859,19.0,56.24,annealing_T=100_h=25,absent,not_yet_detected,4.65,68.0,annealing_T=150_h=25,v,20260917-041113,first_future_detection,annealing_T=150_h=25,v,20260917-041113,20260702-101218,1.2393950137062595,False
95,806.54,192.06,88.3737,2.07378,21.0,56.35,annealing_T=100_h=25,absent,not_yet_detected,4.65,68.0,annealing_T=150_h=25,v,20260917-041113,first_future_detection,annealing_T=150_h=25,v,20260917-041113,20260702-101218,1.2393950137062595,False
95,806.54,192.06,102.992,2.06518,23.0,56.46,annealing_T=100_h=25,absent,not_yet_detected,4.65,68.0,annealing_T=150_h=25,v,20260917-041113,first_future_detection,annealing_T=150_h=25,v,20260917-041113,20260702-101218,1.2393950137062595,False
96,1571.54,682.79,3.5483,1.5823,17.0,56.13,annealing_T=100_h=25,absent,not_yet_detected,3.43,37.0,annealing_T=150_h=25,v,20260917-041113,first_future_detection,annealing_T=150_h=25,v,20260917-041113,20260702-101218,1.7317043627593864,False
96,1571.54,682.79,4.44419,1.58571,19.0,56.24,annealing_T=100_h=25,absent,not_yet_detected,3.43,37.0,annealing_T=150_h=25,v,20260917-041113,first_future_detection,annealing_T=150_h=25,v,20260917-041113,20260702-101218,1.7317043627593864,False
96,1571.54,682.79,7.23293,1.56284,21.0,56.35,annealing_T=100_h=25,absent,not_yet_detected,3.43,37.0,annealing_T=150_h=25,v,20260917-041113,first_future_detection,annealing_T=150_h=25,v,20260917-041113,20260702-101218,1.7317043627593864,False
96,1571.54,682.79,9.3462,1.47323,23.0,56.46,annealing_T=100_h=25,absent,not_yet_detected,3.43,37.0,annealing_T=150_h=25,v,20260917-041113,first_future_detection,annealing_T=150_h=25,v,20260917-041113,20260702-101218,1.7317043627593864,False
97,1733.48,123.65,-0.524831,2.07259,17.0,56.13,annealing_T=100_h=25,absent,not_yet_detected,3.61,41.0,annealing_T=150_h=25,v,20260917-041113,first_future_detection,annealing_T=150_h=25,v,20260917-041113,20260702-101218,,False
97,1733.48,123.65,3.06958,2.06803,19.0,56.24,annealing_T=100_h=25,absent,not_yet_detected,3.61,41.0,annealing_T=150_h=25,v,20260917-041113,first_future_detection,annealing_T=150_h=25,v,20260917-041113,20260702-101218,,False
97,1733.48,123.65,3.5007,2.03287,21.0,56.35,annealing_T=100_h=25,absent,not_yet_detected,3.61,41.0,annealing_T=150_h=25,v,20260917-041113,first_future_detection,annealing_T=150_h=25,v,20260917-041113,20260702-101218,,False
97,1733.48,123.65,5.84343,1.71591,23.0,56.46,annealing_T=100_h=25,absent,not_yet_detected,3.61,41.0,annealing_T=150_h=25,v,20260917-041113,first_future_detection,annealing_T=150_h=25,v,20260917-041113,20260702-101218,,False
