phase,temperature_C,current,current_error
bef_ann,17,8.154574050189e-06,6.647097957126e-09
bef_ann,19,9.334794955781e-06,8.079003682640e-09
bef_ann,21,1.063023802564e-05,1.059948366105e-08
bef_ann,23,1.169466062540e-05,1.269348540269e-08
annealing_T=75_h=5,17,7.402403552055e-06,8.775319724325e-09
annealing_T=75_h=5,19,8.337150670580e-06,6.713276053214e-09
annealing_T=75_h=5,21,9.633116923259e-06,9.073426845932e-09
annealing_T=75_h=5,23,1.079191583839e-05,1.372934090228e-08
annealing_T=75_h=25,17,6.044621933833e-06,9.219716061010e-09
annealing_T=75_h=25,19,6.895838973133e-06,6.387767041046e-09
annealing_T=75_h=25,21,7.698583237811e-06,1.057676499935e-08
annealing_T=75_h=25,23,8.785190526111e-06,2.019055329127e-08
annealing_T=100_h=5,17,5.107041684107e-06,4.509958039343e-09
annealing_T=100_h=5,19,5.755201890335e-06,7.995542110676e-09
annealing_T=100_h=5,21,6.639311242193e-06,4.066394126328e-09
annealing_T=100_h=5,23,7.346764682911e-06,6.606808207629e-09
annealing_T=125_h=5,17,3.426651610107e-06,7.512728605677e-09
annealing_T=125_h=5,19,3.833652742837e-06,6.592059782176e-09
annealing_T=125_h=5,21,4.460817481974e-06,7.797673323897e-09
annealing_T=125_h=5,23,4.929965410963e-06,1.270680287014e-08
annealing_T=125_h=25,17,2.504589975237e-06,2.369934409946e-09
annealing_T=125_h=25,19,2.792675127078e-06,4.494368408679e-09
annealing_T=125_h=25,21,3.173256667056e-06,5.298588932085e-09
annealing_T=125_h=25,23,3.611698543315e-06,3.541771382779e-09
annealing_T=150_h=5,17,1.751821005533e-06,3.829447105985e-09
annealing_T=150_h=5,19,1.977315073774e-06,2.777575001915e-09
annealing_T=150_h=5,21,2.337664981948e-06,3.599788058127e-09
annealing_T=150_h=5,23,2.714032709274e-06,3.384265070373e-09
annealing_T=150_h=25,17,1.102595290738e-06,1.622796632552e-09
annealing_T=150_h=25,19,1.305973257592e-06,3.649242977840e-09
annealing_T=150_h=25,21,1.517153649544e-06,1.878649444551e-09
annealing_T=150_h=25,23,1.718935644781e-06,2.387024922697e-09
