phase,B_global,B_global_stat_error,chi2,ndf,chi2ndf,fit_status,converged,n_spots,n_points
before_annealing,1.94644,0.00596434,3648.1,239,15.264,0,1,48,288
annealing_T=75_h=5,1.95364,0.00652129,3359.67,254,13.2271,0,1,51,306
annealing_T=75_h=25,1.9231,0.00725294,2719.11,249,10.9201,0,1,50,300
annealing_T=100_h=5,2.03584,0.00739569,2664.64,249,10.7014,0,1,50,300
annealing_T=100_h=25,2.01493,0.00789167,2734.51,284,9.62857,0,1,57,342
annealing_T=125_h=5,2.03616,0.00596376,3341.22,239,13.98,0,1,48,288
annealing_T=125_h=25,2.2549,0.0103552,982.952,204,4.81839,0,1,41,246
annealing_T=150_h=5,2.09757,0.0111839,792.557,199,3.9827,0,1,40,240
annealing_T=150_h=25,2.12745,0.0198448,690.927,169,4.08833,0,1,34,204
