spot,x,y,luminosity,error,T,v,v_fin,phase,detected
0,3.73,742.48,0.0,0.0,20.0,58.3,7.0,annealing_T=100_h=25,False
0,2.11,737.72,0.0,0.0,20.0,58.3,7.0,annealing_T=100_h=5,False
0,3.73,742.48,155.675,8.71379,20.0,58.3,7.0,annealing_T=75_h=25,True
0,4.09,740.56,174.734,9.15104,20.0,58.3,7.0,annealing_T=75_h=5,True
0,2.11,737.72,77.8135,5.03429,20.0,58.3,7.0,before_annealing,True
1,3.67,454.35,0.0,0.0,20.0,58.3,7.0,annealing_T=100_h=25,False
1,2.99,449.56,0.0,0.0,20.0,58.3,7.0,annealing_T=100_h=5,False
1,3.67,454.35,39.7734,5.25523,20.0,58.3,7.0,annealing_T=75_h=25,True
1,5.96,452.55,49.0065,6.07849,20.0,58.3,7.0,annealing_T=75_h=5,True
1,2.99,449.56,32.3939,3.81112,20.0,58.3,7.0,before_annealing,True
2,41.2,643.95,0.0,0.0,20.0,58.3,7.0,annealing_T=100_h=25,False
2,38.7,639.62,0.0,0.0,20.0,58.3,7.0,annealing_T=100_h=5,False
2,41.2,643.95,31.171,4.38531,20.0,58.3,7.0,annealing_T=75_h=25,True
2,38.7,639.62,0.0,0.0,20.0,58.3,7.0,annealing_T=75_h=5,False
2,38.7,639.62,20.1681,3.19435,20.0,58.3,7.0,before_annealing,True
3,54.43,537.51,143.655,3.52479,20.0,58.3,7.0,annealing_T=100_h=25,True
3,55.35,537.92,441.786,21.4406,20.0,58.3,7.0,annealing_T=100_h=5,True
3,59.73,539.38,785.754,29.4108,20.0,58.3,7.0,annealing_T=75_h=25,True
3,61.44,537.84,880.162,35.1179,20.0,58.3,7.0,annealing_T=75_h=5,True
3,57.73,535.05,1111.01,36.5258,20.0,58.3,7.0,before_annealing,True
4,54.96,1071.11,132.333,3.45329,20.0,58.3,7.0,annealing_T=100_h=25,True
4,55.89,1071.33,152.629,11.3085,20.0,58.3,7.0,annealing_T=100_h=5,True
4,64.47,1072.85,172.122,11.321,20.0,58.3,7.0,annealing_T=75_h=25,True
4,63.1,1071.42,531.709,22.465,20.0,58.3,7.0,annealing_T=75_h=5,True
4,58.39,1068.87,561.356,23.2136,20.0,58.3,7.0,before_annealing,True
5,55.16,579.78,1398.43,11.7144,20.0,58.3,7.0,annealing_T=100_h=25,True
5,56.09,580.08,5138.05,191.802,20.0,58.3,7.0,annealing_T=100_h=5,True
5,60.73,581.57,3724.7,112.151,20.0,58.3,7.0,annealing_T=75_h=25,True
5,61.87,580.07,7129.09,104.973,20.0,58.3,7.0,annealing_T=75_h=5,True
5,58.49,577.24,3679.57,63.857,20.0,58.3,7.0,before_annealing,True
6,60.0,558.63,527.474,5.90259,20.0,58.3,7.0,annealing_T=100_h=25,True
6,60.92,558.81,1706.43,49.9048,20.0,58.3,7.0,annealing_T=100_h=5,True
6,65.68,560.38,2347.09,58.2592,20.0,58.3,7.0,annealing_T=75_h=25,True
6,67.38,558.85,2803.75,62.297,20.0,58.3,7.0,annealing_T=75_h=5,True
6,63.43,556.03,2205.37,49.3461,20.0,58.3,7.0,before_annealing,True
7,62.5,1055.53,38.3221,2.67024,20.0,58.3,7.0,annealing_T=100_h=25,True
7,63.87,1055.72,95.3116,9.86716,20.0,58.3,7.0,annealing_T=100_h=5,True
7,72.28,1057.43,79.509,7.57106,20.0,58.3,7.0,annealing_T=75_h=25,True
7,70.49,1055.87,79.2601,7.34377,20.0,58.3,7.0,annealing_T=75_h=5,True
7,65.8,1053.01,83.8432,7.37925,20.0,58.3,7.0,before_annealing,True
8,65.82,816.4,199.477,4.10542,20.0,58.3,7.0,annealing_T=100_h=25,True
8,66.96,816.64,2713.44,152.932,20.0,58.3,7.0,annealing_T=100_h=5,True
8,73.47,817.96,1710.33,102.286,20.0,58.3,7.0,annealing_T=75_h=25,True
8,73.63,816.52,5456.63,88.1495,20.0,58.3,7.0,annealing_T=75_h=5,True
8,69.23,813.71,2378.82,140.384,20.0,58.3,7.0,before_annealing,True
9,75.36,103.11,190.958,3.90089,20.0,58.3,7.0,annealing_T=100_h=25,True
9,75.92,103.44,267.321,15.6748,20.0,58.3,7.0,annealing_T=100_h=5,True
9,76.66,104.65,133.683,11.0755,20.0,58.3,7.0,annealing_T=75_h=25,True
9,80.99,103.41,137.683,12.3122,20.0,58.3,7.0,annealing_T=75_h=5,True
9,78.31,100.8,157.088,11.051,20.0,58.3,7.0,before_annealing,True
10,90.78,361.79,20.7335,1.9155,20.0,58.3,7.0,annealing_T=100_h=25,True
10,90.51,361.95,21.511,4.00095,20.0,58.3,7.0,annealing_T=100_h=5,True
10,94.76,363.72,125.711,12.657,20.0,58.3,7.0,annealing_T=75_h=25,True
10,97.6,362.54,503.036,24.4968,20.0,58.3,7.0,annealing_T=75_h=5,True
10,94.26,359.82,333.34,21.6247,20.0,58.3,7.0,before_annealing,True
11,114.43,329.33,0.0,0.0,20.0,58.3,7.0,annealing_T=100_h=25,False
11,114.26,324.08,0.0,0.0,20.0,58.3,7.0,annealing_T=100_h=5,False
11,114.43,329.33,23.1389,3.77119,20.0,58.3,7.0,annealing_T=75_h=25,True
11,117.87,328.49,23.5739,3.99621,20.0,58.3,7.0,annealing_T=75_h=5,True
11,114.26,324.08,25.8059,4.02209,20.0,58.3,7.0,before_annealing,True
12,135.63,264.43,0.0,0.0,20.0,58.3,7.0,annealing_T=100_h=25,False
12,135.63,264.43,156.331,11.9242,20.0,58.3,7.0,annealing_T=100_h=5,True
12,138.04,265.3,165.01,11.3923,20.0,58.3,7.0,annealing_T=75_h=25,True
12,141.17,264.27,66.7726,6.53899,20.0,58.3,7.0,annealing_T=75_h=5,True
12,138.27,261.67,69.4547,7.65103,20.0,58.3,7.0,before_annealing,True
13,150.07,919.05,278.992,4.05023,20.0,58.3,7.0,annealing_T=100_h=25,True
13,150.87,919.03,365.704,18.112,20.0,58.3,7.0,annealing_T=100_h=5,True
13,158.17,919.94,323.72,20.1055,20.0,58.3,7.0,annealing_T=75_h=25,True
13,157.63,918.9,417.068,20.52,20.0,58.3,7.0,annealing_T=75_h=5,True
13,153.16,916.5,663.043,25.7515,20.0,58.3,7.0,before_annealing,True
14,173.68,951.13,1864.59,8.28563,20.0,58.3,7.0,annealing_T=100_h=25,True
14,174.46,951.29,1119.04,32.2151,20.0,58.3,7.0,annealing_T=100_h=5,True
14,182.3,951.9,1098.25,33.9418,20.0,58.3,7.0,annealing_T=75_h=25,True
14,181.38,951.05,1108.67,31.4177,20.0,58.3,7.0,annealing_T=75_h=5,True
14,176.72,948.55,1082.4,31.8256,20.0,58.3,7.0,before_annealing,True
15,178.08,178.42,8982.79,13.3635,20.0,58.3,7.0,annealing_T=100_h=25,True
15,178.59,178.65,8276.9,108.761,20.0,58.3,7.0,annealing_T=100_h=5,True
15,180.08,179.16,8095.57,111.501,20.0,58.3,7.0,annealing_T=75_h=25,True
15,183.74,178.36,11563.4,147.609,20.0,58.3,7.0,annealing_T=75_h=5,True
15,180.96,175.94,11889.7,144.628,20.0,58.3,7.0,before_annealing,True
16,190.81,526.35,332.256,4.3676,20.0,58.3,7.0,annealing_T=100_h=25,True
16,191.44,526.69,465.595,22.3902,20.0,58.3,7.0,annealing_T=100_h=5,True
16,195.72,527.12,496.266,22.9775,20.0,58.3,7.0,annealing_T=75_h=25,True
16,197.26,526.43,592.088,25.0564,20.0,58.3,7.0,annealing_T=75_h=5,True
16,193.72,523.96,663.368,25.6781,20.0,58.3,7.0,before_annealing,True
17,194.89,62.99,54.3741,2.02636,20.0,58.3,7.0,annealing_T=100_h=25,True
17,194.85,63.16,250.957,14.07,20.0,58.3,7.0,annealing_T=100_h=5,True
17,195.45,63.59,240.746,14.8784,20.0,58.3,7.0,annealing_T=75_h=25,True
17,199.86,62.67,219.27,13.9198,20.0,58.3,7.0,annealing_T=75_h=5,True
17,197.47,60.58,191.909,11.6849,20.0,58.3,7.0,before_annealing,True
18,215.17,926.25,0.0,0.0,20.0,58.3,7.0,annealing_T=100_h=25,False
18,215.17,926.25,21.9775,3.50514,20.0,58.3,7.0,annealing_T=100_h=5,True
18,222.18,926.46,24.3013,3.40896,20.0,58.3,7.0,annealing_T=75_h=25,True
18,221.28,926.12,20.6502,2.84804,20.0,58.3,7.0,annealing_T=75_h=5,True
18,216.56,923.85,19.8966,3.07004,20.0,58.3,7.0,before_annealing,True
19,227.69,91.3,0.0,0.0,20.0,58.3,7.0,annealing_T=100_h=25,False
19,227.69,91.3,42.792,5.09356,20.0,58.3,7.0,annealing_T=100_h=5,True
19,229.17,91.39,70.8422,5.96764,20.0,58.3,7.0,annealing_T=75_h=25,True
19,233.28,91.24,32.6247,3.6352,20.0,58.3,7.0,annealing_T=75_h=5,True
19,230.77,88.87,137.151,9.58745,20.0,58.3,7.0,before_annealing,True
20,231.0,763.67,0.0,0.0,20.0,58.3,7.0,annealing_T=100_h=25,False
20,231.0,763.67,46.5435,5.26714,20.0,58.3,7.0,annealing_T=100_h=5,True
20,237.19,763.56,91.2791,8.56603,20.0,58.3,7.0,annealing_T=75_h=25,True
20,233.43,761.06,0.0,0.0,20.0,58.3,7.0,annealing_T=75_h=5,False
20,233.43,761.06,62.5783,6.23121,20.0,58.3,7.0,before_annealing,True
21,232.61,250.2,747.308,5.93005,20.0,58.3,7.0,annealing_T=100_h=25,True
21,233.19,250.35,628.993,25.2804,20.0,58.3,7.0,annealing_T=100_h=5,True
21,235.14,250.7,1716.32,97.0216,20.0,58.3,7.0,annealing_T=75_h=25,True
21,238.48,250.13,1542.56,45.0004,20.0,58.3,7.0,annealing_T=75_h=5,True
21,235.56,247.67,1772.78,47.7836,20.0,58.3,7.0,before_annealing,True
22,250.5,358.11,1626.02,13.5352,20.0,58.3,7.0,annealing_T=100_h=25,True
22,250.97,358.25,837.557,33.7051,20.0,58.3,7.0,annealing_T=100_h=5,True
22,253.94,358.21,1009.3,32.4676,20.0,58.3,7.0,annealing_T=75_h=25,True
22,256.59,357.74,1003.36,33.1122,20.0,58.3,7.0,annealing_T=75_h=5,True
22,253.35,355.4,449.4,20.5514,20.0,58.3,7.0,before_annealing,True
23,273.67,26.13,0.0,0.0,20.0,58.3,7.0,annealing_T=100_h=25,False
23,275.32,23.25,0.0,0.0,20.0,58.3,7.0,annealing_T=100_h=5,False
23,273.67,26.13,40.7928,4.79914,20.0,58.3,7.0,annealing_T=75_h=25,True
23,277.5,25.64,28.4531,4.34684,20.0,58.3,7.0,annealing_T=75_h=5,True
23,275.32,23.25,373.078,19.8736,20.0,58.3,7.0,before_annealing,True
24,332.16,293.42,40.654,2.60763,20.0,58.3,7.0,annealing_T=100_h=25,True
24,332.69,293.38,38.6588,6.30755,20.0,58.3,7.0,annealing_T=100_h=5,True
24,335.15,293.01,39.2335,5.49065,20.0,58.3,7.0,annealing_T=75_h=25,True
24,337.82,293.26,53.3646,6.83687,20.0,58.3,7.0,annealing_T=75_h=5,True
24,334.47,291.05,49.0824,6.15188,20.0,58.3,7.0,before_annealing,True
25,345.92,46.35,0.0,0.0,20.0,58.3,7.0,annealing_T=100_h=25,False
25,348.21,44.51,0.0,0.0,20.0,58.3,7.0,annealing_T=100_h=5,False
25,345.92,46.35,52.2333,6.34569,20.0,58.3,7.0,annealing_T=75_h=25,True
25,350.57,46.11,35.4185,4.95823,20.0,58.3,7.0,annealing_T=75_h=5,True
25,348.21,44.51,44.0412,5.7064,20.0,58.3,7.0,before_annealing,True
26,355.21,852.47,64.8609,3.23382,20.0,58.3,7.0,annealing_T=100_h=25,True
26,355.83,852.52,97.8264,9.34012,20.0,58.3,7.0,annealing_T=100_h=5,True
26,362.73,851.82,144.561,11.9631,20.0,58.3,7.0,annealing_T=75_h=25,True
26,362.61,852.03,499.19,23.9028,20.0,58.3,7.0,annealing_T=75_h=5,True
26,358.05,850.0,471.834,22.3779,20.0,58.3,7.0,before_annealing,True
27,374.99,374.58,0.0,0.0,20.0,58.3,7.0,annealing_T=100_h=25,False
27,374.64,372.91,0.0,0.0,20.0,58.3,7.0,annealing_T=100_h=5,False
27,374.99,374.58,142.292,11.6873,20.0,58.3,7.0,annealing_T=75_h=25,True
27,377.66,374.97,82.6172,9.15154,20.0,58.3,7.0,annealing_T=75_h=5,True
27,374.64,372.91,44.6435,6.07045,20.0,58.3,7.0,before_annealing,True
28,410.05,764.73,0.0,0.0,20.0,58.3,7.0,annealing_T=100_h=25,False
28,410.05,764.73,81.0824,7.90605,20.0,58.3,7.0,annealing_T=100_h=5,True
28,416.19,763.41,38.7822,3.91976,20.0,58.3,7.0,annealing_T=75_h=25,True
28,416.22,764.42,17.6827,2.371,20.0,58.3,7.0,annealing_T=75_h=5,True
28,412.24,762.07,86.6818,9.54074,20.0,58.3,7.0,before_annealing,True
29,419.47,553.6,0.0,0.0,20.0,58.3,7.0,annealing_T=100_h=25,False
29,417.57,552.86,0.0,0.0,20.0,58.3,7.0,annealing_T=100_h=5,False
29,419.47,553.6,25.1351,3.04113,20.0,58.3,7.0,annealing_T=75_h=25,True
29,421.23,554.2,27.6158,4.28758,20.0,58.3,7.0,annealing_T=75_h=5,True
29,417.57,552.86,29.9595,4.07488,20.0,58.3,7.0,before_annealing,True
30,414.48,953.95,142.744,3.20075,20.0,58.3,7.0,annealing_T=100_h=25,True
30,415.8,954.01,367.024,17.8178,20.0,58.3,7.0,annealing_T=100_h=5,True
30,423.39,952.54,344.916,17.2998,20.0,58.3,7.0,annealing_T=75_h=25,True
30,422.7,953.14,344.855,17.0836,20.0,58.3,7.0,annealing_T=75_h=5,True
30,418.05,951.37,316.928,16.0161,20.0,58.3,7.0,before_annealing,True
31,420.18,78.16,62.0016,2.98784,20.0,58.3,7.0,annealing_T=100_h=25,True
31,420.84,78.9,200.583,14.8233,20.0,58.3,7.0,annealing_T=100_h=5,True
31,421.37,77.22,169.717,13.4452,20.0,58.3,7.0,annealing_T=75_h=25,True
31,426.05,77.87,227.153,14.695,20.0,58.3,7.0,annealing_T=75_h=5,True
31,423.32,76.15,208.912,14.6908,20.0,58.3,7.0,before_annealing,True
32,426.32,492.3,780.763,6.48148,20.0,58.3,7.0,annealing_T=100_h=25,True
32,426.99,492.33,921.268,31.9634,20.0,58.3,7.0,annealing_T=100_h=5,True
32,431.03,490.84,998.111,32.0793,20.0,58.3,7.0,annealing_T=75_h=25,True
32,432.9,491.48,1704.63,41.5566,20.0,58.3,7.0,annealing_T=75_h=5,True
32,429.4,489.62,2449.01,51.1337,20.0,58.3,7.0,before_annealing,True
33,454.52,773.1,0.0,0.0,20.0,58.3,7.0,annealing_T=100_h=25,False
33,454.52,773.1,42.9085,7.40927,20.0,58.3,7.0,annealing_T=100_h=5,True
33,460.53,771.17,89.7536,8.98884,20.0,58.3,7.0,annealing_T=75_h=25,True
33,460.83,771.8,87.8613,8.43357,20.0,58.3,7.0,annealing_T=75_h=5,True
33,456.62,770.21,74.0645,7.75228,20.0,58.3,7.0,before_annealing,True
34,485.69,102.88,967.872,6.3938,20.0,58.3,7.0,annealing_T=100_h=25,True
34,486.43,102.89,3205.06,65.1457,20.0,58.3,7.0,annealing_T=100_h=5,True
34,487.29,100.95,1594.75,45.2909,20.0,58.3,7.0,annealing_T=75_h=25,True
34,491.45,101.92,3428.37,66.8983,20.0,58.3,7.0,annealing_T=75_h=5,True
34,489.0,100.3,3402.57,66.0947,20.0,58.3,7.0,before_annealing,True
35,504.81,14.29,0.0,0.0,20.0,58.3,7.0,annealing_T=100_h=25,False
35,502.65,12.69,0.0,0.0,20.0,58.3,7.0,annealing_T=100_h=5,False
35,502.65,12.69,0.0,0.0,20.0,58.3,7.0,annealing_T=75_h=25,False
35,504.81,14.29,32.6416,4.43064,20.0,58.3,7.0,annealing_T=75_h=5,True
35,502.65,12.69,34.496,4.61864,20.0,58.3,7.0,before_annealing,True
36,502.98,1003.82,0.0,0.0,20.0,58.3,7.0,annealing_T=100_h=25,False
36,502.98,1003.82,124.477,11.436,20.0,58.3,7.0,annealing_T=100_h=5,True
36,511.27,1001.29,111.98,9.55341,20.0,58.3,7.0,annealing_T=75_h=25,True
36,510.17,1002.41,102.229,8.66709,20.0,58.3,7.0,annealing_T=75_h=5,True
36,505.5,1001.08,90.709,8.12365,20.0,58.3,7.0,before_annealing,True
37,505.3,144.44,53.3555,2.28334,20.0,58.3,7.0,annealing_T=100_h=25,True
37,505.28,144.38,85.3488,7.9749,20.0,58.3,7.0,annealing_T=100_h=5,True
37,506.72,142.12,168.479,12.2183,20.0,58.3,7.0,annealing_T=75_h=25,True
37,510.67,143.02,295.652,17.8091,20.0,58.3,7.0,annealing_T=75_h=5,True
37,508.0,141.46,341.623,16.7881,20.0,58.3,7.0,before_annealing,True
38,513.05,851.26,0.0,0.0,20.0,58.3,7.0,annealing_T=100_h=25,False
38,513.05,851.26,0.0,0.0,20.0,58.3,7.0,annealing_T=100_h=5,False
38,513.05,851.26,0.0,0.0,20.0,58.3,7.0,annealing_T=75_h=25,False
38,513.05,851.26,0.0,0.0,20.0,58.3,7.0,annealing_T=75_h=5,False
38,513.05,851.26,34.3596,4.91455,20.0,58.3,7.0,before_annealing,True
39,512.76,887.46,360.605,9.60539,20.0,58.3,7.0,annealing_T=100_h=25,True
39,513.75,887.61,872.833,36.6127,20.0,58.3,7.0,annealing_T=100_h=5,True
39,520.82,885.34,3054.03,79.4748,20.0,58.3,7.0,annealing_T=75_h=25,True
39,520.44,886.44,3113.59,62.9703,20.0,58.3,7.0,annealing_T=75_h=5,True
39,515.95,884.84,2735.3,55.3932,20.0,58.3,7.0,before_annealing,True
40,567.85,127.2,23.3282,1.63563,20.0,58.3,7.0,annealing_T=100_h=25,True
40,571.64,124.56,0.0,0.0,20.0,58.3,7.0,annealing_T=100_h=5,False
40,569.59,124.69,23.1714,3.74608,20.0,58.3,7.0,annealing_T=75_h=25,True
40,574.48,126.75,20.8524,2.97759,20.0,58.3,7.0,annealing_T=75_h=5,True
40,571.64,124.56,18.0209,2.91534,20.0,58.3,7.0,before_annealing,True
41,583.64,499.92,220.108,4.59012,20.0,58.3,7.0,annealing_T=100_h=25,True
41,596.14,529.58,0.0,0.0,20.0,58.3,7.0,annealing_T=100_h=5,False
41,598.77,529.49,21.9269,3.41615,20.0,58.3,7.0,annealing_T=75_h=25,True
41,600.05,531.31,46.4278,6.07494,20.0,58.3,7.0,annealing_T=75_h=5,True
41,596.14,529.58,60.4918,5.76803,20.0,58.3,7.0,before_annealing,True
42,609.59,337.59,0.0,0.0,20.0,58.3,7.0,annealing_T=100_h=25,False
42,608.99,337.57,0.0,0.0,20.0,58.3,7.0,annealing_T=100_h=5,False
42,609.59,337.59,32.2719,4.4338,20.0,58.3,7.0,annealing_T=75_h=25,True
42,612.31,339.07,31.3786,4.47403,20.0,58.3,7.0,annealing_T=75_h=5,True
42,608.99,337.57,27.7955,4.33908,20.0,58.3,7.0,before_annealing,True
43,608.38,1037.29,48.7005,2.30919,20.0,58.3,7.0,annealing_T=100_h=25,True
43,610.25,1037.24,62.6065,7.06576,20.0,58.3,7.0,annealing_T=100_h=5,True
43,618.72,1034.88,62.9231,7.97102,20.0,58.3,7.0,annealing_T=75_h=25,True
43,617.32,1036.43,49.0165,6.30367,20.0,58.3,7.0,annealing_T=75_h=5,True
43,612.04,1035.03,55.8756,6.67603,20.0,58.3,7.0,before_annealing,True
44,628.32,56.47,0.0,0.0,20.0,58.3,7.0,annealing_T=100_h=25,False
44,630.41,56.68,0.0,0.0,20.0,58.3,7.0,annealing_T=100_h=5,False
44,628.32,56.47,603.736,22.8804,20.0,58.3,7.0,annealing_T=75_h=25,True
44,632.87,58.18,706.728,24.3921,20.0,58.3,7.0,annealing_T=75_h=5,True
44,630.41,56.68,671.32,24.2899,20.0,58.3,7.0,before_annealing,True
45,634.61,921.19,81.1233,3.18676,20.0,58.3,7.0,annealing_T=100_h=25,True
45,635.56,921.19,138.371,10.8384,20.0,58.3,7.0,annealing_T=100_h=5,True
45,642.79,917.79,114.781,9.42871,20.0,58.3,7.0,annealing_T=75_h=25,True
45,642.21,919.71,69.2164,6.36915,20.0,58.3,7.0,annealing_T=75_h=5,True
45,637.99,918.35,65.3563,6.05818,20.0,58.3,7.0,before_annealing,True
46,646.07,444.43,54.2065,2.68661,20.0,58.3,7.0,annealing_T=100_h=25,True
46,646.79,444.74,50.1816,5.66403,20.0,58.3,7.0,annealing_T=100_h=5,True
46,650.47,441.34,105.618,10.0828,20.0,58.3,7.0,annealing_T=75_h=25,True
46,652.85,443.35,197.103,12.2095,20.0,58.3,7.0,annealing_T=75_h=5,True
46,649.34,441.92,216.017,13.1302,20.0,58.3,7.0,before_annealing,True
47,647.39,577.92,826.913,6.10886,20.0,58.3,7.0,annealing_T=100_h=25,True
47,648.37,577.69,1510.18,46.031,20.0,58.3,7.0,annealing_T=100_h=5,True
47,653.17,574.33,2923.32,69.4864,20.0,58.3,7.0,annealing_T=75_h=25,True
47,654.67,576.25,3578.86,76.5345,20.0,58.3,7.0,annealing_T=75_h=5,True
47,650.88,575.05,3106.74,66.4988,20.0,58.3,7.0,before_annealing,True
48,658.18,692.53,44.36,3.01484,20.0,58.3,7.0,annealing_T=100_h=25,True
48,659.0,692.72,107.632,9.62192,20.0,58.3,7.0,annealing_T=100_h=5,True
48,664.91,689.3,105.346,8.95816,20.0,58.3,7.0,annealing_T=75_h=25,True
48,665.5,691.26,107.539,10.0608,20.0,58.3,7.0,annealing_T=75_h=5,True
48,661.87,689.91,195.157,13.0908,20.0,58.3,7.0,before_annealing,True
49,675.8,906.39,0.0,3.8,20.0,58.3,7.0,annealing_T=100_h=25,False
49,670.88,907.01,0.0,4.1,20.0,58.3,7.0,annealing_T=100_h=5,False
49,675.8,906.39,32.1821,4.62464,20.0,58.3,7.0,annealing_T=75_h=25,True
49,675.07,908.25,72.6738,6.42449,20.0,58.3,7.0,annealing_T=75_h=5,True
49,670.88,907.01,102.063,7.87832,20.0,58.3,7.0,before_annealing,True
50,702.71,368.44,0.0,0.0,20.0,58.3,7.0,annealing_T=100_h=25,False
50,699.56,367.3,0.0,0.0,20.0,58.3,7.0,annealing_T=100_h=5,False
50,699.56,367.3,0.0,0.0,20.0,58.3,7.0,annealing_T=75_h=25,False
50,702.71,368.44,37.7435,5.64087,20.0,58.3,7.0,annealing_T=75_h=5,True
50,699.56,367.3,40.3231,6.17298,20.0,58.3,7.0,before_annealing,True
51,747.85,41.48,9707.58,20.475,20.0,58.3,7.0,annealing_T=100_h=25,True
51,748.31,41.38,10052.3,177.102,20.0,58.3,7.0,annealing_T=100_h=5,True
51,748.69,37.3,13070.0,237.145,20.0,58.3,7.0,annealing_T=75_h=25,True
51,753.34,39.78,13398.7,220.991,20.0,58.3,7.0,annealing_T=75_h=5,True
51,750.89,38.68,12373.1,224.306,20.0,58.3,7.0,before_annealing,True
52,790.05,677.64,0.0,0.0,20.0,58.3,7.0,annealing_T=100_h=25,False
52,786.42,676.82,0.0,0.0,20.0,58.3,7.0,annealing_T=100_h=5,False
52,786.42,676.82,0.0,0.0,20.0,58.3,7.0,annealing_T=75_h=25,False
52,790.05,677.64,30.2985,3.94607,20.0,58.3,7.0,annealing_T=75_h=5,True
52,786.42,676.82,60.0577,6.89343,20.0,58.3,7.0,before_annealing,True
53,787.69,253.52,26.4597,1.85238,20.0,58.3,7.0,annealing_T=100_h=25,True
53,788.23,253.25,42.3598,4.92515,20.0,58.3,7.0,annealing_T=100_h=5,True
53,790.36,249.14,63.7866,7.9985,20.0,58.3,7.0,annealing_T=75_h=25,True
53,793.7,251.72,107.891,8.9882,20.0,58.3,7.0,annealing_T=75_h=5,True
53,790.65,251.21,132.187,11.1168,20.0,58.3,7.0,before_annealing,True
54,802.37,196.83,300.221,4.3782,20.0,58.3,7.0,annealing_T=100_h=25,True
54,803.04,196.98,446.838,21.5255,20.0,58.3,7.0,annealing_T=100_h=5,True
54,804.8,192.51,516.367,23.0214,20.0,58.3,7.0,annealing_T=75_h=25,True
54,808.37,195.28,513.825,23.7463,20.0,58.3,7.0,annealing_T=75_h=5,True
54,805.56,194.4,543.182,22.2496,20.0,58.3,7.0,before_annealing,True
55,805.36,591.09,188.133,4.05959,20.0,58.3,7.0,annealing_T=100_h=25,True
55,806.18,590.94,237.257,14.1249,20.0,58.3,7.0,annealing_T=100_h=5,True
55,811.23,587.17,526.762,25.658,20.0,58.3,7.0,annealing_T=75_h=25,True
55,812.63,589.91,537.362,24.4498,20.0,58.3,7.0,annealing_T=75_h=5,True
55,808.75,588.99,649.359,28.6353,20.0,58.3,7.0,before_annealing,True
56,812.36,318.84,309.619,4.91915,20.0,58.3,7.0,annealing_T=100_h=25,True
56,813.13,318.7,166.325,12.7552,20.0,58.3,7.0,annealing_T=100_h=5,True
56,815.45,314.18,168.754,12.6972,20.0,58.3,7.0,annealing_T=75_h=25,True
56,818.61,316.9,123.415,11.2013,20.0,58.3,7.0,annealing_T=75_h=5,True
56,815.32,316.23,117.38,10.2273,20.0,58.3,7.0,before_annealing,True
57,827.77,671.59,102.384,3.41296,20.0,58.3,7.0,annealing_T=100_h=25,True
57,828.55,671.55,170.856,12.113,20.0,58.3,7.0,annealing_T=100_h=5,True
57,833.83,667.0,471.435,21.2251,20.0,58.3,7.0,annealing_T=75_h=25,True
57,834.73,669.89,440.639,18.9117,20.0,58.3,7.0,annealing_T=75_h=5,True
57,830.8,669.14,381.296,18.3309,20.0,58.3,7.0,before_annealing,True
58,828.55,828.86,23.02,1.94567,20.0,58.3,7.0,annealing_T=100_h=25,True
58,829.35,828.95,47.6571,6.26899,20.0,58.3,7.0,annealing_T=100_h=5,True
58,835.91,824.54,56.544,6.21084,20.0,58.3,7.0,annealing_T=75_h=25,True
58,835.92,827.76,53.9618,4.54869,20.0,58.3,7.0,annealing_T=75_h=5,True
58,831.89,826.74,54.2519,6.3466,20.0,58.3,7.0,before_annealing,True
59,829.4,888.31,1950.9,7.90631,20.0,58.3,7.0,annealing_T=100_h=25,True
59,830.35,888.12,2303.72,47.8145,20.0,58.3,7.0,annealing_T=100_h=5,True
59,837.53,883.42,2358.04,48.7427,20.0,58.3,7.0,annealing_T=75_h=25,True
59,837.08,886.41,3148.22,56.0671,20.0,58.3,7.0,annealing_T=75_h=5,True
59,832.58,885.53,3173.55,56.7154,20.0,58.3,7.0,before_annealing,True
60,848.17,888.7,49.8951,2.82646,20.0,58.3,7.0,annealing_T=100_h=25,True
60,848.84,888.12,85.8216,9.89826,20.0,58.3,7.0,annealing_T=100_h=5,True
60,855.71,883.81,88.1404,10.0475,20.0,58.3,7.0,annealing_T=75_h=25,True
60,855.04,886.73,103.899,9.88813,20.0,58.3,7.0,annealing_T=75_h=5,True
60,850.95,885.71,129.745,12.7309,20.0,58.3,7.0,before_annealing,True
61,856.24,477.51,29.0803,1.69431,20.0,58.3,7.0,annealing_T=100_h=25,True
61,857.39,477.36,108.473,9.37314,20.0,58.3,7.0,annealing_T=100_h=5,True
61,861.36,472.41,108.417,10.0081,20.0,58.3,7.0,annealing_T=75_h=25,True
61,863.05,475.62,214.706,12.9803,20.0,58.3,7.0,annealing_T=75_h=5,True
61,859.74,474.9,202.554,12.3201,20.0,58.3,7.0,before_annealing,True
62,859.87,671.81,501.217,6.54691,20.0,58.3,7.0,annealing_T=100_h=25,True
62,860.97,671.7,514.345,23.7077,20.0,58.3,7.0,annealing_T=100_h=5,True
62,866.15,666.88,556.325,27.0905,20.0,58.3,7.0,annealing_T=75_h=25,True
62,867.08,670.03,603.539,26.4837,20.0,58.3,7.0,annealing_T=75_h=5,True
62,863.34,669.19,631.243,28.021,20.0,58.3,7.0,before_annealing,True
63,867.62,1010.69,127.902,3.61409,20.0,58.3,7.0,annealing_T=100_h=25,True
63,868.53,1010.33,485.023,19.2925,20.0,58.3,7.0,annealing_T=100_h=5,True
63,876.61,1005.32,535.321,23.6515,20.0,58.3,7.0,annealing_T=75_h=25,True
63,875.3,1008.37,3800.9,107.357,20.0,58.3,7.0,annealing_T=75_h=5,True
63,870.63,1007.54,2818.88,85.9172,20.0,58.3,7.0,before_annealing,True
64,868.68,656.04,1020.93,6.88524,20.0,58.3,7.0,annealing_T=100_h=25,True
64,868.49,655.59,1694.93,51.355,20.0,58.3,7.0,annealing_T=100_h=5,True
64,873.65,650.55,2132.52,59.6407,20.0,58.3,7.0,annealing_T=75_h=25,True
64,874.88,653.69,2529.61,59.9528,20.0,58.3,7.0,annealing_T=75_h=5,True
64,870.8,652.81,4072.5,80.9879,20.0,58.3,7.0,before_annealing,True
65,869.96,477.28,0.0,0.0,20.0,58.3,7.0,annealing_T=100_h=25,False
65,869.96,477.28,71.0222,7.28928,20.0,58.3,7.0,annealing_T=100_h=5,True
65,873.75,472.36,64.777,7.96993,20.0,58.3,7.0,annealing_T=75_h=25,True
65,875.35,475.38,59.3166,6.90934,20.0,58.3,7.0,annealing_T=75_h=5,True
65,872.15,475.1,123.597,9.8163,20.0,58.3,7.0,before_annealing,True
66,870.04,568.93,17.048,4.7442,20.0,58.3,7.0,annealing_T=100_h=25,True
66,870.92,570.14,17.5525,2.86787,20.0,58.3,7.0,annealing_T=100_h=5,True
66,875.53,564.09,21.0971,3.46315,20.0,58.3,7.0,annealing_T=75_h=25,True
66,873.18,566.61,0.0,0.0,20.0,58.3,7.0,annealing_T=75_h=5,False
66,873.18,566.61,14.8158,2.36323,20.0,58.3,7.0,before_annealing,True
67,905.78,734.89,508.768,4.8921,20.0,58.3,7.0,annealing_T=100_h=25,True
67,906.6,734.53,781.662,31.783,20.0,58.3,7.0,annealing_T=100_h=5,True
67,912.57,729.25,1095.26,35.4119,20.0,58.3,7.0,annealing_T=75_h=25,True
67,913.09,732.5,1016.5,34.5785,20.0,58.3,7.0,annealing_T=75_h=5,True
67,908.95,731.94,1459.33,37.799,20.0,58.3,7.0,before_annealing,True
68,907.93,409.39,1495.69,7.33633,20.0,58.3,7.0,annealing_T=100_h=25,True
68,908.62,409.4,3569.49,74.1895,20.0,58.3,7.0,annealing_T=100_h=5,True
68,912.52,404.41,3823.67,88.7316,20.0,58.3,7.0,annealing_T=75_h=25,True
68,914.69,407.58,3822.64,78.9791,20.0,58.3,7.0,annealing_T=75_h=5,True
68,911.61,407.03,4602.47,96.5486,20.0,58.3,7.0,before_annealing,True
69,938.25,810.96,1530.99,7.62357,20.0,58.3,7.0,annealing_T=100_h=25,True
69,939.28,810.68,1782.87,44.3701,20.0,58.3,7.0,annealing_T=100_h=5,True
69,945.77,805.05,1837.72,46.1355,20.0,58.3,7.0,annealing_T=75_h=25,True
69,945.79,808.63,1860.78,43.8437,20.0,58.3,7.0,annealing_T=75_h=5,True
69,941.51,808.14,2216.08,48.3944,20.0,58.3,7.0,before_annealing,True
70,951.07,761.95,0.0,0.0,20.0,58.3,7.0,annealing_T=100_h=25,False
70,951.07,761.95,0.0,0.0,20.0,58.3,7.0,annealing_T=100_h=5,False
70,951.07,761.95,0.0,0.0,20.0,58.3,7.0,annealing_T=75_h=25,False
70,951.07,761.95,0.0,0.0,20.0,58.3,7.0,annealing_T=75_h=5,False
70,951.07,761.95,36.0947,3.87603,20.0,58.3,7.0,before_annealing,True
71,969.38,831.28,0.0,0.0,20.0,58.3,7.0,annealing_T=100_h=25,False
71,969.38,831.28,0.0,0.0,20.0,58.3,7.0,annealing_T=100_h=5,False
71,969.38,831.28,0.0,0.0,20.0,58.3,7.0,annealing_T=75_h=25,False
71,969.38,831.28,0.0,0.0,20.0,58.3,7.0,annealing_T=75_h=5,False
71,969.38,831.28,22.9527,3.4098,20.0,58.3,7.0,before_annealing,True
72,986.86,807.12,760.833,6.04132,20.0,58.3,7.0,annealing_T=100_h=25,True
72,987.76,806.87,621.306,25.0624,20.0,58.3,7.0,annealing_T=100_h=5,True
72,994.2,800.9,652.135,26.5866,20.0,58.3,7.0,annealing_T=75_h=25,True
72,994.29,804.84,732.428,26.9303,20.0,58.3,7.0,annealing_T=75_h=5,True
72,990.04,804.4,825.089,29.7648,20.0,58.3,7.0,before_annealing,True
73,1000.29,10.69,133.838,3.72438,20.0,58.3,7.0,annealing_T=100_h=25,True
73,1000.82,10.79,1284.65,34.526,20.0,58.3,7.0,annealing_T=100_h=5,True
73,1000.93,5.73,1139.24,23.8622,20.0,58.3,7.0,annealing_T=75_h=25,True
73,1005.68,8.87,1261.26,32.4644,20.0,58.3,7.0,annealing_T=75_h=5,True
73,1003.28,8.46,1211.8,30.9213,20.0,58.3,7.0,before_annealing,True
74,1001.52,126.08,23.9848,1.81638,20.0,58.3,7.0,annealing_T=100_h=25,True
74,1002.36,125.62,33.8874,4.28712,20.0,58.3,7.0,annealing_T=100_h=5,True
74,1003.39,119.46,52.4529,6.0895,20.0,58.3,7.0,annealing_T=75_h=25,True
74,1007.61,123.34,40.1891,5.06123,20.0,58.3,7.0,annealing_T=75_h=5,True
74,1004.96,123.02,45.1797,5.21211,20.0,58.3,7.0,before_annealing,True
75,1016.7,1073.89,49.7087,2.60049,20.0,58.3,7.0,annealing_T=100_h=25,True
75,1017.93,1073.51,109.301,10.6412,20.0,58.3,7.0,annealing_T=100_h=5,True
75,1026.45,1067.39,134.189,11.059,20.0,58.3,7.0,annealing_T=75_h=25,True
75,1025.17,1071.39,143.468,10.7063,20.0,58.3,7.0,annealing_T=75_h=5,True
75,1020.16,1070.87,107.627,9.75757,20.0,58.3,7.0,before_annealing,True
76,1042.41,76.67,641.402,5.62395,20.0,58.3,7.0,annealing_T=100_h=25,True
76,1043.17,76.38,1010.83,35.9839,20.0,58.3,7.0,annealing_T=100_h=5,True
76,1043.82,69.91,2537.33,60.961,20.0,58.3,7.0,annealing_T=75_h=25,True
76,1048.15,74.13,2679.17,58.8271,20.0,58.3,7.0,annealing_T=75_h=5,True
76,1045.65,73.78,2634.96,58.0731,20.0,58.3,7.0,before_annealing,True
77,1043.78,496.66,0.0,0.0,20.0,58.3,7.0,annealing_T=100_h=25,False
77,1043.78,496.66,18.8376,2.70487,20.0,58.3,7.0,annealing_T=100_h=5,True
77,1047.36,489.95,117.397,10.4191,20.0,58.3,7.0,annealing_T=75_h=25,True
77,1049.51,493.97,117.967,10.0153,20.0,58.3,7.0,annealing_T=75_h=5,True
77,1045.85,493.77,110.338,10.649,20.0,58.3,7.0,before_annealing,True
78,1043.92,37.56,2224.89,8.32221,20.0,58.3,7.0,annealing_T=100_h=25,True
78,1044.44,37.34,5121.32,88.804,20.0,58.3,7.0,annealing_T=100_h=5,True
78,1044.82,30.96,2439.01,58.5075,20.0,58.3,7.0,annealing_T=75_h=25,True
78,1049.4,35.12,2614.93,56.7669,20.0,58.3,7.0,annealing_T=75_h=5,True
78,1047.09,34.79,2086.49,48.9236,20.0,58.3,7.0,before_annealing,True
79,1047.28,959.27,82.3298,3.48402,20.0,58.3,7.0,annealing_T=100_h=25,True
79,1048.25,959.26,518.191,22.1426,20.0,58.3,7.0,annealing_T=100_h=5,True
79,1056.01,953.07,387.888,18.5907,20.0,58.3,7.0,annealing_T=75_h=25,True
79,1055.22,957.29,396.264,20.5015,20.0,58.3,7.0,annealing_T=75_h=5,True
79,1050.63,957.02,426.672,21.214,20.0,58.3,7.0,before_annealing,True
80,1049.51,806.32,270.98,4.32484,20.0,58.3,7.0,annealing_T=100_h=25,True
80,1050.64,806.12,140.246,10.8894,20.0,58.3,7.0,annealing_T=100_h=5,True
80,1057.04,799.69,129.121,12.0667,20.0,58.3,7.0,annealing_T=75_h=25,True
80,1056.93,804.04,127.092,9.48642,20.0,58.3,7.0,annealing_T=75_h=5,True
80,1052.73,803.85,129.857,11.3998,20.0,58.3,7.0,before_annealing,True
81,1063.55,237.04,55.9029,2.36361,20.0,58.3,7.0,annealing_T=100_h=25,True
81,1063.89,236.74,65.5698,6.03386,20.0,58.3,7.0,annealing_T=100_h=5,True
81,1066.25,230.35,43.1477,4.44006,20.0,58.3,7.0,annealing_T=75_h=25,True
81,1069.42,234.82,37.7036,4.86345,20.0,58.3,7.0,annealing_T=75_h=5,True
81,1066.52,234.45,38.6635,4.10945,20.0,58.3,7.0,before_annealing,True
82,1065.23,90.18,305.78,4.48892,20.0,58.3,7.0,annealing_T=100_h=25,True
82,1065.37,89.66,445.281,23.9669,20.0,58.3,7.0,annealing_T=100_h=5,True
82,1065.86,83.04,332.594,21.6649,20.0,58.3,7.0,annealing_T=75_h=25,True
82,1070.02,86.8,327.877,21.3601,20.0,58.3,7.0,annealing_T=75_h=5,True
82,1067.53,86.75,366.345,22.8319,20.0,58.3,7.0,before_annealing,True
83,1085.67,525.49,2804.27,9.58664,20.0,58.3,7.0,annealing_T=100_h=25,True
83,1086.5,525.09,4935.02,80.4296,20.0,58.3,7.0,annealing_T=100_h=5,True
83,1090.79,518.36,4241.86,79.3787,20.0,58.3,7.0,annealing_T=75_h=25,True
83,1092.54,522.92,5260.58,87.2469,20.0,58.3,7.0,annealing_T=75_h=5,True
83,1088.99,522.7,4791.47,79.867,20.0,58.3,7.0,before_annealing,True
84,1086.57,690.03,111.995,3.05083,20.0,58.3,7.0,annealing_T=100_h=25,True
84,1087.42,689.5,185.417,11.4803,20.0,58.3,7.0,annealing_T=100_h=5,True
84,1093.27,682.97,218.028,14.0658,20.0,58.3,7.0,annealing_T=75_h=25,True
84,1094.0,687.41,228.191,14.5667,20.0,58.3,7.0,annealing_T=75_h=5,True
84,1089.95,687.51,218.704,13.9479,20.0,58.3,7.0,before_annealing,True
85,1087.35,912.39,0.0,0.0,20.0,58.3,7.0,annealing_T=100_h=25,False
85,1087.35,912.39,55.2208,7.79741,20.0,58.3,7.0,annealing_T=100_h=5,True
85,1095.14,905.64,191.276,13.5236,20.0,58.3,7.0,annealing_T=75_h=25,True
85,1094.92,910.12,203.799,14.3083,20.0,58.3,7.0,annealing_T=75_h=5,True
85,1090.2,909.78,197.851,13.364,20.0,58.3,7.0,before_annealing,True
86,1127.92,533.55,0.0,0.0,20.0,58.3,7.0,annealing_T=100_h=25,False
86,1124.6,533.26,0.0,0.0,20.0,58.3,7.0,annealing_T=100_h=5,False
86,1124.6,533.26,0.0,0.0,20.0,58.3,7.0,annealing_T=75_h=25,False
86,1127.92,533.55,52.9804,6.06102,20.0,58.3,7.0,annealing_T=75_h=5,True
86,1124.6,533.26,31.9803,5.32844,20.0,58.3,7.0,before_annealing,True
87,1145.29,431.1,50.899,2.35945,20.0,58.3,7.0,annealing_T=100_h=25,True
87,1146.2,430.55,45.6411,4.73927,20.0,58.3,7.0,annealing_T=100_h=5,True
87,1149.62,423.58,52.8447,5.87729,20.0,58.3,7.0,annealing_T=75_h=25,True
87,1151.82,428.57,82.0011,7.03132,20.0,58.3,7.0,annealing_T=75_h=5,True
87,1148.51,428.23,75.9211,7.40858,20.0,58.3,7.0,before_annealing,True
88,1165.32,242.04,5925.5,11.1846,20.0,58.3,7.0,annealing_T=100_h=25,True
88,1165.92,241.68,5755.38,83.9146,20.0,58.3,7.0,annealing_T=100_h=5,True
88,1167.9,234.36,5924.92,85.1396,20.0,58.3,7.0,annealing_T=75_h=25,True
88,1171.4,239.22,5660.45,80.4418,20.0,58.3,7.0,annealing_T=75_h=5,True
88,1168.43,239.16,5741.57,79.5903,20.0,58.3,7.0,before_annealing,True
89,1173.1,912.7,0.0,0.0,20.0,58.3,7.0,annealing_T=100_h=25,False
89,1173.1,912.7,0.0,0.0,20.0,58.3,7.0,annealing_T=100_h=5,False
89,1173.1,912.7,0.0,0.0,20.0,58.3,7.0,annealing_T=75_h=25,False
89,1173.1,912.7,0.0,0.0,20.0,58.3,7.0,annealing_T=75_h=5,False
89,1173.1,912.7,15.1934,2.24238,20.0,58.3,7.0,before_annealing,True
90,1175.68,931.96,28.0155,1.87253,20.0,58.3,7.0,annealing_T=100_h=25,True
90,1176.64,931.28,51.6827,5.28167,20.0,58.3,7.0,annealing_T=100_h=5,True
90,1183.91,924.11,49.8259,5.62561,20.0,58.3,7.0,annealing_T=75_h=25,True
90,1183.39,928.56,194.427,17.3907,20.0,58.3,7.0,annealing_T=75_h=5,True
90,1178.79,928.7,140.318,9.83688,20.0,58.3,7.0,before_annealing,True
91,1183.38,588.15,0.0,0.0,20.0,58.3,7.0,annealing_T=100_h=25,False
91,1181.25,592.72,0.0,0.0,20.0,58.3,7.0,annealing_T=100_h=5,False
91,1183.38,588.15,76.9928,8.26675,20.0,58.3,7.0,annealing_T=75_h=25,True
91,1184.55,592.78,81.3377,7.89628,20.0,58.3,7.0,annealing_T=75_h=5,True
91,1181.25,592.72,74.3709,7.72348,20.0,58.3,7.0,before_annealing,True
92,1220.35,787.13,69.783,2.69998,20.0,58.3,7.0,annealing_T=100_h=25,True
92,1221.41,786.82,111.938,10.375,20.0,58.3,7.0,annealing_T=100_h=5,True
92,1227.97,779.17,141.946,12.9102,20.0,58.3,7.0,annealing_T=75_h=25,True
92,1227.95,784.42,126.444,10.9325,20.0,58.3,7.0,annealing_T=75_h=5,True
92,1223.62,784.58,125.212,10.9718,20.0,58.3,7.0,before_annealing,True
93,1225.89,670.81,0.0,0.0,20.0,58.3,7.0,annealing_T=100_h=25,False
93,1225.89,670.81,502.943,26.6634,20.0,58.3,7.0,annealing_T=100_h=5,True
93,1231.55,662.55,183.701,20.291,20.0,58.3,7.0,annealing_T=75_h=25,True
93,1232.21,667.33,271.53,19.2272,20.0,58.3,7.0,annealing_T=75_h=5,True
93,1228.28,667.18,255.333,18.4168,20.0,58.3,7.0,before_annealing,True
94,1236.37,155.73,35.5852,1.99665,20.0,58.3,7.0,annealing_T=100_h=25,True
94,1237.22,155.26,44.3163,4.99361,20.0,58.3,7.0,annealing_T=100_h=5,True
94,1238.38,147.83,58.8524,7.25267,20.0,58.3,7.0,annealing_T=75_h=25,True
94,1242.43,153.13,68.6719,7.05582,20.0,58.3,7.0,annealing_T=75_h=5,True
94,1239.59,153.11,70.411,6.57886,20.0,58.3,7.0,before_annealing,True
95,1241.5,485.84,1383.52,6.72497,20.0,58.3,7.0,annealing_T=100_h=25,True
95,1242.11,485.42,307.987,15.6074,20.0,58.3,7.0,annealing_T=100_h=5,True
95,1245.89,477.47,279.938,17.1,20.0,58.3,7.0,annealing_T=75_h=25,True
95,1247.94,482.84,429.891,18.1701,20.0,58.3,7.0,annealing_T=75_h=5,True
95,1244.57,483.03,354.173,16.9543,20.0,58.3,7.0,before_annealing,True
96,1253.94,231.66,0.0,0.0,20.0,58.3,7.0,annealing_T=100_h=25,False
96,1253.94,231.66,0.0,0.0,20.0,58.3,7.0,annealing_T=100_h=5,False
96,1253.94,231.66,0.0,0.0,20.0,58.3,7.0,annealing_T=75_h=25,False
96,1253.94,231.66,0.0,0.0,20.0,58.3,7.0,annealing_T=75_h=5,False
96,1253.94,231.66,39.94,4.88565,20.0,58.3,7.0,before_annealing,True
97,1252.2,597.26,44.9798,2.29207,20.0,58.3,7.0,annealing_T=100_h=25,True
97,1252.72,596.91,80.6125,7.54962,20.0,58.3,7.0,annealing_T=100_h=5,True
97,1255.16,594.41,0.0,0.0,20.0,58.3,7.0,annealing_T=75_h=25,False
97,1255.16,594.41,0.0,0.0,20.0,58.3,7.0,annealing_T=75_h=5,False
97,1255.16,594.41,70.8835,8.14317,20.0,58.3,7.0,before_annealing,True
98,1270.17,1067.42,0.0,0.0,20.0,58.3,7.0,annealing_T=100_h=25,False
98,1263.68,1072.85,0.0,0.0,20.0,58.3,7.0,annealing_T=100_h=5,False
98,1270.17,1067.42,51.1871,5.72965,20.0,58.3,7.0,annealing_T=75_h=25,True
98,1269.08,1072.96,60.3224,6.49227,20.0,58.3,7.0,annealing_T=75_h=5,True
98,1263.68,1072.85,35.0508,4.87008,20.0,58.3,7.0,before_annealing,True
99,1262.82,414.79,55.9021,7.67006,20.0,58.3,7.0,annealing_T=100_h=25,True
99,1266.05,411.69,0.0,0.0,20.0,58.3,7.0,annealing_T=100_h=5,False
99,1266.87,406.24,42.197,4.8688,20.0,58.3,7.0,annealing_T=75_h=25,True
99,1269.8,412.07,37.2494,5.12711,20.0,58.3,7.0,annealing_T=75_h=5,True
99,1266.05,411.69,32.1371,4.40561,20.0,58.3,7.0,before_annealing,True
100,1265.78,790.59,1327.02,7.25743,20.0,58.3,7.0,annealing_T=100_h=25,True
100,1266.75,790.14,1482.44,39.0664,20.0,58.3,7.0,annealing_T=100_h=5,True
100,1272.88,782.24,4531.31,97.698,20.0,58.3,7.0,annealing_T=75_h=25,True
100,1273.12,787.75,4445.08,89.003,20.0,58.3,7.0,annealing_T=75_h=5,True
100,1268.9,788.03,4332.46,89.856,20.0,58.3,7.0,before_annealing,True
101,1285.93,763.47,0.0,0.0,20.0,58.3,7.0,annealing_T=100_h=25,False
101,1282.03,769.86,0.0,0.0,20.0,58.3,7.0,annealing_T=100_h=5,False
101,1285.93,763.47,25.0905,3.66055,20.0,58.3,7.0,annealing_T=75_h=25,True
101,1286.78,769.46,18.2537,2.47444,20.0,58.3,7.0,annealing_T=75_h=5,True
101,1282.03,769.86,28.9538,3.96142,20.0,58.3,7.0,before_annealing,True
102,1287.24,875.6,0.0,0.0,20.0,58.3,7.0,annealing_T=100_h=25,False
102,1287.24,875.6,48.2174,4.97453,20.0,58.3,7.0,annealing_T=100_h=5,True
102,1294.02,866.74,54.4788,12.0786,20.0,58.3,7.0,annealing_T=75_h=25,True
102,1293.97,872.76,51.9759,6.5343,20.0,58.3,7.0,annealing_T=75_h=5,True
102,1289.32,873.27,72.1391,6.99013,20.0,58.3,7.0,before_annealing,True
103,1288.69,322.58,123.685,10.4014,20.0,58.3,7.0,annealing_T=100_h=25,True
103,1289.4,321.87,122.497,13.9139,20.0,58.3,7.0,annealing_T=100_h=5,True
103,1292.09,313.84,122.023,13.1395,20.0,58.3,7.0,annealing_T=75_h=25,True
103,1295.11,319.21,115.657,13.3459,20.0,58.3,7.0,annealing_T=75_h=5,True
103,1292.09,319.53,108.8,15.5558,20.0,58.3,7.0,before_annealing,True
104,1315.79,75.51,35.855,2.03405,20.0,58.3,7.0,annealing_T=100_h=25,True
104,1316.47,74.5,31.3668,4.08892,20.0,58.3,7.0,annealing_T=100_h=5,True
104,1316.95,66.47,54.5084,6.67871,20.0,58.3,7.0,annealing_T=75_h=25,True
104,1321.24,72.04,38.0367,5.65483,20.0,58.3,7.0,annealing_T=75_h=5,True
104,1318.81,72.54,69.0037,7.47216,20.0,58.3,7.0,before_annealing,True
105,1324.9,521.62,0.0,0.0,20.0,58.3,7.0,annealing_T=100_h=25,False
105,1322.64,528.6,0.0,0.0,20.0,58.3,7.0,annealing_T=100_h=5,False
105,1324.9,521.62,65.2963,6.93536,20.0,58.3,7.0,annealing_T=75_h=25,True
105,1326.57,527.69,41.9384,5.40239,20.0,58.3,7.0,annealing_T=75_h=5,True
105,1322.64,528.6,20.9164,3.20205,20.0,58.3,7.0,before_annealing,True
106,1334.41,628.0,1051.35,8.76103,20.0,58.3,7.0,annealing_T=100_h=25,True
106,1335.29,627.46,592.328,25.8133,20.0,58.3,7.0,annealing_T=100_h=5,True
106,1340.35,618.72,550.311,28.0412,20.0,58.3,7.0,annealing_T=75_h=25,True
106,1341.6,624.54,593.346,25.1087,20.0,58.3,7.0,annealing_T=75_h=5,True
106,1337.68,625.16,1013.01,37.5461,20.0,58.3,7.0,before_annealing,True
107,1358.7,162.16,0.0,0.0,20.0,58.3,7.0,annealing_T=100_h=25,False
107,1359.56,168.24,0.0,0.0,20.0,58.3,7.0,annealing_T=100_h=5,False
107,1358.7,162.16,277.172,20.2407,20.0,58.3,7.0,annealing_T=75_h=25,True
107,1362.73,168.08,171.474,14.0854,20.0,58.3,7.0,annealing_T=75_h=5,True
107,1359.56,168.24,38.9088,9.18931,20.0,58.3,7.0,before_annealing,True
108,1367.36,630.9,42.1498,2.22348,20.0,58.3,7.0,annealing_T=100_h=25,True
108,1368.35,630.61,105.269,8.55389,20.0,58.3,7.0,annealing_T=100_h=5,True
108,1373.24,622.01,146.191,11.6836,20.0,58.3,7.0,annealing_T=75_h=25,True
108,1374.24,627.78,127.101,10.1617,20.0,58.3,7.0,annealing_T=75_h=5,True
108,1370.61,628.25,113.424,8.82061,20.0,58.3,7.0,before_annealing,True
109,1370.64,812.32,69.9481,2.79742,20.0,58.3,7.0,annealing_T=100_h=25,True
109,1371.42,811.91,177.685,13.0894,20.0,58.3,7.0,annealing_T=100_h=5,True
109,1378.02,802.78,269.938,16.5688,20.0,58.3,7.0,annealing_T=75_h=25,True
109,1378.3,808.79,347.598,17.5922,20.0,58.3,7.0,annealing_T=75_h=5,True
109,1373.8,809.36,303.079,16.509,20.0,58.3,7.0,before_annealing,True
110,1374.35,914.06,318.361,5.40601,20.0,58.3,7.0,annealing_T=100_h=25,True
110,1375.63,913.51,294.823,17.5774,20.0,58.3,7.0,annealing_T=100_h=5,True
110,1382.84,904.64,502.627,23.1222,20.0,58.3,7.0,annealing_T=75_h=25,True
110,1382.45,910.49,288.515,17.004,20.0,58.3,7.0,annealing_T=75_h=5,True
110,1377.91,911.13,353.042,18.7152,20.0,58.3,7.0,before_annealing,True
111,1382.34,118.77,129.484,4.10081,20.0,58.3,7.0,annealing_T=100_h=25,True
111,1382.51,118.45,125.964,11.6824,20.0,58.3,7.0,annealing_T=100_h=5,True
111,1383.46,109.17,106.321,11.5015,20.0,58.3,7.0,annealing_T=75_h=25,True
111,1387.54,115.73,88.6901,10.2814,20.0,58.3,7.0,annealing_T=75_h=5,True
111,1384.97,115.78,98.2215,9.91571,20.0,58.3,7.0,before_annealing,True
112,1387.1,363.81,0.0,0.0,20.0,58.3,7.0,annealing_T=100_h=25,False
112,1386.6,370.02,0.0,0.0,20.0,58.3,7.0,annealing_T=100_h=5,False
112,1387.1,363.81,39.7665,4.76671,20.0,58.3,7.0,annealing_T=75_h=25,True
112,1389.43,370.44,75.2942,8.41393,20.0,58.3,7.0,annealing_T=75_h=5,True
112,1386.6,370.02,121.384,11.3339,20.0,58.3,7.0,before_annealing,True
113,1399.44,207.51,60.315,2.56725,20.0,58.3,7.0,annealing_T=100_h=25,True
113,1399.91,207.35,374.946,22.2915,20.0,58.3,7.0,annealing_T=100_h=5,True
113,1401.7,198.2,348.252,18.882,20.0,58.3,7.0,annealing_T=75_h=25,True
113,1405.38,204.5,305.561,19.6804,20.0,58.3,7.0,annealing_T=75_h=5,True
113,1402.57,204.89,409.189,20.8311,20.0,58.3,7.0,before_annealing,True
114,1420.74,353.41,69.9099,3.26738,20.0,58.3,7.0,annealing_T=100_h=25,True
114,1421.43,352.79,75.5497,8.05719,20.0,58.3,7.0,annealing_T=100_h=5,True
114,1424.33,343.22,70.6948,7.5342,20.0,58.3,7.0,annealing_T=75_h=25,True
114,1427.04,350.03,68.8325,6.42068,20.0,58.3,7.0,annealing_T=75_h=5,True
114,1423.86,350.41,66.9168,7.64518,20.0,58.3,7.0,before_annealing,True
115,1442.47,1005.37,4133.04,11.6336,20.0,58.3,7.0,annealing_T=100_h=25,True
115,1443.59,1004.8,4912.47,79.3582,20.0,58.3,7.0,annealing_T=100_h=5,True
115,1451.71,995.31,2947.11,57.5296,20.0,58.3,7.0,annealing_T=75_h=25,True
115,1450.64,1001.85,4120.44,77.4669,20.0,58.3,7.0,annealing_T=75_h=5,True
115,1445.89,1002.55,5144.0,85.0043,20.0,58.3,7.0,before_annealing,True
116,1460.23,20.23,28.1592,2.58732,20.0,58.3,7.0,annealing_T=100_h=25,True
116,1460.13,19.02,42.9642,5.89114,20.0,58.3,7.0,annealing_T=100_h=5,True
116,1460.5,9.68,74.1505,11.0741,20.0,58.3,7.0,annealing_T=75_h=25,True
116,1465.17,16.33,68.5579,7.67442,20.0,58.3,7.0,annealing_T=75_h=5,True
116,1462.89,17.02,62.5577,7.17455,20.0,58.3,7.0,before_annealing,True
117,1481.17,1045.04,1061.46,6.10424,20.0,58.3,7.0,annealing_T=100_h=25,True
117,1482.19,1044.47,995.734,29.986,20.0,58.3,7.0,annealing_T=100_h=5,True
117,1491.55,1034.48,1653.82,51.6973,20.0,58.3,7.0,annealing_T=75_h=25,True
117,1489.15,1041.44,1442.96,34.4013,20.0,58.3,7.0,annealing_T=75_h=5,True
117,1484.35,1042.24,1394.69,33.3953,20.0,58.3,7.0,before_annealing,True
118,1493.63,509.07,1480.26,7.29005,20.0,58.3,7.0,annealing_T=100_h=25,True
118,1494.24,508.51,1593.62,48.2596,20.0,58.3,7.0,annealing_T=100_h=5,True
118,1498.54,498.74,1602.71,49.3471,20.0,58.3,7.0,annealing_T=75_h=25,True
118,1500.49,505.53,1587.77,50.5829,20.0,58.3,7.0,annealing_T=75_h=5,True
118,1496.85,506.2,1911.04,52.6612,20.0,58.3,7.0,before_annealing,True
119,1497.1,1043.27,83.563,4.35085,20.0,58.3,7.0,annealing_T=100_h=25,True
119,1498.19,1042.42,76.8102,9.73294,20.0,58.3,7.0,annealing_T=100_h=5,True
119,1500.76,1039.97,0.0,0.0,20.0,58.3,7.0,annealing_T=75_h=25,False
119,1505.55,1038.97,352.98,20.4233,20.0,58.3,7.0,annealing_T=75_h=5,True
119,1500.76,1039.97,237.741,15.8173,20.0,58.3,7.0,before_annealing,True
120,1500.09,200.26,0.0,0.0,20.0,58.3,7.0,annealing_T=100_h=25,False
120,1500.09,200.26,22.4017,3.06965,20.0,58.3,7.0,annealing_T=100_h=5,True
120,1502.03,190.59,102.123,9.42808,20.0,58.3,7.0,annealing_T=75_h=25,True
120,1505.39,197.52,103.225,8.67238,20.0,58.3,7.0,annealing_T=75_h=5,True
120,1502.84,198.21,105.96,8.43616,20.0,58.3,7.0,before_annealing,True
121,1502.1,864.27,0.0,0.0,20.0,58.3,7.0,annealing_T=100_h=25,False
121,1502.1,864.27,62.7909,6.45614,20.0,58.3,7.0,annealing_T=100_h=5,True
121,1508.83,854.12,65.6179,7.01831,20.0,58.3,7.0,annealing_T=75_h=25,True
121,1508.62,861.04,253.906,14.5589,20.0,58.3,7.0,annealing_T=75_h=5,True
121,1504.2,861.79,249.897,14.4911,20.0,58.3,7.0,before_annealing,True
122,1530.01,765.22,711.966,5.82013,20.0,58.3,7.0,annealing_T=100_h=25,True
122,1530.96,764.37,17.6698,2.33797,20.0,58.3,7.0,annealing_T=100_h=5,True
122,1536.93,754.17,106.462,15.1357,20.0,58.3,7.0,annealing_T=75_h=25,True
122,1537.89,761.58,72.8673,6.9188,20.0,58.3,7.0,annealing_T=75_h=5,True
122,1533.39,762.16,136.992,10.3524,20.0,58.3,7.0,before_annealing,True
123,1531.57,138.36,66.847,2.43475,20.0,58.3,7.0,annealing_T=100_h=25,True
123,1532.14,137.57,86.8664,7.91741,20.0,58.3,7.0,annealing_T=100_h=5,True
123,1533.49,127.25,62.5094,6.86494,20.0,58.3,7.0,annealing_T=75_h=25,True
123,1537.39,134.2,167.288,11.4325,20.0,58.3,7.0,annealing_T=75_h=5,True
123,1534.95,135.07,225.163,14.2529,20.0,58.3,7.0,before_annealing,True
124,1532.63,405.87,58.6823,2.79475,20.0,58.3,7.0,annealing_T=100_h=25,True
124,1533.17,405.62,57.5255,6.89724,20.0,58.3,7.0,annealing_T=100_h=5,True
124,1536.84,395.2,57.2368,7.35164,20.0,58.3,7.0,annealing_T=75_h=25,True
124,1539.39,402.31,83.1379,8.40673,20.0,58.3,7.0,annealing_T=75_h=5,True
124,1536.0,403.13,79.2631,8.55323,20.0,58.3,7.0,before_annealing,True
125,1543.06,709.9,91.2465,3.15907,20.0,58.3,7.0,annealing_T=100_h=25,True
125,1543.48,710.03,1113.62,36.2232,20.0,58.3,7.0,annealing_T=100_h=5,True
125,1549.21,699.68,1226.83,39.0875,20.0,58.3,7.0,annealing_T=75_h=25,True
125,1550.13,706.66,786.316,25.581,20.0,58.3,7.0,annealing_T=75_h=5,True
125,1546.03,707.67,797.955,28.0782,20.0,58.3,7.0,before_annealing,True
126,1553.71,209.04,122.27,3.384,20.0,58.3,7.0,annealing_T=100_h=25,True
126,1554.27,208.45,266.43,17.1579,20.0,58.3,7.0,annealing_T=100_h=5,True
126,1556.22,198.01,1447.68,41.8227,20.0,58.3,7.0,annealing_T=75_h=25,True
126,1559.74,205.42,470.823,29.5596,20.0,58.3,7.0,annealing_T=75_h=5,True
126,1557.05,206.02,1262.31,43.0883,20.0,58.3,7.0,before_annealing,True
127,1569.29,682.72,29.306,2.242,20.0,58.3,7.0,annealing_T=100_h=25,True
127,1569.84,682.3,24.904,4.31178,20.0,58.3,7.0,annealing_T=100_h=5,True
127,1575.61,671.5,21.2071,3.16206,20.0,58.3,7.0,annealing_T=75_h=25,True
127,1576.5,679.51,23.1492,3.70685,20.0,58.3,7.0,annealing_T=75_h=5,True
127,1572.35,680.45,29.3252,4.95455,20.0,58.3,7.0,before_annealing,True
128,1570.14,169.42,54.952,2.24964,20.0,58.3,7.0,annealing_T=100_h=25,True
128,1570.89,168.91,83.6687,7.36783,20.0,58.3,7.0,annealing_T=100_h=5,True
128,1572.26,158.46,176.221,12.7,20.0,58.3,7.0,annealing_T=75_h=25,True
128,1576.27,165.56,191.659,14.2244,20.0,58.3,7.0,annealing_T=75_h=5,True
128,1573.62,166.47,168.579,11.6581,20.0,58.3,7.0,before_annealing,True
129,1579.22,926.58,360.616,5.13372,20.0,58.3,7.0,annealing_T=100_h=25,True
129,1580.12,925.79,834.741,27.4166,20.0,58.3,7.0,annealing_T=100_h=5,True
129,1587.59,915.21,794.818,28.4166,20.0,58.3,7.0,annealing_T=75_h=25,True
129,1587.0,922.45,1346.76,35.6129,20.0,58.3,7.0,annealing_T=75_h=5,True
129,1582.28,923.38,2402.39,47.3685,20.0,58.3,7.0,before_annealing,True
130,1581.47,651.68,66.0457,4.14145,20.0,58.3,7.0,annealing_T=100_h=25,True
130,1582.32,651.26,65.2363,7.96679,20.0,58.3,7.0,annealing_T=100_h=5,True
130,1587.72,640.39,80.6057,7.04262,20.0,58.3,7.0,annealing_T=75_h=25,True
130,1588.75,647.69,71.3244,6.38767,20.0,58.3,7.0,annealing_T=75_h=5,True
130,1585.09,648.56,78.889,7.74283,20.0,58.3,7.0,before_annealing,True
131,1586.13,806.88,0.0,0.0,20.0,58.3,7.0,annealing_T=100_h=25,False
131,1586.13,806.88,0.0,0.0,20.0,58.3,7.0,annealing_T=100_h=5,False
131,1586.13,806.88,0.0,0.0,20.0,58.3,7.0,annealing_T=75_h=25,False
131,1586.13,806.88,0.0,0.0,20.0,58.3,7.0,annealing_T=75_h=5,False
131,1586.13,806.88,25.8219,3.00356,20.0,58.3,7.0,before_annealing,True
132,1592.02,45.51,29.6283,2.01451,20.0,58.3,7.0,annealing_T=100_h=25,True
132,1593.07,44.72,78.7322,7.08702,20.0,58.3,7.0,annealing_T=100_h=5,True
132,1593.77,33.99,55.911,9.98465,20.0,58.3,7.0,annealing_T=75_h=25,True
132,1598.6,41.46,84.2731,7.37196,20.0,58.3,7.0,annealing_T=75_h=5,True
132,1596.12,42.32,63.4739,6.79659,20.0,58.3,7.0,before_annealing,True
133,1594.15,204.22,69.0564,3.44639,20.0,58.3,7.0,annealing_T=100_h=25,True
133,1594.31,203.74,46.8986,6.76786,20.0,58.3,7.0,annealing_T=100_h=5,True
133,1596.39,192.54,79.9967,8.23284,20.0,58.3,7.0,annealing_T=75_h=25,True
133,1600.13,199.81,111.747,10.2949,20.0,58.3,7.0,annealing_T=75_h=5,True
133,1597.15,200.8,91.8477,9.85142,20.0,58.3,7.0,before_annealing,True
134,1622.31,1043.1,0.0,0.0,20.0,58.3,7.0,annealing_T=100_h=25,False
134,1617.06,1043.76,0.0,0.0,20.0,58.3,7.0,annealing_T=100_h=5,False
134,1617.06,1043.76,0.0,0.0,20.0,58.3,7.0,annealing_T=75_h=25,False
134,1622.31,1043.1,24.1503,2.95639,20.0,58.3,7.0,annealing_T=75_h=5,True
134,1617.06,1043.76,20.2779,2.35459,20.0,58.3,7.0,before_annealing,True
135,1615.48,705.04,51.4458,2.75474,20.0,58.3,7.0,annealing_T=100_h=25,True
135,1616.66,704.52,21.4244,3.64166,20.0,58.3,7.0,annealing_T=100_h=5,True
135,1618.09,702.5,0.0,0.0,20.0,58.3,7.0,annealing_T=75_h=25,False
135,1622.96,701.02,18.9106,2.79427,20.0,58.3,7.0,annealing_T=75_h=5,True
135,1618.09,702.5,21.2182,2.86918,20.0,58.3,7.0,before_annealing,True
136,1616.56,912.48,723.857,6.66398,20.0,58.3,7.0,annealing_T=100_h=25,True
136,1617.45,911.97,2261.06,54.3382,20.0,58.3,7.0,annealing_T=100_h=5,True
136,1624.71,900.98,2773.12,61.7564,20.0,58.3,7.0,annealing_T=75_h=25,True
136,1624.32,908.58,2421.37,56.2522,20.0,58.3,7.0,annealing_T=75_h=5,True
136,1619.74,909.7,2675.55,59.5525,20.0,58.3,7.0,before_annealing,True
137,1616.8,988.22,933.686,6.50132,20.0,58.3,7.0,annealing_T=100_h=25,True
137,1617.67,987.64,1326.45,34.1922,20.0,58.3,7.0,annealing_T=100_h=5,True
137,1625.46,976.84,1682.99,43.2648,20.0,58.3,7.0,annealing_T=75_h=25,True
137,1624.63,984.41,2017.78,42.2389,20.0,58.3,7.0,annealing_T=75_h=5,True
137,1619.87,985.52,3400.44,71.4485,20.0,58.3,7.0,before_annealing,True
138,1642.23,880.97,154.788,3.684,20.0,58.3,7.0,annealing_T=100_h=25,True
138,1643.48,880.11,839.875,28.3325,20.0,58.3,7.0,annealing_T=100_h=5,True
138,1650.58,869.03,923.239,31.9405,20.0,58.3,7.0,annealing_T=75_h=25,True
138,1650.41,876.66,1322.13,41.1548,20.0,58.3,7.0,annealing_T=75_h=5,True
138,1645.97,877.86,1598.23,39.7999,20.0,58.3,7.0,before_annealing,True
139,1648.8,277.83,0.0,0.0,20.0,58.3,7.0,annealing_T=100_h=25,False
139,1648.8,277.83,77.3319,8.49128,20.0,58.3,7.0,annealing_T=100_h=5,True
139,1651.04,266.72,61.3038,7.53705,20.0,58.3,7.0,annealing_T=75_h=25,True
139,1654.81,274.47,85.0833,9.78802,20.0,58.3,7.0,annealing_T=75_h=5,True
139,1651.66,275.53,66.9458,7.49781,20.0,58.3,7.0,before_annealing,True
140,1650.48,629.48,47.0478,2.33718,20.0,58.3,7.0,annealing_T=100_h=25,True
140,1651.16,628.97,26.2304,3.99776,20.0,58.3,7.0,annealing_T=100_h=5,True
140,1656.51,617.62,95.5147,10.1552,20.0,58.3,7.0,annealing_T=75_h=25,True
140,1657.86,625.49,35.3567,4.39259,20.0,58.3,7.0,annealing_T=75_h=5,True
140,1653.94,626.37,30.2604,4.18502,20.0,58.3,7.0,before_annealing,True
141,1674.87,254.67,26.3951,2.43704,20.0,58.3,7.0,annealing_T=100_h=25,True
141,1675.46,253.74,33.4464,4.72672,20.0,58.3,7.0,annealing_T=100_h=5,True
141,1677.77,241.88,33.1736,4.93097,20.0,58.3,7.0,annealing_T=75_h=25,True
141,1681.19,250.51,33.0521,4.16859,20.0,58.3,7.0,annealing_T=75_h=5,True
141,1677.68,251.51,25.6878,3.01903,20.0,58.3,7.0,before_annealing,True
142,1681.55,872.9,0.0,0.0,20.0,58.3,7.0,annealing_T=100_h=25,False
142,1681.55,872.9,218.88,13.2784,20.0,58.3,7.0,annealing_T=100_h=5,True
142,1688.48,861.66,195.062,13.913,20.0,58.3,7.0,annealing_T=75_h=25,True
142,1688.3,869.58,181.103,12.8854,20.0,58.3,7.0,annealing_T=75_h=5,True
142,1683.98,870.73,191.93,12.6548,20.0,58.3,7.0,before_annealing,True
143,1692.65,1024.47,0.0,0.0,20.0,58.3,7.0,annealing_T=100_h=25,False
143,1688.22,1025.29,0.0,0.0,20.0,58.3,7.0,annealing_T=100_h=5,False
143,1688.22,1025.29,0.0,0.0,20.0,58.3,7.0,annealing_T=75_h=25,False
143,1692.65,1024.47,34.3171,4.95006,20.0,58.3,7.0,annealing_T=75_h=5,True
143,1688.22,1025.29,41.1695,4.83451,20.0,58.3,7.0,before_annealing,True
144,1696.22,282.42,0.0,0.0,20.0,58.3,7.0,annealing_T=100_h=25,False
144,1696.22,282.42,19.2052,3.76494,20.0,58.3,7.0,annealing_T=100_h=5,True
144,1698.11,270.56,26.3834,4.62212,20.0,58.3,7.0,annealing_T=75_h=25,True
144,1701.57,278.8,27.0068,3.90831,20.0,58.3,7.0,annealing_T=75_h=5,True
144,1698.91,280.05,25.6675,3.80888,20.0,58.3,7.0,before_annealing,True
145,1720.47,805.94,22.6068,1.66666,20.0,58.3,7.0,annealing_T=100_h=25,True
145,1721.12,805.15,48.7536,5.17473,20.0,58.3,7.0,annealing_T=100_h=5,True
145,1727.89,793.55,138.994,9.97323,20.0,58.3,7.0,annealing_T=75_h=25,True
145,1727.77,801.94,93.5745,8.83138,20.0,58.3,7.0,annealing_T=75_h=5,True
145,1723.43,803.19,107.558,9.04263,20.0,58.3,7.0,before_annealing,True
146,1737.35,732.91,0.0,0.0,20.0,58.3,7.0,annealing_T=100_h=25,False
146,1732.29,742.12,0.0,0.0,20.0,58.3,7.0,annealing_T=100_h=5,False
146,1737.35,732.91,92.8706,13.3773,20.0,58.3,7.0,annealing_T=75_h=25,True
146,1732.29,742.12,0.0,0.0,20.0,58.3,7.0,annealing_T=75_h=5,False
146,1732.29,742.12,95.3006,13.5165,20.0,58.3,7.0,before_annealing,True
147,1730.42,722.55,5291.14,11.0633,20.0,58.3,7.0,annealing_T=100_h=25,True
147,1731.25,721.79,6985.71,98.7537,20.0,58.3,7.0,annealing_T=100_h=5,True
147,1737.11,709.92,11398.7,151.763,20.0,58.3,7.0,annealing_T=75_h=25,True
147,1737.82,718.3,8228.58,113.176,20.0,58.3,7.0,annealing_T=75_h=5,True
147,1733.76,719.54,12112.1,134.09,20.0,58.3,7.0,before_annealing,True
148,1738.67,246.68,246.011,4.46195,20.0,58.3,7.0,annealing_T=100_h=25,True
148,1739.26,245.92,214.431,15.0016,20.0,58.3,7.0,annealing_T=100_h=5,True
148,1741.23,233.98,202.852,14.0184,20.0,58.3,7.0,annealing_T=75_h=25,True
148,1744.59,242.2,518.413,22.8784,20.0,58.3,7.0,annealing_T=75_h=5,True
148,1741.56,243.57,402.271,20.9565,20.0,58.3,7.0,before_annealing,True
149,1761.49,710.97,0.0,0.0,20.0,58.3,7.0,annealing_T=100_h=25,False
149,1759.03,720.9,0.0,0.0,20.0,58.3,7.0,annealing_T=100_h=5,False
149,1761.49,710.97,55.4312,9.56522,20.0,58.3,7.0,annealing_T=75_h=25,True
149,1762.53,718.68,21.194,3.44884,20.0,58.3,7.0,annealing_T=75_h=5,True
149,1759.03,720.9,72.7406,9.87377,20.0,58.3,7.0,before_annealing,True
150,1764.88,208.83,447.174,4.91567,20.0,58.3,7.0,annealing_T=100_h=25,True
150,1765.44,208.09,570.354,25.171,20.0,58.3,7.0,annealing_T=100_h=5,True
150,1767.17,195.79,2492.21,60.5399,20.0,58.3,7.0,annealing_T=75_h=25,True
150,1770.85,204.24,6025.45,89.4059,20.0,58.3,7.0,annealing_T=75_h=5,True
150,1768.01,205.65,4170.12,71.0969,20.0,58.3,7.0,before_annealing,True
151,1767.11,828.48,0.0,0.0,20.0,58.3,7.0,annealing_T=100_h=25,False
151,1767.11,828.48,16.7951,2.88186,20.0,58.3,7.0,annealing_T=100_h=5,True
151,1773.86,816.59,40.1476,5.07773,20.0,58.3,7.0,annealing_T=75_h=25,True
151,1773.87,824.38,107.852,8.85465,20.0,58.3,7.0,annealing_T=75_h=5,True
151,1769.45,825.98,93.9094,8.74355,20.0,58.3,7.0,before_annealing,True
152,1769.24,477.74,55.5686,2.38463,20.0,58.3,7.0,annealing_T=100_h=25,True
152,1769.88,477.32,734.804,27.2906,20.0,58.3,7.0,annealing_T=100_h=5,True
152,1773.72,465.03,701.588,29.6179,20.0,58.3,7.0,annealing_T=75_h=25,True
152,1775.95,473.62,680.491,27.5211,20.0,58.3,7.0,annealing_T=75_h=5,True
152,1772.33,475.17,552.572,24.0892,20.0,58.3,7.0,before_annealing,True
153,1777.65,1062.07,238.95,4.44836,20.0,58.3,7.0,annealing_T=100_h=25,True
153,1778.83,1061.4,295.551,17.2442,20.0,58.3,7.0,annealing_T=100_h=5,True
153,1787.41,1049.23,453.3,22.8969,20.0,58.3,7.0,annealing_T=75_h=25,True
153,1786.02,1057.65,513.313,22.9184,20.0,58.3,7.0,annealing_T=75_h=5,True
153,1781.01,1059.07,426.859,19.3248,20.0,58.3,7.0,before_annealing,True
154,1779.64,555.44,210.098,4.12838,20.0,58.3,7.0,annealing_T=100_h=25,True
154,1780.29,554.47,212.131,14.5706,20.0,58.3,7.0,annealing_T=100_h=5,True
154,1784.63,542.3,310.654,18.1357,20.0,58.3,7.0,annealing_T=75_h=25,True
154,1786.28,550.99,352.981,19.2905,20.0,58.3,7.0,annealing_T=75_h=5,True
154,1782.51,552.4,301.55,16.3375,20.0,58.3,7.0,before_annealing,True
155,1816.57,356.67,690.276,6.2199,20.0,58.3,7.0,annealing_T=100_h=25,True
155,1817.26,355.86,900.391,33.2107,20.0,58.3,7.0,annealing_T=100_h=5,True
155,1820.15,343.29,813.153,33.2968,20.0,58.3,7.0,annealing_T=75_h=25,True
155,1823.03,352.12,1012.02,34.3641,20.0,58.3,7.0,annealing_T=75_h=5,True
155,1819.94,353.72,746.434,29.3455,20.0,58.3,7.0,before_annealing,True
156,1820.01,992.82,531.922,6.08642,20.0,58.3,7.0,annealing_T=100_h=25,True
156,1821.11,992.21,501.532,23.8217,20.0,58.3,7.0,annealing_T=100_h=5,True
156,1828.99,979.45,64.4642,8.30027,20.0,58.3,7.0,annealing_T=75_h=25,True
156,1827.99,988.34,513.212,21.9553,20.0,58.3,7.0,annealing_T=75_h=5,True
156,1823.55,989.75,280.903,22.9155,20.0,58.3,7.0,before_annealing,True
157,1844.02,888.12,205.248,4.83633,20.0,58.3,7.0,annealing_T=100_h=25,True
157,1844.97,887.12,394.424,29.5697,20.0,58.3,7.0,annealing_T=100_h=5,True
157,1851.74,874.42,520.109,35.4128,20.0,58.3,7.0,annealing_T=75_h=25,True
157,1851.58,883.38,625.517,40.8089,20.0,58.3,7.0,annealing_T=75_h=5,True
157,1846.98,885.07,713.658,41.4002,20.0,58.3,7.0,before_annealing,True
158,1848.37,557.51,1286.44,7.48334,20.0,58.3,7.0,annealing_T=100_h=25,True
158,1849.27,556.67,702.168,30.5973,20.0,58.3,7.0,annealing_T=100_h=5,True
158,1853.6,543.99,1476.59,45.451,20.0,58.3,7.0,annealing_T=75_h=25,True
158,1855.36,552.89,1149.02,37.6187,20.0,58.3,7.0,annealing_T=75_h=5,True
158,1851.64,554.47,669.383,28.7151,20.0,58.3,7.0,before_annealing,True
159,1855.13,95.97,520.577,8.97561,20.0,58.3,7.0,annealing_T=100_h=25,True
159,1855.49,94.97,1995.56,49.749,20.0,58.3,7.0,annealing_T=100_h=5,True
159,1856.36,82.62,81.9069,8.97703,20.0,58.3,7.0,annealing_T=75_h=25,True
159,1860.8,91.3,1393.01,73.0212,20.0,58.3,7.0,annealing_T=75_h=5,True
159,1858.31,93.26,69.6395,8.76498,20.0,58.3,7.0,before_annealing,True
160,1871.57,1070.57,0.0,0.0,20.0,58.3,7.0,annealing_T=100_h=25,False
160,1864.61,1078.07,0.0,0.0,20.0,58.3,7.0,annealing_T=100_h=5,False
160,1871.57,1070.57,86.9729,9.42549,20.0,58.3,7.0,annealing_T=75_h=25,True
160,1870.08,1077.7,38.0081,4.1911,20.0,58.3,7.0,annealing_T=75_h=5,True
160,1864.61,1078.07,26.5306,2.92373,20.0,58.3,7.0,before_annealing,True
161,1885.84,254.84,451.663,5.38156,20.0,58.3,7.0,annealing_T=100_h=25,True
161,1886.01,254.04,473.928,23.8121,20.0,58.3,7.0,annealing_T=100_h=5,True
161,1888.16,240.89,1388.03,43.2702,20.0,58.3,7.0,annealing_T=75_h=25,True
161,1891.56,250.05,1214.82,41.3385,20.0,58.3,7.0,annealing_T=75_h=5,True
161,1888.51,251.72,1773.31,54.7394,20.0,58.3,7.0,before_annealing,True
162,1888.26,290.68,135.622,6.41443,20.0,58.3,7.0,annealing_T=100_h=25,True
162,1889.02,289.66,166.998,14.5426,20.0,58.3,7.0,annealing_T=100_h=5,True
162,1891.45,276.65,765.538,28.6499,20.0,58.3,7.0,annealing_T=75_h=25,True
162,1894.63,285.69,753.045,29.382,20.0,58.3,7.0,annealing_T=75_h=5,True
162,1891.51,287.33,1019.11,39.5904,20.0,58.3,7.0,before_annealing,True
163,1896.26,1047.49,47.3545,4.8326,20.0,58.3,7.0,annealing_T=100_h=25,True
163,1897.83,1046.34,90.6214,11.0768,20.0,58.3,7.0,annealing_T=100_h=5,True
163,1906.01,1033.46,63.3641,7.70682,20.0,58.3,7.0,annealing_T=75_h=25,True
163,1905.09,1042.38,61.0777,6.58117,20.0,58.3,7.0,annealing_T=75_h=5,True
163,1900.33,1043.94,63.9797,8.82017,20.0,58.3,7.0,before_annealing,True
