sensor,phase,run_number,local_spot,spot,x,y,integration_area,integration_radius,x_ref,y_ref,match_distance,match_type,candidate_count
B1,before_annealing,20260515-160114,0,0,1455.37,752.37,149.0,6.89,1455.37,752.37,0.0,reference,1
B1,before_annealing,20260515-160114,1,1,1511.52,747.05,148.0,6.86,1511.52,747.05,0.0,reference,1
B1,before_annealing,20260515-160114,2,2,2065.45,747.23,106.0,5.81,2065.45,747.23,0.0,reference,1
B1,before_annealing,20260515-160114,3,3,2044.23,742.07,399.0,11.27,2044.23,742.07,0.0,reference,1
B1,before_annealing,20260515-160114,4,4,725.29,737.18,50.0,3.99,725.29,737.18,0.0,reference,1
B1,before_annealing,20260515-160114,5,5,1185.6,736.59,59.0,4.33,1185.6,736.59,0.0,reference,1
B1,before_annealing,20260515-160114,6,6,864.6,734.97,35.0,3.34,864.6,734.97,0.0,reference,1
B1,before_annealing,20260515-160114,7,7,1191.24,720.63,169.0,7.33,1191.24,720.63,0.0,reference,1
B1,before_annealing,20260515-160114,8,8,761.3,691.7,1703.0,23.28,761.3,691.7,0.0,reference,1
B1,before_annealing,20260515-160114,9,9,1914.33,706.53,543.0,13.15,1914.33,706.53,0.0,reference,1
B1,before_annealing,20260515-160114,10,10,2626.57,718.46,27.0,2.93,2626.57,718.46,0.0,reference,1
B1,before_annealing,20260515-160114,11,11,1337.86,711.44,159.0,7.11,1337.86,711.44,0.0,reference,1
B1,before_annealing,20260515-160114,12,12,1040.42,707.99,26.0,2.88,1040.42,707.99,0.0,reference,1
B1,before_annealing,20260515-160114,13,13,2552.35,688.92,454.0,12.02,2552.35,688.92,0.0,reference,1
B1,before_annealing,20260515-160114,14,14,970.79,677.73,490.0,12.49,970.79,677.73,0.0,reference,1
B1,before_annealing,20260515-160114,15,15,2017.13,682.28,425.0,11.63,2017.13,682.28,0.0,reference,1
B1,before_annealing,20260515-160114,16,16,1373.52,682.12,319.0,10.08,1373.52,682.12,0.0,reference,1
B1,before_annealing,20260515-160114,17,17,1783.99,686.29,141.0,6.7,1783.99,686.29,0.0,reference,1
B1,before_annealing,20260515-160114,18,18,1122.35,680.34,206.0,8.1,1122.35,680.34,0.0,reference,1
B1,before_annealing,20260515-160114,19,19,1065.14,675.28,403.0,11.33,1065.14,675.28,0.0,reference,1
B1,before_annealing,20260515-160114,20,20,1868.43,666.74,646.0,14.34,1868.43,666.74,0.0,reference,1
B1,before_annealing,20260515-160114,21,21,1988.43,662.06,388.0,11.11,1988.43,662.06,0.0,reference,1
B1,before_annealing,20260515-160114,22,22,1001.44,664.95,352.0,10.59,1001.44,664.95,0.0,reference,1
B1,before_annealing,20260515-160114,23,23,2520.51,657.96,257.0,9.04,2520.51,657.96,0.0,reference,1
B1,before_annealing,20260515-160114,24,24,2133.12,654.17,377.0,10.95,2133.12,654.17,0.0,reference,1
B1,before_annealing,20260515-160114,25,25,1722.71,619.69,255.0,9.01,1722.71,619.69,0.0,reference,1
B1,before_annealing,20260515-160114,26,26,2225.91,613.52,261.0,9.11,2225.91,613.52,0.0,reference,1
B1,before_annealing,20260515-160114,27,27,646.38,611.15,368.0,10.82,646.38,611.15,0.0,reference,1
B1,before_annealing,20260515-160114,28,28,709.89,611.99,181.0,7.59,709.89,611.99,0.0,reference,1
B1,before_annealing,20260515-160114,29,29,1945.88,610.55,81.0,5.08,1945.88,610.55,0.0,reference,1
B1,before_annealing,20260515-160114,30,30,1984.34,602.76,357.0,10.66,1984.34,602.76,0.0,reference,1
B1,before_annealing,20260515-160114,31,31,2447.99,607.41,152.0,6.96,2447.99,607.41,0.0,reference,1
B1,before_annealing,20260515-160114,32,32,1502.15,603.42,232.0,8.59,1502.15,603.42,0.0,reference,1
B1,before_annealing,20260515-160114,33,33,2019.1,604.94,74.0,4.85,2019.1,604.94,0.0,reference,1
B1,before_annealing,20260515-160114,34,34,2403.9,605.44,208.0,8.14,2403.9,605.44,0.0,reference,1
B1,before_annealing,20260515-160114,35,35,1093.88,589.75,150.0,6.91,1093.88,589.75,0.0,reference,1
B1,before_annealing,20260515-160114,36,36,1775.87,571.52,832.0,16.27,1775.87,571.52,0.0,reference,1
B1,before_annealing,20260515-160114,37,37,598.01,569.48,339.0,10.39,598.01,569.48,0.0,reference,1
B1,before_annealing,20260515-160114,38,38,1427.69,569.67,203.0,8.04,1427.69,569.67,0.0,reference,1
B1,before_annealing,20260515-160114,39,39,736.49,565.3,270.0,9.27,736.49,565.3,0.0,reference,1
B1,before_annealing,20260515-160114,40,40,1856.21,569.12,111.0,5.94,1856.21,569.12,0.0,reference,1
B1,before_annealing,20260515-160114,41,41,2373.52,568.53,120.0,6.18,2373.52,568.53,0.0,reference,1
B1,before_annealing,20260515-160114,42,42,1483.06,558.9,421.0,11.58,1483.06,558.9,0.0,reference,1
B1,before_annealing,20260515-160114,43,43,1968.61,566.38,114.0,6.02,1968.61,566.38,0.0,reference,1
B1,before_annealing,20260515-160114,44,44,1709.73,559.48,132.0,6.48,1709.73,559.48,0.0,reference,1
B1,before_annealing,20260515-160114,45,45,372.24,552.93,439.0,11.82,372.24,552.93,0.0,reference,1
B1,before_annealing,20260515-160114,46,46,2621.87,555.15,102.0,5.7,2621.87,555.15,0.0,reference,1
B1,before_annealing,20260515-160114,47,47,611.27,545.09,150.0,6.91,611.27,545.09,0.0,reference,1
B1,before_annealing,20260515-160114,48,48,2187.16,536.99,166.0,7.27,2187.16,536.99,0.0,reference,1
B1,before_annealing,20260515-160114,49,49,737.21,535.59,86.0,5.23,737.21,535.59,0.0,reference,1
B1,before_annealing,20260515-160114,50,50,555.36,531.19,62.0,4.44,555.36,531.19,0.0,reference,1
B1,before_annealing,20260515-160114,51,51,1148.5,515.14,312.0,9.97,1148.5,515.14,0.0,reference,1
B1,before_annealing,20260515-160114,52,52,910.23,516.43,210.0,8.18,910.23,516.43,0.0,reference,1
B1,before_annealing,20260515-160114,53,53,1242.94,510.41,369.0,10.84,1242.94,510.41,0.0,reference,1
B1,before_annealing,20260515-160114,54,54,953.55,504.04,134.0,6.53,953.55,504.04,0.0,reference,1
B1,before_annealing,20260515-160114,55,55,2010.94,502.54,206.0,8.1,2010.94,502.54,0.0,reference,1
B1,before_annealing,20260515-160114,56,56,650.45,506.45,31.0,3.14,650.45,506.45,0.0,reference,1
B1,before_annealing,20260515-160114,57,57,2661.48,499.82,247.0,8.87,2661.48,499.82,0.0,reference,1
B1,before_annealing,20260515-160114,58,58,1302.69,495.88,199.0,7.96,1302.69,495.88,0.0,reference,1
B1,before_annealing,20260515-160114,59,59,1369.64,496.58,71.0,4.75,1369.64,496.58,0.0,reference,1
B1,before_annealing,20260515-160114,60,60,2549.49,493.39,75.0,4.89,2549.49,493.39,0.0,reference,1
B1,before_annealing,20260515-160114,61,61,1862.09,487.18,161.0,7.16,1862.09,487.18,0.0,reference,1
B1,before_annealing,20260515-160114,62,62,1322.65,483.51,241.0,8.76,1322.65,483.51,0.0,reference,1
B1,before_annealing,20260515-160114,63,63,1028.7,478.61,272.0,9.3,1028.7,478.61,0.0,reference,1
B1,before_annealing,20260515-160114,64,64,913.43,476.99,167.0,7.29,913.43,476.99,0.0,reference,1
B1,before_annealing,20260515-160114,65,65,551.23,478.17,80.0,5.05,551.23,478.17,0.0,reference,1
B1,before_annealing,20260515-160114,66,66,2486.32,466.84,404.0,11.34,2486.32,466.84,0.0,reference,1
B1,before_annealing,20260515-160114,67,67,2094.09,468.04,284.0,9.51,2094.09,468.04,0.0,reference,1
B1,before_annealing,20260515-160114,68,68,2448.17,451.94,144.0,6.77,2448.17,451.94,0.0,reference,1
B1,before_annealing,20260515-160114,69,69,2124.37,448.94,73.0,4.82,2124.37,448.94,0.0,reference,1
B1,before_annealing,20260515-160114,70,70,1726.49,429.92,491.0,12.5,1726.49,429.92,0.0,reference,1
B1,before_annealing,20260515-160114,71,71,2583.46,431.58,112.0,5.97,2583.46,431.58,0.0,reference,1
B1,before_annealing,20260515-160114,72,72,1234.08,417.98,560.0,13.35,1234.08,417.98,0.0,reference,1
B1,before_annealing,20260515-160114,73,73,1650.75,426.24,47.0,3.87,1650.75,426.24,0.0,reference,1
B1,before_annealing,20260515-160114,74,74,1538.13,419.53,187.0,7.72,1538.13,419.53,0.0,reference,1
B1,before_annealing,20260515-160114,75,75,1391.42,416.79,106.0,5.81,1391.42,416.79,0.0,reference,1
B1,before_annealing,20260515-160114,76,76,1201.83,412.47,152.0,6.96,1201.83,412.47,0.0,reference,1
B1,before_annealing,20260515-160114,77,77,1531.36,395.21,175.0,7.46,1531.36,395.21,0.0,reference,1
B1,before_annealing,20260515-160114,78,78,2088.07,390.89,255.0,9.01,2088.07,390.89,0.0,reference,1
B1,before_annealing,20260515-160114,79,79,2022.63,375.53,242.0,8.78,2022.63,375.53,0.0,reference,1
B1,before_annealing,20260515-160114,80,80,798.52,372.21,303.0,9.82,798.52,372.21,0.0,reference,1
B1,before_annealing,20260515-160114,81,81,1396.55,368.65,203.0,8.04,1396.55,368.65,0.0,reference,1
B1,before_annealing,20260515-160114,82,82,898.26,370.55,119.0,6.15,898.26,370.55,0.0,reference,1
B1,before_annealing,20260515-160114,83,83,1420.97,362.24,236.0,8.67,1420.97,362.24,0.0,reference,1
B1,before_annealing,20260515-160114,84,84,2579.45,363.27,163.0,7.2,2579.45,363.27,0.0,reference,1
B1,before_annealing,20260515-160114,85,85,857.01,356.6,141.0,6.7,857.01,356.6,0.0,reference,1
B1,before_annealing,20260515-160114,86,86,2251.38,352.18,267.0,9.22,2251.38,352.18,0.0,reference,1
B1,before_annealing,20260515-160114,87,87,1121.62,354.33,168.0,7.31,1121.62,354.33,0.0,reference,1
B1,before_annealing,20260515-160114,88,88,1768.32,350.76,61.0,4.41,1768.32,350.76,0.0,reference,1
B1,before_annealing,20260515-160114,89,89,586.67,335.27,368.0,10.82,586.67,335.27,0.0,reference,1
B1,before_annealing,20260515-160114,90,90,662.0,336.09,146.0,6.82,662.0,336.09,0.0,reference,1
B1,before_annealing,20260515-160114,91,91,909.12,332.82,267.0,9.22,909.12,332.82,0.0,reference,1
B1,before_annealing,20260515-160114,92,92,2244.58,328.04,238.0,8.7,2244.58,328.04,0.0,reference,1
B1,before_annealing,20260515-160114,93,93,1082.72,326.36,121.0,6.21,1082.72,326.36,0.0,reference,1
B1,before_annealing,20260515-160114,94,94,2102.52,315.23,540.0,13.11,2102.52,315.23,0.0,reference,1
B1,before_annealing,20260515-160114,95,95,743.28,303.33,931.0,17.21,743.28,303.33,0.0,reference,1
B1,before_annealing,20260515-160114,96,96,2278.46,307.46,482.0,12.39,2278.46,307.46,0.0,reference,1
B1,before_annealing,20260515-160114,97,97,2491.96,308.81,91.0,5.38,2491.96,308.81,0.0,reference,1
B1,before_annealing,20260515-160114,98,98,996.78,299.94,184.0,7.65,996.78,299.94,0.0,reference,1
B1,before_annealing,20260515-160114,99,99,2693.52,298.27,291.0,9.62,2693.52,298.27,0.0,reference,1
B1,before_annealing,20260515-160114,100,100,612.56,295.18,463.0,12.14,612.56,295.18,0.0,reference,1
B1,before_annealing,20260515-160114,101,101,560.16,297.97,116.0,6.08,560.16,297.97,0.0,reference,1
B1,before_annealing,20260515-160114,102,102,921.55,300.8,35.0,3.34,921.55,300.8,0.0,reference,1
B1,before_annealing,20260515-160114,103,103,1627.94,291.45,263.0,9.15,1627.94,291.45,0.0,reference,1
B1,before_annealing,20260515-160114,104,104,1124.0,269.15,820.0,16.16,1124.0,269.15,0.0,reference,1
B1,before_annealing,20260515-160114,105,105,1574.33,271.55,780.0,15.76,1574.33,271.55,0.0,reference,1
B1,before_annealing,20260515-160114,106,106,682.05,279.49,42.0,3.66,682.05,279.49,0.0,reference,1
B1,before_annealing,20260515-160114,107,107,819.13,271.93,285.0,9.52,819.13,271.93,0.0,reference,1
B1,before_annealing,20260515-160114,108,108,1673.87,276.92,34.0,3.29,1673.87,276.92,0.0,reference,1
B1,before_annealing,20260515-160114,109,109,1486.33,268.01,201.0,8.0,1486.33,268.01,0.0,reference,1
B1,before_annealing,20260515-160114,110,110,2036.94,271.01,57.0,4.26,2036.94,271.01,0.0,reference,1
B1,before_annealing,20260515-160114,111,111,1871.11,265.56,132.0,6.48,1871.11,265.56,0.0,reference,1
B1,before_annealing,20260515-160114,112,112,1240.85,259.0,162.0,7.18,1240.85,259.0,0.0,reference,1
B1,before_annealing,20260515-160114,113,113,1914.39,248.58,242.0,8.78,1914.39,248.58,0.0,reference,1
B1,before_annealing,20260515-160114,114,114,1234.4,234.3,317.0,10.05,1234.4,234.3,0.0,reference,1
B1,before_annealing,20260515-160114,115,115,1446.83,242.11,36.0,3.39,1446.83,242.11,0.0,reference,1
B1,before_annealing,20260515-160114,116,116,1058.53,234.27,159.0,7.11,1058.53,234.27,0.0,reference,1
B1,before_annealing,20260515-160114,117,117,2603.19,230.24,242.0,8.78,2603.19,230.24,0.0,reference,1
B1,before_annealing,20260515-160114,118,118,949.33,218.83,243.0,8.79,949.33,218.83,0.0,reference,1
B1,before_annealing,20260515-160114,119,119,738.21,218.53,228.0,8.52,738.21,218.53,0.0,reference,1
B1,before_annealing,20260515-160114,120,120,1373.35,218.95,174.0,7.44,1373.35,218.95,0.0,reference,1
B1,before_annealing,20260515-160114,121,121,2363.84,214.38,260.0,9.1,2363.84,214.38,0.0,reference,1
B1,before_annealing,20260515-160114,122,122,1806.14,213.89,193.0,7.84,1806.14,213.89,0.0,reference,1
B1,before_annealing,20260515-160114,123,123,1892.89,213.71,205.0,8.08,1892.89,213.71,0.0,reference,1
B1,before_annealing,20260515-160114,124,124,1486.17,204.2,672.0,14.63,1486.17,204.2,0.0,reference,1
B1,before_annealing,20260515-160114,125,125,2386.49,213.75,33.0,3.24,2386.49,213.75,0.0,reference,1
B1,before_annealing,20260515-160114,126,126,1351.99,202.85,221.0,8.39,1351.99,202.85,0.0,reference,1
B1,before_annealing,20260515-160114,127,127,2089.92,203.28,92.0,5.41,2089.92,203.28,0.0,reference,1
B1,before_annealing,20260515-160114,128,128,2389.51,186.32,486.0,12.44,2389.51,186.32,0.0,reference,1
B1,before_annealing,20260515-160114,129,129,1396.92,179.61,282.0,9.47,1396.92,179.61,0.0,reference,1
B1,before_annealing,20260515-160114,130,130,1331.56,179.94,230.0,8.56,1331.56,179.94,0.0,reference,1
B1,before_annealing,20260515-160114,131,131,1505.51,177.72,232.0,8.59,1505.51,177.72,0.0,reference,1
B1,before_annealing,20260515-160114,132,132,2439.48,172.53,484.0,12.41,2439.48,172.53,0.0,reference,1
B1,before_annealing,20260515-160114,133,133,2637.88,172.8,194.0,7.86,2637.88,172.8,0.0,reference,1
B1,before_annealing,20260515-160114,134,134,2394.16,137.92,373.0,10.9,2394.16,137.92,0.0,reference,1
B1,before_annealing,20260515-160114,135,135,640.11,132.66,289.0,9.59,640.11,132.66,0.0,reference,1
B1,before_annealing,20260515-160114,136,136,1079.67,127.9,211.0,8.2,1079.67,127.9,0.0,reference,1
B1,before_annealing,20260515-160114,137,137,1175.08,123.12,81.0,5.08,1175.08,123.12,0.0,reference,1
B1,before_annealing,20260515-160114,138,138,1633.3,120.64,99.0,5.61,1633.3,120.64,0.0,reference,1
B1,before_annealing,20260515-160114,139,139,2494.09,110.33,290.0,9.61,2494.09,110.33,0.0,reference,1
B1,before_annealing,20260515-160114,140,140,2249.45,111.53,46.0,3.83,2249.45,111.53,0.0,reference,1
B1,before_annealing,20260515-160114,141,141,684.24,101.49,111.0,5.94,684.24,101.49,0.0,reference,1
B1,before_annealing,20260515-160114,142,142,1543.72,94.86,543.0,13.15,1543.72,94.86,0.0,reference,1
B1,before_annealing,20260515-160114,143,143,2460.58,95.12,370.0,10.85,2460.58,95.12,0.0,reference,1
B1,before_annealing,20260515-160114,144,144,877.3,96.72,138.0,6.63,877.3,96.72,0.0,reference,1
B1,before_annealing,20260515-160114,145,145,2429.57,95.25,36.0,3.39,2429.57,95.25,0.0,reference,1
B1,before_annealing,20260515-160114,146,146,602.15,82.41,288.0,9.57,602.15,82.41,0.0,reference,1
B1,before_annealing,20260515-160114,147,147,1512.65,75.48,535.0,13.05,1512.65,75.48,0.0,reference,1
B1,before_annealing,20260515-160114,148,148,2284.07,85.8,65.0,4.55,2284.07,85.8,0.0,reference,1
B1,before_annealing,20260515-160114,149,149,1200.04,72.05,138.0,6.63,1200.04,72.05,0.0,reference,1
B1,before_annealing,20260515-160114,150,150,1946.88,65.61,272.0,9.3,1946.88,65.61,0.0,reference,1
B1,before_annealing,20260515-160114,151,151,2494.88,67.48,44.0,3.74,2494.88,67.48,0.0,reference,1
B1,before_annealing,20260515-160114,152,152,2505.4,66.55,58.0,4.3,2505.4,66.55,0.0,reference,1
B1,before_annealing,20260515-160114,153,153,2199.8,55.1,356.0,10.65,2199.8,55.1,0.0,reference,1
B1,before_annealing,20260515-160114,154,154,937.31,39.58,173.0,7.42,937.31,39.58,0.0,reference,1
B1,before_annealing,20260515-160114,155,155,2626.18,32.93,226.0,8.48,2626.18,32.93,0.0,reference,1
B1,before_annealing,20260515-160114,156,156,1354.17,23.16,304.0,9.84,1354.17,23.16,0.0,reference,1
B1,before_annealing,20260515-160114,157,157,1498.74,12.04,1208.0,19.61,1498.74,12.04,0.0,reference,1
B1,before_annealing,20260515-160114,158,158,2382.75,21.77,381.0,11.01,2382.75,21.77,0.0,reference,1
B1,before_annealing,20260515-160114,159,159,1253.9,23.85,198.0,7.94,1253.9,23.85,0.0,reference,1
B1,before_annealing,20260515-160114,160,160,1929.92,15.63,468.0,12.21,1929.92,15.63,0.0,reference,1
B1,before_annealing,20260515-160114,161,161,899.3,17.33,141.0,6.7,899.3,17.33,0.0,reference,1
B1,before_annealing,20260515-160114,162,162,446.47,11.77,305.0,9.85,446.47,11.77,0.0,reference,1
B1,before_annealing,20260515-160114,163,163,1832.06,15.8,99.0,5.61,1832.06,15.8,0.0,reference,1
B1,before_annealing,20260515-160114,164,164,2520.03,13.45,121.0,6.21,2520.03,13.45,0.0,reference,1
B1,before_annealing,20260515-160114,165,165,2189.53,14.46,93.0,5.44,2189.53,14.46,0.0,reference,1
B1,before_annealing,20260515-160114,166,166,2065.13,12.17,110.0,5.92,2065.13,12.17,0.0,reference,1
B1,before_annealing,20260515-160114,167,167,2427.69,5.3,56.0,4.22,2427.69,5.3,0.0,reference,1
B1,before_annealing,20260515-160114,168,168,610.39,0.12,122.0,6.23,610.39,0.12,0.0,reference,1
B1,before_annealing,20260515-160114,169,169,843.52,-23.15,75.0,4.89,843.52,-23.15,0.0,reference,1
B1,before_annealing,20260515-160114,170,170,1415.25,-22.12,141.0,6.7,1415.25,-22.12,0.0,reference,1
B1,before_annealing,20260515-160114,171,171,2136.88,-29.03,326.0,10.19,2136.88,-29.03,0.0,reference,1
B1,before_annealing,20260515-160114,172,172,1336.07,-29.44,177.0,7.51,1336.07,-29.44,0.0,reference,1
B1,before_annealing,20260515-160114,173,173,1084.79,-46.42,561.0,13.36,1084.79,-46.42,0.0,reference,1
B1,before_annealing,20260515-160114,174,174,1549.21,-39.9,83.0,5.14,1549.21,-39.9,0.0,reference,1
B1,before_annealing,20260515-160114,175,175,2455.99,-45.62,157.0,7.07,2455.99,-45.62,0.0,reference,1
B1,before_annealing,20260515-160114,176,176,1120.59,-50.22,286.0,9.54,1120.59,-50.22,0.0,reference,1
B1,before_annealing,20260515-160114,177,177,1683.47,-48.5,264.0,9.17,1683.47,-48.5,0.0,reference,1
B1,before_annealing,20260515-160114,178,178,2247.55,-51.75,278.0,9.41,2247.55,-51.75,0.0,reference,1
B1,before_annealing,20260515-160114,179,179,1748.66,-57.11,185.0,7.67,1748.66,-57.11,0.0,reference,1
B1,before_annealing,20260515-160114,180,180,1800.21,-64.76,313.0,9.98,1800.21,-64.76,0.0,reference,1
B1,before_annealing,20260515-160114,181,181,2387.28,-66.42,240.0,8.74,2387.28,-66.42,0.0,reference,1
B1,before_annealing,20260515-160114,182,182,850.46,-61.24,31.0,3.14,850.46,-61.24,0.0,reference,1
B1,before_annealing,20260515-160114,183,183,769.6,-75.42,191.0,7.8,769.6,-75.42,0.0,reference,1
B1,before_annealing,20260515-160114,184,184,1022.93,-79.66,259.0,9.08,1022.93,-79.66,0.0,reference,1
B1,before_annealing,20260515-160114,185,185,2126.76,-82.0,354.0,10.62,2126.76,-82.0,0.0,reference,1
B1,before_annealing,20260515-160114,186,186,2567.68,-82.82,144.0,6.77,2567.68,-82.82,0.0,reference,1
B1,before_annealing,20260515-160114,187,187,424.55,-86.49,139.0,6.65,424.55,-86.49,0.0,reference,1
B1,before_annealing,20260515-160114,188,188,879.22,-89.94,302.0,9.8,879.22,-89.94,0.0,reference,1
B1,before_annealing,20260515-160114,189,189,2403.71,-89.2,104.0,5.75,2403.71,-89.2,0.0,reference,1
B1,before_annealing,20260515-160114,190,190,2028.21,-92.29,102.0,5.7,2028.21,-92.29,0.0,reference,1
B1,before_annealing,20260515-160114,191,191,1448.44,-97.96,132.0,6.48,1448.44,-97.96,0.0,reference,1
B1,before_annealing,20260515-160114,192,192,1632.84,-112.61,548.0,13.21,1632.84,-112.61,0.0,reference,1
B1,before_annealing,20260515-160114,193,193,2157.83,-106.61,136.0,6.58,2157.83,-106.61,0.0,reference,1
B1,before_annealing,20260515-160114,194,194,1989.51,-106.54,36.0,3.39,1989.51,-106.54,0.0,reference,1
B1,before_annealing,20260515-160114,195,195,403.04,-108.9,129.0,6.41,403.04,-108.9,0.0,reference,1
B1,before_annealing,20260515-160114,196,196,2499.83,-118.03,255.0,9.01,2499.83,-118.03,0.0,reference,1
B1,before_annealing,20260515-160114,197,197,2321.62,-121.2,605.0,13.88,2321.62,-121.2,0.0,reference,1
B1,before_annealing,20260515-160114,198,198,1804.3,-118.09,134.0,6.53,1804.3,-118.09,0.0,reference,1
B1,before_annealing,20260515-160114,199,199,953.5,-137.3,1238.0,19.85,953.5,-137.3,0.0,reference,1
B1,before_annealing,20260515-160114,200,200,2682.4,-121.08,97.0,5.56,2682.4,-121.08,0.0,reference,1
B1,before_annealing,20260515-160114,201,201,1021.56,-139.91,254.0,8.99,1021.56,-139.91,0.0,reference,1
B1,before_annealing,20260515-160114,202,202,738.3,-135.92,27.0,2.93,738.3,-135.92,0.0,reference,1
B1,before_annealing,20260515-160114,203,203,2270.65,-140.4,174.0,7.44,2270.65,-140.4,0.0,reference,1
B1,before_annealing,20260515-160114,204,204,469.75,-143.07,152.0,6.96,469.75,-143.07,0.0,reference,1
B1,before_annealing,20260515-160114,205,205,596.71,-147.27,316.0,10.03,596.71,-147.27,0.0,reference,1
B1,before_annealing,20260515-160114,206,206,2342.78,-141.06,34.0,3.29,2342.78,-141.06,0.0,reference,1
B1,before_annealing,20260515-160114,207,207,2166.71,-156.65,432.0,11.73,2166.71,-156.65,0.0,reference,1
B1,before_annealing,20260515-160114,208,208,2403.76,-154.59,206.0,8.1,2403.76,-154.59,0.0,reference,1
B1,before_annealing,20260515-160114,209,209,768.61,-152.62,49.0,3.95,768.61,-152.62,0.0,reference,1
B1,before_annealing,20260515-160114,210,210,655.61,-152.31,48.0,3.91,655.61,-152.31,0.0,reference,1
B1,before_annealing,20260515-160114,211,211,1395.42,-166.46,869.0,16.63,1395.42,-166.46,0.0,reference,1
B1,before_annealing,20260515-160114,212,212,2264.58,-160.65,187.0,7.72,2264.58,-160.65,0.0,reference,1
B1,before_annealing,20260515-160114,213,213,1674.7,-172.91,592.0,13.73,1674.7,-172.91,0.0,reference,1
B1,before_annealing,20260515-160114,214,214,1177.46,-173.71,373.0,10.9,1177.46,-173.71,0.0,reference,1
B1,before_annealing,20260515-160114,215,215,476.27,-169.25,172.0,7.4,476.27,-169.25,0.0,reference,1
B1,before_annealing,20260515-160114,216,216,2066.94,-169.97,101.0,5.67,2066.94,-169.97,0.0,reference,1
B1,before_annealing,20260515-160114,217,217,437.39,-177.4,146.0,6.82,437.39,-177.4,0.0,reference,1
B1,before_annealing,20260515-160114,218,218,2046.59,-181.24,197.0,7.92,2046.59,-181.24,0.0,reference,1
B1,before_annealing,20260515-160114,219,219,470.62,-196.06,551.0,13.24,470.62,-196.06,0.0,reference,1
B1,before_annealing,20260515-160114,220,220,1964.08,-200.24,373.0,10.9,1964.08,-200.24,0.0,reference,1
B1,before_annealing,20260515-160114,221,221,1216.36,-205.43,323.0,10.14,1216.36,-205.43,0.0,reference,1
B1,before_annealing,20260515-160114,222,222,1751.74,-209.31,210.0,8.18,1751.74,-209.31,0.0,reference,1
B1,before_annealing,20260515-160114,223,223,853.14,-210.79,87.0,5.26,853.14,-210.79,0.0,reference,1
B1,before_annealing,20260515-160114,224,224,2490.87,-218.81,91.0,5.38,2490.87,-218.81,0.0,reference,1
B1,before_annealing,20260515-160114,225,225,1490.39,-225.65,335.0,10.33,1490.39,-225.65,0.0,reference,1
B1,before_annealing,20260515-160114,226,226,2429.46,-226.09,244.0,8.81,2429.46,-226.09,0.0,reference,1
B1,before_annealing,20260515-160114,227,227,1188.16,-237.55,55.0,4.18,1188.16,-237.55,0.0,reference,1
B1,before_annealing,20260515-160114,228,228,915.74,-257.73,222.0,8.41,915.74,-257.73,0.0,reference,1
B1,before_annealing,20260515-160114,229,229,654.82,-264.31,227.0,8.5,654.82,-264.31,0.0,reference,1
B1,before_annealing,20260515-160114,230,230,1542.08,-264.08,215.0,8.27,1542.08,-264.08,0.0,reference,1
B1,before_annealing,20260515-160114,231,231,2265.64,-263.41,141.0,6.7,2265.64,-263.41,0.0,reference,1
B1,before_annealing,20260515-160114,232,232,1671.89,-263.15,75.0,4.89,1671.89,-263.15,0.0,reference,1
B1,before_annealing,20260515-160114,233,233,1382.09,-267.82,150.0,6.91,1382.09,-267.82,0.0,reference,1
B1,before_annealing,20260515-160114,234,234,1781.2,-272.98,293.0,9.66,1781.2,-272.98,0.0,reference,1
B1,before_annealing,20260515-160114,235,235,2251.71,-271.61,124.0,6.28,2251.71,-271.61,0.0,reference,1
B1,before_annealing,20260515-160114,236,236,1624.21,-283.18,203.0,8.04,1624.21,-283.18,0.0,reference,1
B1,before_annealing,20260515-160114,237,237,1176.53,-281.54,53.0,4.11,1176.53,-281.54,0.0,reference,1
B1,before_annealing,20260515-160114,238,238,2211.18,-287.12,249.0,8.9,2211.18,-287.12,0.0,reference,1
B1,before_annealing,20260515-160114,239,239,2242.46,-298.1,60.0,4.37,2242.46,-298.1,0.0,reference,1
B1,before_annealing,20260515-160114,240,240,1054.67,-299.34,80.0,5.05,1054.67,-299.34,0.0,reference,1
B1,before_annealing,20260515-160114,241,241,2188.1,-302.29,96.0,5.53,2188.1,-302.29,0.0,reference,1
B1,before_annealing,20260515-160114,242,242,2307.66,-304.09,121.0,6.21,2307.66,-304.09,0.0,reference,1
B1,before_annealing,20260515-160114,243,243,1649.96,-302.17,46.0,3.83,1649.96,-302.17,0.0,reference,1
B1,before_annealing,20260515-160114,244,244,406.8,-312.3,295.0,9.69,406.8,-312.3,0.0,reference,1
B1,before_annealing,20260515-160114,245,245,2374.27,-318.84,152.0,6.96,2374.27,-318.84,0.0,reference,1
B1,before_annealing,20260515-160114,246,246,1792.05,-317.49,61.0,4.41,1792.05,-317.49,0.0,reference,1
B1,before_annealing,20260515-160114,247,247,2477.25,-322.01,199.0,7.96,2477.25,-322.01,0.0,reference,1
B1,before_annealing,20260515-160114,248,248,1063.82,-326.9,69.0,4.69,1063.82,-326.9,0.0,reference,1
B1,before_annealing,20260515-160114,249,249,2188.97,-336.41,498.0,12.59,2188.97,-336.41,0.0,reference,1
B1,before_annealing,20260515-160114,250,250,439.92,-342.13,315.0,10.01,439.92,-342.13,0.0,reference,1
B1,before_annealing,20260515-160114,251,251,2002.68,-339.72,272.0,9.3,2002.68,-339.72,0.0,reference,1
B1,before_annealing,20260515-160114,252,252,2301.5,-344.07,66.0,4.58,2301.5,-344.07,0.0,reference,1
B1,before_annealing,20260515-160114,253,253,1749.46,-348.7,69.0,4.69,1749.46,-348.7,0.0,reference,1
B1,before_annealing,20260515-160114,254,254,712.67,-357.61,525.0,12.93,712.67,-357.61,0.0,reference,1
B1,before_annealing,20260515-160114,255,255,2244.88,-360.72,512.0,12.77,2244.88,-360.72,0.0,reference,1
B1,before_annealing,20260515-160114,256,256,405.53,-373.19,1434.0,21.36,405.53,-373.19,0.0,reference,1
B1,before_annealing,20260515-160114,257,257,2121.68,-355.58,125.0,6.31,2121.68,-355.58,0.0,reference,1
B1,before_annealing,20260515-160114,258,258,2342.55,-353.94,87.0,5.26,2342.55,-353.94,0.0,reference,1
B1,before_annealing,20260515-160114,259,259,2011.77,-381.85,133.0,6.51,2011.77,-381.85,0.0,reference,1
B1,before_annealing,20260515-160114,260,260,1857.87,-380.8,47.0,3.87,1857.87,-380.8,0.0,reference,1
B1,before_annealing,20260515-160114,261,261,2279.21,-390.2,332.0,10.28,2279.21,-390.2,0.0,reference,1
B1,before_annealing,20260515-160114,262,262,760.93,-391.87,168.0,7.31,760.93,-391.87,0.0,reference,1
B1,before_annealing,20260515-160114,263,263,1928.96,-391.05,126.0,6.33,1928.96,-391.05,0.0,reference,1
B1,before_annealing,20260515-160114,264,264,1239.79,-390.05,93.0,5.44,1239.79,-390.05,0.0,reference,1
B1,before_annealing,20260515-160114,265,265,911.15,-413.94,1137.0,19.02,911.15,-413.94,0.0,reference,1
B1,before_annealing,20260515-160114,266,266,1842.62,-409.45,486.0,12.44,1842.62,-409.45,0.0,reference,1
B1,before_annealing,20260515-160114,267,267,410.81,-407.39,117.0,6.1,410.81,-407.39,0.0,reference,1
B1,before_annealing,20260515-160114,268,268,1988.76,-404.44,27.0,2.93,1988.76,-404.44,0.0,reference,1
B1,before_annealing,20260515-160114,269,269,2275.52,-415.16,169.0,7.33,2275.52,-415.16,0.0,reference,1
B1,before_annealing,20260515-160114,270,270,1067.81,-415.73,53.0,4.11,1067.81,-415.73,0.0,reference,1
B1,before_annealing,20260515-160114,271,271,1908.8,-420.57,201.0,8.0,1908.8,-420.57,0.0,reference,1
B1,before_annealing,20260515-160114,272,272,1067.02,-443.39,1381.0,20.97,1067.02,-443.39,0.0,reference,1
B1,before_annealing,20260515-160114,273,273,2316.06,-420.65,27.0,2.93,2316.06,-420.65,0.0,reference,1
B1,before_annealing,20260515-160114,274,274,1209.92,-434.04,277.0,9.39,1209.92,-434.04,0.0,reference,1
B1,before_annealing,20260515-160114,275,275,1801.28,-436.54,119.0,6.15,1801.28,-436.54,0.0,reference,1
B1,before_annealing,20260515-160114,276,276,2269.8,-436.8,161.0,7.16,2269.8,-436.8,0.0,reference,1
B1,before_annealing,20260515-160114,277,277,496.06,-444.15,448.0,11.94,496.06,-444.15,0.0,reference,1
B1,before_annealing,20260515-160114,278,278,968.92,-438.06,116.0,6.08,968.92,-438.06,0.0,reference,1
B1,before_annealing,20260515-160114,279,279,2017.51,-470.66,168.0,7.31,2017.51,-470.66,0.0,reference,1
B1,before_annealing,20260515-160114,280,280,2093.16,-481.11,523.0,12.9,2093.16,-481.11,0.0,reference,1
B1,before_annealing,20260515-160114,281,281,1647.95,-478.06,216.0,8.29,1647.95,-478.06,0.0,reference,1
B1,before_annealing,20260515-160114,282,282,2690.75,-475.63,125.0,6.31,2690.75,-475.63,0.0,reference,1
B1,before_annealing,20260515-160114,283,283,1391.26,-478.78,136.0,6.58,1391.26,-478.78,0.0,reference,1
B1,before_annealing,20260515-160114,284,284,612.5,-491.09,117.0,6.1,612.5,-491.09,0.0,reference,1
B1,before_annealing,20260515-160114,285,285,798.09,-491.6,229.0,8.54,798.09,-491.6,0.0,reference,1
B1,before_annealing,20260515-160114,286,286,2042.99,-497.46,414.0,11.48,2042.99,-497.46,0.0,reference,1
B1,before_annealing,20260515-160114,287,287,2076.85,-495.74,81.0,5.08,2076.85,-495.74,0.0,reference,1
B1,before_annealing,20260515-160114,288,288,1088.73,-492.36,45.0,3.78,1088.73,-492.36,0.0,reference,1
B1,before_annealing,20260515-160114,289,289,1354.69,-505.29,327.0,10.2,1354.69,-505.29,0.0,reference,1
B1,before_annealing,20260515-160114,290,290,2272.41,-518.71,93.0,5.44,2272.41,-518.71,0.0,reference,1
B1,before_annealing,20260515-160114,291,291,597.82,-528.35,550.0,13.23,597.82,-528.35,0.0,reference,1
B1,before_annealing,20260515-160114,292,292,2020.79,-529.54,138.0,6.63,2020.79,-529.54,0.0,reference,1
B1,before_annealing,20260515-160114,293,293,724.05,-531.15,167.0,7.29,724.05,-531.15,0.0,reference,1
B1,before_annealing,20260515-160114,294,294,1069.01,-529.77,83.0,5.14,1069.01,-529.77,0.0,reference,1
B1,before_annealing,20260515-160114,295,295,1231.49,-537.22,153.0,6.98,1231.49,-537.22,0.0,reference,1
B1,before_annealing,20260515-160114,296,296,1731.02,-534.92,65.0,4.55,1731.02,-534.92,0.0,reference,1
B1,before_annealing,20260515-160114,297,297,431.65,-550.56,199.0,7.96,431.65,-550.56,0.0,reference,1
B1,before_annealing,20260515-160114,298,298,1063.86,-551.43,109.0,5.89,1063.86,-551.43,0.0,reference,1
B1,before_annealing,20260515-160114,299,299,1027.36,-560.65,219.0,8.35,1027.36,-560.65,0.0,reference,1
B1,before_annealing,20260515-160114,300,300,911.67,-576.02,237.0,8.69,911.67,-576.02,0.0,reference,1
B1,before_annealing,20260515-160114,301,301,1292.74,-586.0,726.0,15.2,1292.74,-586.0,0.0,reference,1
B1,before_annealing,20260515-160114,302,302,1540.65,-577.29,26.0,2.88,1540.65,-577.29,0.0,reference,1
B1,before_annealing,20260515-160114,303,303,402.68,-593.4,703.0,14.96,402.68,-593.4,0.0,reference,1
B1,before_annealing,20260515-160114,304,304,2655.52,-581.33,45.0,3.78,2655.52,-581.33,0.0,reference,1
B1,before_annealing,20260515-160114,305,305,2567.93,-601.03,1026.0,18.07,2567.93,-601.03,0.0,reference,1
B1,before_annealing,20260515-160114,306,306,1671.2,-585.2,144.0,6.77,1671.2,-585.2,0.0,reference,1
B1,before_annealing,20260515-160114,307,307,2274.78,-591.74,205.0,8.08,2274.78,-591.74,0.0,reference,1
B1,before_annealing,20260515-160114,308,308,440.81,-593.95,212.0,8.21,440.81,-593.95,0.0,reference,1
B1,before_annealing,20260515-160114,309,309,2451.4,-594.1,139.0,6.65,2451.4,-594.1,0.0,reference,1
B1,before_annealing,20260515-160114,310,310,2062.39,-599.83,107.0,5.84,2062.39,-599.83,0.0,reference,1
B1,before_annealing,20260515-160114,311,311,2204.41,-618.32,75.0,4.89,2204.41,-618.32,0.0,reference,1
B1,before_annealing,20260515-160114,312,312,1036.81,-627.42,354.0,10.62,1036.81,-627.42,0.0,reference,1
B1,before_annealing,20260515-160114,313,313,644.03,-630.27,354.0,10.62,644.03,-630.27,0.0,reference,1
B1,before_annealing,20260515-160114,314,314,2484.91,-632.36,187.0,7.72,2484.91,-632.36,0.0,reference,1
B1,before_annealing,20260515-160114,315,315,1156.24,-638.59,140.0,6.68,1156.24,-638.59,0.0,reference,1
B1,before_annealing,20260515-160114,316,316,1656.62,-642.9,261.0,9.11,1656.62,-642.9,0.0,reference,1
B1,before_annealing,20260515-160114,317,317,1358.28,-649.06,170.0,7.36,1358.28,-649.06,0.0,reference,1
B1,before_annealing,20260515-160114,318,318,2004.28,-646.21,43.0,3.7,2004.28,-646.21,0.0,reference,1
B1,before_annealing,20260515-160114,319,319,782.1,-653.7,242.0,8.78,782.1,-653.7,0.0,reference,1
B1,before_annealing,20260515-160114,320,320,1410.96,-656.18,167.0,7.29,1410.96,-656.18,0.0,reference,1
B1,before_annealing,20260515-160114,321,321,2595.54,-660.12,131.0,6.46,2595.54,-660.12,0.0,reference,1
B1,before_annealing,20260515-160114,322,322,2567.46,-657.96,138.0,6.63,2567.46,-657.96,0.0,reference,1
B1,before_annealing,20260515-160114,323,323,1673.41,-685.39,264.0,9.17,1673.41,-685.39,0.0,reference,1
B1,before_annealing,20260515-160114,324,324,2152.2,-687.01,119.0,6.15,2152.2,-687.01,0.0,reference,1
B1,before_annealing,20260515-160114,325,325,662.67,-692.21,148.0,6.86,662.67,-692.21,0.0,reference,1
B1,before_annealing,20260515-160114,326,326,2395.93,-693.25,279.0,9.42,2395.93,-693.25,0.0,reference,1
B1,before_annealing,20260515-160114,327,327,2537.4,-699.73,186.0,7.69,2537.4,-699.73,0.0,reference,1
B1,before_annealing,20260515-160114,328,328,1949.91,-699.5,64.0,4.51,1949.91,-699.5,0.0,reference,1
B1,before_annealing,20260515-160114,329,329,435.13,-712.3,418.0,11.53,435.13,-712.3,0.0,reference,1
B1,before_annealing,20260515-160114,330,330,2456.16,-704.45,44.0,3.74,2456.16,-704.45,0.0,reference,1
B1,before_annealing,20260515-160114,331,331,1866.13,-712.16,270.0,9.27,1866.13,-712.16,0.0,reference,1
B1,before_annealing,20260515-160114,332,332,1659.64,-711.15,70.0,4.72,1659.64,-711.15,0.0,reference,1
B1,before_annealing,20260515-160114,333,333,1915.16,-714.43,161.0,7.16,1915.16,-714.43,0.0,reference,1
B1,before_annealing,20260515-160114,334,334,1230.56,-732.12,163.0,7.2,1230.56,-732.12,0.0,reference,1
B1,before_annealing,20260515-160114,335,335,1151.72,-730.06,42.0,3.66,1151.72,-730.06,0.0,reference,1
B1,before_annealing,20260515-160114,336,336,2070.57,-735.55,115.0,6.05,2070.57,-735.55,0.0,reference,1
B1,before_annealing,20260515-160114,337,337,2500.23,-740.35,409.0,11.41,2500.23,-740.35,0.0,reference,1
B1,before_annealing,20260515-160114,338,338,612.27,-759.73,386.0,11.08,612.27,-759.73,0.0,reference,1
B1,before_annealing,20260515-160114,339,339,1265.18,-758.01,184.0,7.65,1265.18,-758.01,0.0,reference,1
B1,before_annealing,20260515-160114,340,340,2317.92,-762.83,146.0,6.82,2317.92,-762.83,0.0,reference,1
B1,before_annealing,20260515-160114,341,341,494.64,-762.53,121.0,6.21,494.64,-762.53,0.0,reference,1
B1,before_annealing,20260515-160114,342,342,1764.22,-763.08,90.0,5.35,1764.22,-763.08,0.0,reference,1
B1,before_annealing,20260515-160114,343,343,1901.65,-768.08,132.0,6.48,1901.65,-768.08,0.0,reference,1
B1,before_annealing,20260515-160114,344,344,2023.46,-775.92,89.0,5.32,2023.46,-775.92,0.0,reference,1
B1,before_annealing,20260515-160114,345,345,1410.82,-796.27,626.0,14.12,1410.82,-796.27,0.0,reference,1
B1,before_annealing,20260515-160114,346,346,2027.3,-815.08,219.0,8.35,2027.3,-815.08,0.0,reference,1
B1,before_annealing,20260515-160114,347,347,902.3,-820.28,213.0,8.23,902.3,-820.28,0.0,reference,1
B1,before_annealing,20260515-160114,348,348,757.19,-828.06,574.0,13.52,757.19,-828.06,0.0,reference,1
B1,before_annealing,20260515-160114,349,349,1536.54,-827.03,401.0,11.3,1536.54,-827.03,0.0,reference,1
B1,before_annealing,20260515-160114,350,350,550.42,-823.64,62.0,4.44,550.42,-823.64,0.0,reference,1
B1,before_annealing,20260515-160114,351,351,821.01,-828.64,324.0,10.16,821.01,-828.64,0.0,reference,1
B1,before_annealing,20260515-160114,352,352,2377.4,-831.34,177.0,7.51,2377.4,-831.34,0.0,reference,1
B1,before_annealing,20260515-160114,353,353,1909.63,-833.54,184.0,7.65,1909.63,-833.54,0.0,reference,1
B1,before_annealing,20260515-160114,354,354,799.43,-853.04,182.0,7.61,799.43,-853.04,0.0,reference,1
B1,before_annealing,20260515-160114,355,355,1275.59,-856.77,191.0,7.8,1275.59,-856.77,0.0,reference,1
B1,before_annealing,20260515-160114,356,356,444.68,-864.99,61.0,4.41,444.68,-864.99,0.0,reference,1
B1,before_annealing,20260515-160114,357,357,682.46,-864.73,82.0,5.11,682.46,-864.73,0.0,reference,1
B1,before_annealing,20260515-160114,358,358,1309.74,-876.79,181.0,7.59,1309.74,-876.79,0.0,reference,1
B1,before_annealing,20260515-160114,359,359,2637.45,-875.57,25.0,2.82,2637.45,-875.57,0.0,reference,1
B1,before_annealing,20260515-160114,360,360,1791.25,-885.55,343.0,10.45,1791.25,-885.55,0.0,reference,1
B1,before_annealing,20260515-160114,361,361,2192.39,-879.66,90.0,5.35,2192.39,-879.66,0.0,reference,1
B1,before_annealing,20260515-160114,362,362,1882.77,-888.21,62.0,4.44,1882.77,-888.21,0.0,reference,1
B1,before_annealing,20260515-160114,363,363,2040.96,-895.09,195.0,7.88,2040.96,-895.09,0.0,reference,1
B1,before_annealing,20260515-160114,364,364,2068.78,-911.1,539.0,13.1,2068.78,-911.1,0.0,reference,1
B1,before_annealing,20260515-160114,365,365,1011.19,-914.14,322.0,10.12,1011.19,-914.14,0.0,reference,1
B1,before_annealing,20260515-160114,366,366,2282.71,-917.72,195.0,7.88,2282.71,-917.72,0.0,reference,1
B1,before_annealing,20260515-160114,367,367,1923.36,-925.22,511.0,12.75,1923.36,-925.22,0.0,reference,1
B1,before_annealing,20260515-160114,368,368,531.19,-918.65,89.0,5.32,531.19,-918.65,0.0,reference,1
B1,before_annealing,20260515-160114,369,369,1746.47,-932.34,358.0,10.67,1746.47,-932.34,0.0,reference,1
B1,before_annealing,20260515-160114,370,370,1964.87,-933.68,265.0,9.18,1964.87,-933.68,0.0,reference,1
B1,before_annealing,20260515-160114,371,371,1196.09,-937.64,32.0,3.19,1196.09,-937.64,0.0,reference,1
B1,before_annealing,20260515-160114,372,372,1170.9,-946.04,109.0,5.89,1170.9,-946.04,0.0,reference,1
B1,before_annealing,20260515-160114,373,373,622.22,-950.14,241.0,8.76,622.22,-950.14,0.0,reference,1
B1,before_annealing,20260515-160114,374,374,531.61,-968.2,749.0,15.44,531.61,-968.2,0.0,reference,1
B1,before_annealing,20260515-160114,375,375,1791.26,-953.81,75.0,4.89,1791.26,-953.81,0.0,reference,1
B1,before_annealing,20260515-160114,376,376,442.89,-966.96,368.0,10.82,442.89,-966.96,0.0,reference,1
B1,before_annealing,20260515-160114,377,377,763.14,-966.74,123.0,6.26,763.14,-966.74,0.0,reference,1
B1,before_annealing,20260515-160114,378,378,623.81,-965.08,42.0,3.66,623.81,-965.08,0.0,reference,1
B1,before_annealing,20260515-160114,379,379,1076.54,-975.43,402.0,11.31,1076.54,-975.43,0.0,reference,1
B1,before_annealing,20260515-160114,380,380,1349.88,-981.25,606.0,13.89,1349.88,-981.25,0.0,reference,1
B1,before_annealing,20260515-160114,381,381,2520.22,-988.66,153.0,6.98,2520.22,-988.66,0.0,reference,1
B1,before_annealing,20260515-160114,382,382,1707.37,-1012.49,916.0,17.08,1707.37,-1012.49,0.0,reference,1
B1,before_annealing,20260515-160114,383,383,2576.12,-992.99,95.0,5.5,2576.12,-992.99,0.0,reference,1
B1,before_annealing,20260515-160114,384,384,879.24,-996.02,115.0,6.05,879.24,-996.02,0.0,reference,1
B1,before_annealing,20260515-160114,385,385,1144.27,-998.39,31.0,3.14,1144.27,-998.39,0.0,reference,1
B1,before_annealing,20260515-160114,386,386,2656.67,-1005.53,181.0,7.59,2656.67,-1005.53,0.0,reference,1
B1,before_annealing,20260515-160114,387,387,788.21,-1028.29,115.0,6.05,788.21,-1028.29,0.0,reference,1
B1,before_annealing,20260515-160114,388,388,1005.92,-1029.32,61.0,4.41,1005.92,-1029.32,0.0,reference,1
B1,before_annealing,20260515-160114,389,389,1540.99,-1042.5,553.0,13.27,1540.99,-1042.5,0.0,reference,1
B1,before_annealing,20260515-160114,390,390,2132.88,-1038.72,40.0,3.57,2132.88,-1038.72,0.0,reference,1
B1,before_annealing,20260515-160114,391,391,2265.2,-1047.64,453.0,12.01,2265.2,-1047.64,0.0,reference,1
B1,before_annealing,20260515-160114,392,392,369.21,-1053.15,523.0,12.9,369.21,-1053.15,0.0,reference,1
B1,before_annealing,20260515-160114,393,393,1734.79,-1048.27,36.0,3.39,1734.79,-1048.27,0.0,reference,1
B1,before_annealing,20260515-160114,394,394,1095.6,-1053.65,107.0,5.84,1095.6,-1053.65,0.0,reference,1
B1,before_annealing,20260515-160114,395,395,409.9,-1067.42,530.0,12.99,409.9,-1067.42,0.0,reference,1
B1,before_annealing,20260515-160114,396,396,2569.13,-1061.21,25.0,2.82,2569.13,-1061.21,0.0,reference,1
B1,before_annealing,20260515-160114,397,397,820.06,-1084.8,355.0,10.63,820.06,-1084.8,0.0,reference,1
B1,before_annealing,20260515-160114,398,398,1622.17,-1090.78,563.0,13.39,1622.17,-1090.78,0.0,reference,1
B1,before_annealing,20260515-160114,399,399,1229.39,-1085.16,44.0,3.74,1229.39,-1085.16,0.0,reference,1
B1,before_annealing,20260515-160114,400,400,1776.12,-1094.97,265.0,9.18,1776.12,-1094.97,0.0,reference,1
B1,before_annealing,20260515-160114,401,401,1689.63,-1094.41,117.0,6.1,1689.63,-1094.41,0.0,reference,1
B1,before_annealing,20260515-160114,402,402,534.45,-1098.26,53.0,4.11,534.45,-1098.26,0.0,reference,1
B1,before_annealing,20260515-160114,403,403,2281.44,-1111.52,572.0,13.49,2281.44,-1111.52,0.0,reference,1
B1,before_annealing,20260515-160114,404,404,1032.35,-1106.85,235.0,8.65,1032.35,-1106.85,0.0,reference,1
B1,before_annealing,20260515-160114,405,405,1135.29,-1129.09,581.0,13.6,1135.29,-1129.09,0.0,reference,1
B1,before_annealing,20260515-160114,406,406,1629.2,-1130.16,53.0,4.11,1629.2,-1130.16,0.0,reference,1
B1,before_annealing,20260515-160114,407,407,1203.72,-1148.6,236.0,8.67,1203.72,-1148.6,0.0,reference,1
B1,before_annealing,20260515-160114,408,408,2303.41,-1155.93,403.0,11.33,2303.41,-1155.93,0.0,reference,1
B1,before_annealing,20260515-160114,409,409,458.57,-1161.31,532.0,13.01,458.57,-1161.31,0.0,reference,1
B1,before_annealing,20260515-160114,410,410,850.69,-1159.88,53.0,4.11,850.69,-1159.88,0.0,reference,1
B1,before_annealing,20260515-160114,411,411,2597.75,-1168.38,55.0,4.18,2597.75,-1168.38,0.0,reference,1
B1,before_annealing,20260515-160114,412,412,1509.54,-1181.61,324.0,10.16,1509.54,-1181.61,0.0,reference,1
B1,before_annealing,20260515-160114,413,413,1364.06,-1187.73,569.0,13.46,1364.06,-1187.73,0.0,reference,1
B1,before_annealing,20260515-160114,414,414,2571.41,-1194.01,412.0,11.45,2571.41,-1194.01,0.0,reference,1
B1,before_annealing,20260515-160114,415,415,1721.32,-1191.66,50.0,3.99,1721.32,-1191.66,0.0,reference,1
B1,before_annealing,20260515-160114,416,416,587.38,-1206.16,174.0,7.44,587.38,-1206.16,0.0,reference,1
B1,before_annealing,20260515-160114,417,417,1492.04,-1207.05,88.0,5.29,1492.04,-1207.05,0.0,reference,1
B1,before_annealing,20260515-160114,418,418,1294.99,-1233.66,516.0,12.82,1294.99,-1233.66,0.0,reference,1
B1,before_annealing,20260515-160114,419,419,1233.57,-1243.0,532.0,13.01,1233.57,-1243.0,0.0,reference,1
B1,before_annealing,20260515-160114,420,420,1731.33,-1248.9,597.0,13.79,1731.33,-1248.9,0.0,reference,1
B1,before_annealing,20260515-160114,421,421,2692.44,-1242.04,290.0,9.61,2692.44,-1242.04,0.0,reference,1
B1,before_annealing,20260515-160114,422,422,2098.79,-1242.24,62.0,4.44,2098.79,-1242.24,0.0,reference,1
B1,before_annealing,20260515-160114,423,423,1653.23,-1250.46,403.0,11.33,1653.23,-1250.46,0.0,reference,1
B1,before_annealing,20260515-160114,424,424,1067.53,-1263.22,908.0,17.0,1067.53,-1263.22,0.0,reference,1
B1,before_annealing,20260515-160114,425,425,755.02,-1266.56,98.0,5.59,755.02,-1266.56,0.0,reference,1
B1,before_annealing,20260515-160114,426,426,2032.03,-1267.0,71.0,4.75,2032.03,-1267.0,0.0,reference,1
B1,before_annealing,20260515-160114,427,427,2694.26,-1268.33,42.0,3.66,2694.26,-1268.33,0.0,reference,1
B1,before_annealing,20260515-160114,428,428,2358.27,-1289.46,919.0,17.1,2358.27,-1289.46,0.0,reference,1
B1,before_annealing,20260515-160114,429,429,873.03,-1276.75,35.0,3.34,873.03,-1276.75,0.0,reference,1
B1,before_annealing,20260515-160114,430,430,1094.13,-1285.94,231.0,8.57,1094.13,-1285.94,0.0,reference,1
B1,before_annealing,20260515-160114,431,431,2673.58,-1278.6,76.0,4.92,2673.58,-1278.6,0.0,reference,1
B1,before_annealing,20260515-160114,432,432,1975.65,-1283.79,60.0,4.37,1975.65,-1283.79,0.0,reference,1
B1,before_annealing,20260515-160114,433,433,843.16,-1288.42,243.0,8.79,843.16,-1288.42,0.0,reference,1
B1,before_annealing,20260515-160114,434,434,657.94,-1305.16,293.0,9.66,657.94,-1305.16,0.0,reference,1
B1,before_annealing,20260515-160114,435,435,2658.54,-1313.22,78.0,4.98,2658.54,-1313.22,0.0,reference,1
B1,before_annealing,20260515-160114,436,436,917.09,-1323.07,57.0,4.26,917.09,-1323.07,0.0,reference,1
B1,before_annealing,20260515-160114,437,437,1826.97,-1341.8,194.0,7.86,1826.97,-1341.8,0.0,reference,1
B1,before_annealing,20260515-160114,438,438,2191.99,-1340.09,75.0,4.89,2191.99,-1340.09,0.0,reference,1
B1,before_annealing,20260515-160114,439,439,1171.48,-1343.14,202.0,8.02,1171.48,-1343.14,0.0,reference,1
B1,before_annealing,20260515-160114,440,440,720.84,-1350.38,436.0,11.78,720.84,-1350.38,0.0,reference,1
B1,before_annealing,20260515-160114,441,441,1087.44,-1349.37,176.0,7.48,1087.44,-1349.37,0.0,reference,1
B1,before_annealing,20260515-160114,442,442,2497.57,-1357.95,256.0,9.03,2497.57,-1357.95,0.0,reference,1
B1,before_annealing,20260515-160114,443,443,2267.62,-1370.22,493.0,12.53,2267.62,-1370.22,0.0,reference,1
B1,before_annealing,20260515-160114,444,444,2330.82,-1370.29,395.0,11.21,2330.82,-1370.29,0.0,reference,1
B1,before_annealing,20260515-160114,445,445,2618.4,-1364.62,139.0,6.65,2618.4,-1364.62,0.0,reference,1
B1,before_annealing,20260515-160114,446,446,547.19,-1365.12,114.0,6.02,547.19,-1365.12,0.0,reference,1
B1,before_annealing,20260515-160114,447,447,2674.47,-1369.86,190.0,7.78,2674.47,-1369.86,0.0,reference,1
B1,before_annealing,20260515-160114,448,448,354.04,-1365.68,28.0,2.99,354.04,-1365.68,0.0,reference,1
B1,before_annealing,20260515-160114,449,449,956.11,-1381.62,258.0,9.06,956.11,-1381.62,0.0,reference,1
B1,before_annealing,20260515-160114,450,450,694.75,-1382.18,110.0,5.92,694.75,-1382.18,0.0,reference,1
B1,before_annealing,20260515-160114,451,451,1881.2,-1386.98,85.0,5.2,1881.2,-1386.98,0.0,reference,1
B1,before_annealing,20260515-160114,452,452,640.08,-1388.44,27.0,2.93,640.08,-1388.44,0.0,reference,1
B1,before_annealing,20260515-160114,453,453,2553.19,-1395.75,33.0,3.24,2553.19,-1395.75,0.0,reference,1
B1,before_annealing,20260515-160114,454,454,2041.99,-1399.06,166.0,7.27,2041.99,-1399.06,0.0,reference,1
B1,before_annealing,20260515-160114,455,455,1503.5,-1409.63,484.0,12.41,1503.5,-1409.63,0.0,reference,1
B1,before_annealing,20260515-160114,456,456,888.99,-1409.61,26.0,2.88,888.99,-1409.61,0.0,reference,1
B1,before_annealing,20260515-160114,457,457,971.39,-1412.49,29.0,3.04,971.39,-1412.49,0.0,reference,1
B1,before_annealing,20260515-160114,458,458,2125.69,-1420.15,141.0,6.7,2125.69,-1420.15,0.0,reference,1
B1,before_annealing,20260515-160114,459,459,2675.62,-1426.95,83.0,5.14,2675.62,-1426.95,0.0,reference,1
B1,before_annealing,20260515-160114,460,460,1794.25,-1443.47,183.0,7.63,1794.25,-1443.47,0.0,reference,1
B1,before_annealing,20260515-160114,461,461,489.34,-1444.28,50.0,3.99,489.34,-1444.28,0.0,reference,1
B1,before_annealing,20260515-160114,462,462,840.76,-1446.24,134.0,6.53,840.76,-1446.24,0.0,reference,1
B1,before_annealing,20260515-160114,463,463,735.28,-1464.69,852.0,16.47,735.28,-1464.69,0.0,reference,1
B1,before_annealing,20260515-160114,464,464,814.8,-1457.94,227.0,8.5,814.8,-1457.94,0.0,reference,1
B1,before_annealing,20260515-160114,465,465,1117.09,-1457.67,195.0,7.88,1117.09,-1457.67,0.0,reference,1
B1,before_annealing,20260515-160114,466,466,2482.8,-1454.54,83.0,5.14,2482.8,-1454.54,0.0,reference,1
B1,before_annealing,20260515-160114,467,467,494.67,-1457.1,45.0,3.78,494.67,-1457.1,0.0,reference,1
B1,before_annealing,20260515-160114,468,468,1465.94,-1467.0,179.0,7.55,1465.94,-1467.0,0.0,reference,1
B1,before_annealing,20260515-160114,469,469,2138.58,-1468.62,81.0,5.08,2138.58,-1468.62,0.0,reference,1
B1,before_annealing,20260515-160114,470,470,841.54,-1472.97,106.0,5.81,841.54,-1472.97,0.0,reference,1
B1,before_annealing,20260515-160114,471,471,411.18,-1480.17,347.0,10.51,411.18,-1480.17,0.0,reference,1
B1,before_annealing,20260515-160114,472,472,2655.43,-1488.96,511.0,12.75,2655.43,-1488.96,0.0,reference,1
B1,before_annealing,20260515-160114,473,473,1646.58,-1486.11,243.0,8.79,1646.58,-1486.11,0.0,reference,1
B1,before_annealing,20260515-160114,474,474,2138.19,-1481.97,128.0,6.38,2138.19,-1481.97,0.0,reference,1
B1,before_annealing,20260515-160114,475,475,1672.2,-1487.76,249.0,8.9,1672.2,-1487.76,0.0,reference,1
B1,before_annealing,20260515-160114,476,476,1429.18,-1501.71,223.0,8.43,1429.18,-1501.71,0.0,reference,1
B1,before_annealing,20260515-160114,477,477,755.63,-1504.47,205.0,8.08,755.63,-1504.47,0.0,reference,1
B1,before_annealing,20260515-160114,478,478,1149.33,-1508.34,137.0,6.6,1149.33,-1508.34,0.0,reference,1
B1,before_annealing,20260515-160114,479,479,2577.67,-1524.32,428.0,11.67,2577.67,-1524.32,0.0,reference,1
B1,before_annealing,20260515-160114,480,480,901.71,-1532.74,683.0,14.74,901.71,-1532.74,0.0,reference,1
B1,before_annealing,20260515-160114,481,481,1725.16,-1525.24,25.0,2.82,1725.16,-1525.24,0.0,reference,1
B1,before_annealing,20260515-160114,482,482,413.56,-1537.62,131.0,6.46,413.56,-1537.62,0.0,reference,1
B1,before_annealing,20260515-160114,483,483,1231.75,-1538.11,143.0,6.75,1231.75,-1538.11,0.0,reference,1
B1,before_annealing,20260515-160114,484,484,1851.53,-1540.34,179.0,7.55,1851.53,-1540.34,0.0,reference,1
B1,before_annealing,20260515-160114,485,485,827.57,-1540.76,69.0,4.69,827.57,-1540.76,0.0,reference,1
B1,before_annealing,20260515-160114,486,486,1709.48,-1565.67,475.0,12.3,1709.48,-1565.67,0.0,reference,1
B1,before_annealing,20260515-160114,487,487,876.24,-1559.72,71.0,4.75,876.24,-1559.72,0.0,reference,1
B1,before_annealing,20260515-160114,488,488,2279.06,-1567.32,376.0,10.94,2279.06,-1567.32,0.0,reference,1
B1,before_annealing,20260515-160114,489,489,839.48,-1567.2,175.0,7.46,839.48,-1567.2,0.0,reference,1
B1,before_annealing,20260515-160114,490,490,706.62,-1577.13,616.0,14.0,706.62,-1577.13,0.0,reference,1
B1,before_annealing,20260515-160114,491,491,592.71,-1568.65,133.0,6.51,592.71,-1568.65,0.0,reference,1
B1,before_annealing,20260515-160114,492,492,1563.66,-1579.28,318.0,10.06,1563.66,-1579.28,0.0,reference,1
B1,before_annealing,20260515-160114,493,493,1380.05,-1580.43,56.0,4.22,1380.05,-1580.43,0.0,reference,1
B1,before_annealing,20260515-160114,494,494,646.22,-1580.79,119.0,6.15,646.22,-1580.79,0.0,reference,1
B1,before_annealing,20260515-160114,495,495,2599.15,-1584.67,168.0,7.31,2599.15,-1584.67,0.0,reference,1
B1,before_annealing,20260515-160114,496,496,2104.46,-1581.75,110.0,5.92,2104.46,-1581.75,0.0,reference,1
B1,before_annealing,20260515-160114,497,497,2684.1,-1582.12,103.0,5.73,2684.1,-1582.12,0.0,reference,1
B1,before_annealing,20260515-160114,498,498,1095.46,-1584.97,71.0,4.75,1095.46,-1584.97,0.0,reference,1
B1,before_annealing,20260515-160114,499,499,678.55,-1590.23,183.0,7.63,678.55,-1590.23,0.0,reference,1
B1,before_annealing,20260515-160114,500,500,2627.67,-1598.38,470.0,12.23,2627.67,-1598.38,0.0,reference,1
B1,before_annealing,20260515-160114,501,501,2036.61,-1590.44,139.0,6.65,2036.61,-1590.44,0.0,reference,1
B1,before_annealing,20260515-160114,502,502,1706.08,-1598.79,297.0,9.72,1706.08,-1598.79,0.0,reference,1
B1,before_annealing,20260515-160114,503,503,1213.26,-1601.88,226.0,8.48,1213.26,-1601.88,0.0,reference,1
B1,before_annealing,20260515-160114,504,504,893.16,-1600.59,72.0,4.79,893.16,-1600.59,0.0,reference,1
B1,before_annealing,20260515-160114,505,505,1075.13,-1604.79,103.0,5.73,1075.13,-1604.79,0.0,reference,1
B1,before_annealing,20260515-160114,506,506,2086.9,528.08,444.0,11.89,2086.9,528.08,0.0,reference,1
B1,before_annealing,20260515-160114,507,507,2092.71,501.28,352.0,10.59,2092.71,501.28,0.0,reference,1
B1,before_annealing,20260515-160114,508,508,937.98,310.71,429.0,11.69,937.98,310.71,0.0,reference,1
B1,before_annealing,20260515-160114,509,509,967.59,306.87,811.0,16.07,967.59,306.87,0.0,reference,1
B1,before_annealing,20260515-160114,510,510,1309.66,-60.37,437.0,11.79,1309.66,-60.37,0.0,reference,1
B1,before_annealing,20260515-160114,511,511,1334.09,-62.73,108.0,5.86,1334.09,-62.73,0.0,reference,1
B1,before_annealing,20260515-160114,512,512,1897.58,-167.13,51.0,4.03,1897.58,-167.13,0.0,reference,1
B1,before_annealing,20260515-160114,513,513,1909.49,-174.38,161.0,7.16,1909.49,-174.38,0.0,reference,1
B1,before_annealing,20260515-160114,514,514,1569.15,-201.66,439.0,11.82,1569.15,-201.66,0.0,reference,1
B1,before_annealing,20260515-160114,515,515,1595.96,-205.05,692.0,14.84,1595.96,-205.05,0.0,reference,1
B1,before_annealing,20260515-160114,516,516,2698.36,-241.86,818.0,16.14,2698.36,-241.86,0.0,reference,1
B1,before_annealing,20260515-160114,517,517,2674.36,-268.3,612.0,13.96,2674.36,-268.3,0.0,reference,1
B1,before_annealing,20260515-160114,518,518,1016.08,-354.97,1441.0,21.42,1016.08,-354.97,0.0,reference,1
B1,before_annealing,20260515-160114,519,519,1015.48,-376.17,376.0,10.94,1015.48,-376.17,0.0,reference,1
B1,before_annealing,20260515-160114,520,520,534.96,-504.75,403.0,11.33,534.96,-504.75,0.0,reference,1
B1,before_annealing,20260515-160114,521,521,540.14,-518.33,370.0,10.85,540.14,-518.33,0.0,reference,1
B1,before_annealing,20260515-160114,522,522,1124.56,-655.56,99.0,5.61,1124.56,-655.56,0.0,reference,1
B1,before_annealing,20260515-160114,523,523,1125.03,-676.36,977.0,17.63,1125.03,-676.36,0.0,reference,1
B1,before_annealing,20260515-160114,524,524,1445.32,-692.09,995.0,17.8,1445.32,-692.09,0.0,reference,1
B1,before_annealing,20260515-160114,525,525,1469.85,-689.57,199.0,7.96,1469.85,-689.57,0.0,reference,1
B1,before_annealing,20260515-160114,526,526,2253.45,-928.61,278.0,9.41,2253.45,-928.61,0.0,reference,1
B1,before_annealing,20260515-160114,527,527,2278.62,-955.86,1269.0,20.1,2278.62,-955.86,0.0,reference,1
B1,before_annealing,20260515-160114,528,528,2427.53,-980.64,188.0,7.74,2427.53,-980.64,0.0,reference,1
B1,before_annealing,20260515-160114,529,529,2450.07,-989.48,546.0,13.18,2450.07,-989.48,0.0,reference,1
B1,before_annealing,20260515-160114,530,530,1467.21,-1157.3,675.0,14.66,1467.21,-1157.3,0.0,reference,1
B1,before_annealing,20260515-160114,531,531,1474.81,-1169.99,589.0,13.69,1474.81,-1169.99,0.0,reference,1
B1,before_annealing,20260515-160114,532,532,1017.31,-1212.29,537.0,13.07,1017.31,-1212.29,0.0,reference,1
B1,before_annealing,20260515-160114,533,533,1037.35,-1217.83,221.0,8.39,1037.35,-1217.83,0.0,reference,1
B1,before_annealing,20260515-160114,534,534,1775.75,-1209.42,172.0,7.4,1775.75,-1209.42,0.0,reference,1
B1,before_annealing,20260515-160114,535,535,1764.25,-1220.6,329.0,10.23,1764.25,-1220.6,0.0,reference,1
B1,before_annealing,20260515-160114,536,536,1567.68,-1230.3,1600.0,22.57,1567.68,-1230.3,0.0,reference,1
B1,before_annealing,20260515-160114,537,537,1598.45,-1238.83,243.0,8.79,1598.45,-1238.83,0.0,reference,1
B1,before_annealing,20260515-160114,538,538,1861.81,-1281.42,592.0,13.73,1861.81,-1281.42,0.0,reference,1
B1,before_annealing,20260515-160114,539,539,1849.43,-1301.59,752.0,15.47,1849.43,-1301.59,0.0,reference,1
B1,before_annealing,20260515-160114,540,540,353.57,-1387.84,991.0,17.76,353.57,-1387.84,0.0,reference,1
B1,before_annealing,20260515-160114,541,541,339.76,-1386.72,490.0,12.49,339.76,-1386.72,0.0,reference,1
B1,before_annealing,20260515-160114,542,542,400.21,-1388.02,575.0,13.53,400.21,-1388.02,0.0,reference,1
B1,before_annealing,20260515-160114,543,543,407.0,-1401.73,196.0,7.9,407.0,-1401.73,0.0,reference,1
B1,before_annealing,20260515-160114,544,544,1360.24,-1408.63,188.0,7.74,1360.24,-1408.63,0.0,reference,1
B1,before_annealing,20260515-160114,545,545,1366.9,-1417.94,169.0,7.33,1366.9,-1417.94,0.0,reference,1
B1,before_annealing,20260515-160114,546,546,1969.74,-1483.12,469.0,12.22,1969.74,-1483.12,0.0,reference,1
B1,before_annealing,20260515-160114,547,547,1963.8,-1509.03,1338.0,20.64,1963.8,-1509.03,0.0,reference,1
B1,before_annealing,20260515-160114,548,548,1906.82,-1578.11,76.0,4.92,1906.82,-1578.11,0.0,reference,1
B1,before_annealing,20260515-160114,549,549,1915.69,-1582.55,107.0,5.84,1915.69,-1582.55,0.0,reference,1
