sensor,phase,run_number,local_spot,spot,x,y,integration_area,integration_radius,match_type,match_distance,candidate_count
A2,annealing_125_25,20260831-115727,0,0,1773.54,744.1,97.0,5.56,matched,1.634778272427119,1
A2,annealing_125_25,20260831-115727,2,4,367.43,731.06,160.0,7.14,matched,3.7561682603419384,1
A2,annealing_125_25,20260831-115727,3,5,761.31,733.78,45.0,3.78,matched,3.8200523556622077,1
A2,annealing_125_25,20260831-115727,1,6,717.56,733.14,185.0,7.67,matched,3.504425773218802,1
A2,annealing_125_25,20260831-115727,6,7,911.41,722.59,274.0,9.34,matched,3.4936656966572532,1
A2,annealing_125_25,20260831-115727,4,8,1710.86,732.99,52.0,4.07,matched,1.1851160280748505,1
A2,annealing_125_25,20260831-115727,7,9,2220.95,723.87,89.0,5.32,matched,1.4446106741957176,1
A2,annealing_125_25,20260831-115727,9,12,1020.3,700.69,167.0,7.29,matched,4.8386981720292574,1
A2,annealing_125_25,20260831-115727,8,13,948.9,707.77,62.0,4.44,matched,3.1062839535367823,1
A2,annealing_125_25,20260831-115727,10,15,354.5,691.55,261.0,9.11,matched,4.234949822607175,2
A2,annealing_125_25,20260831-115727,11,18,1613.07,689.52,80.0,5.05,matched,2.8992757716368356,1
A2,annealing_125_25,20260831-115727,12,20,1706.81,684.95,95.0,5.5,matched,1.5678010077812734,1
A2,annealing_125_25,20260831-115727,14,21,938.9,682.9,76.0,4.92,matched,2.8966359798911583,1
A2,annealing_125_25,20260831-115727,15,22,2086.1,681.48,47.0,3.87,matched,2.031846450891474,1
A2,annealing_125_25,20260831-115727,13,23,2536.06,682.28,98.0,5.59,matched,1.033247308247157,1
A2,annealing_125_25,20260831-115727,17,26,1894.37,654.81,199.0,7.96,matched,1.925097400133479,1
A2,annealing_125_25,20260831-115727,16,28,2441.23,656.82,100.0,5.64,matched,0.9616652224137663,1
A2,annealing_125_25,20260831-115727,18,29,2377.38,651.18,45.0,3.78,matched,1.1853269591129132,1
A2,annealing_125_25,20260831-115727,19,31,1590.02,647.7,50.0,3.99,matched,2.793080736391241,1
A2,annealing_125_25,20260831-115727,20,32,1868.08,642.96,33.0,3.24,matched,2.11539594402561,1
A2,annealing_125_25,20260831-115727,21,35,1018.14,629.32,102.0,5.7,matched,2.7290474528669733,1
A2,annealing_125_25,20260831-115727,22,36,878.59,621.99,55.0,4.18,matched,3.1177716401301825,1
A2,annealing_125_25,20260831-115727,23,38,1596.01,621.17,156.0,7.05,matched,2.1896118377466456,1
A2,annealing_125_25,20260831-115727,25,40,1103.02,611.17,296.0,9.71,matched,3.0999677417677045,1
A2,annealing_125_25,20260831-115727,27,41,1866.57,607.09,243.0,8.79,matched,1.8798404187589404,1
A2,annealing_125_25,20260831-115727,24,42,2167.85,620.29,127.0,6.36,matched,1.3912943613774145,1
A2,annealing_125_25,20260831-115727,26,44,1429.35,613.29,113.0,6.0,matched,2.609291091465291,1
A2,annealing_125_25,20260831-115727,28,45,1186.93,608.99,76.0,4.92,matched,2.918715470887805,1
A2,annealing_125_25,20260831-115727,29,48,2299.57,580.56,279.0,9.42,matched,0.9350935782047436,1
A2,annealing_125_25,20260831-115727,31,49,709.57,574.54,53.0,4.11,matched,3.237360035584581,1
A2,annealing_125_25,20260831-115727,33,51,1736.68,569.96,43.0,3.7,matched,2.4972985404231265,1
A2,annealing_125_25,20260831-115727,34,52,2422.45,570.1,34.0,3.29,matched,1.2030378215168533,1
A2,annealing_125_25,20260831-115727,32,53,2366.78,563.91,239.0,8.72,matched,1.1744360348692149,1
A2,annealing_125_25,20260831-115727,36,55,1181.13,538.79,247.0,8.87,matched,2.861957372149393,1
A2,annealing_125_25,20260831-115727,35,56,1750.76,547.09,74.0,4.85,matched,1.730462365958896,1
A2,annealing_125_25,20260831-115727,37,60,1597.1,533.19,144.0,6.77,matched,2.425386567126978,1
A2,annealing_125_25,20260831-115727,38,63,685.55,508.36,242.0,8.78,matched,3.7670280062670014,1
A2,annealing_125_25,20260831-115727,39,64,439.05,497.39,145.0,6.79,matched,3.765859795584525,1
A2,annealing_125_25,20260831-115727,41,65,1281.57,489.02,210.0,8.18,matched,2.4805039810490297,1
A2,annealing_125_25,20260831-115727,42,68,2294.02,483.68,41.0,3.61,matched,0.745452882481542,1
A2,annealing_125_25,20260831-115727,43,69,2705.68,466.74,26.0,2.88,matched,0.28442925306648303,1
A2,annealing_125_25,20260831-115727,44,72,1597.3,450.22,203.0,8.04,matched,2.243211982849551,1
A2,annealing_125_25,20260831-115727,45,73,2575.64,447.63,179.0,7.55,matched,0.8249242389456332,1
A2,annealing_125_25,20260831-115727,46,74,2189.64,445.23,95.0,5.5,matched,1.1584903970253322,1
A2,annealing_125_25,20260831-115727,47,76,607.9,431.8,168.0,7.31,matched,3.6326987213365167,1
A2,annealing_125_25,20260831-115727,48,79,984.12,425.11,65.0,4.55,matched,4.1552376586664685,1
A2,annealing_125_25,20260831-115727,49,84,2362.69,423.48,76.0,4.92,matched,0.8854377448472937,1
A2,annealing_125_25,20260831-115727,50,85,473.65,405.03,107.0,5.84,matched,4.081384568991319,1
A2,annealing_125_25,20260831-115727,51,88,1661.71,405.26,54.0,4.15,matched,1.5297058540778266,1
A2,annealing_125_25,20260831-115727,54,89,678.77,389.15,29.0,3.04,matched,3.080162333384415,1
A2,annealing_125_25,20260831-115727,56,90,1868.23,372.94,224.0,8.44,matched,1.8672439583514335,1
A2,annealing_125_25,20260831-115727,57,91,2213.09,374.39,133.0,6.51,matched,1.2944883158994218,1
A2,annealing_125_25,20260831-115727,55,92,2340.81,374.29,316.0,10.03,matched,1.2984991336154232,1
A2,annealing_125_25,20260831-115727,58,98,624.3,353.0,179.0,7.55,matched,3.39023597998722,1
A2,annealing_125_25,20260831-115727,59,101,1514.8,329.92,161.0,7.16,matched,2.321572742775939,1
A2,annealing_125_25,20260831-115727,60,103,965.79,325.98,65.0,4.55,matched,3.3399700597459847,1
A2,annealing_125_25,20260831-115727,61,105,1866.27,312.78,448.0,11.94,matched,1.9999999999999545,1
A2,annealing_125_25,20260831-115727,65,107,387.28,302.88,56.0,4.22,matched,4.212861260473736,1
A2,annealing_125_25,20260831-115727,62,108,1598.08,302.27,126.0,6.33,matched,2.226117696798689,1
A2,annealing_125_25,20260831-115727,64,109,2652.69,303.16,93.0,5.44,matched,1.24887949778981,1
A2,annealing_125_25,20260831-115727,63,110,2679.46,302.16,173.0,7.42,matched,0.8420213774006595,1
A2,annealing_125_25,20260831-115727,66,112,1319.49,295.73,240.0,8.74,matched,2.359512661546876,1
A2,annealing_125_25,20260831-115727,67,113,1044.0,296.83,90.0,5.35,matched,2.389016534057511,1
A2,annealing_125_25,20260831-115727,68,114,839.49,286.21,196.0,7.9,matched,3.221878334139913,1
A2,annealing_125_25,20260831-115727,69,116,1471.63,272.19,643.0,14.31,matched,2.2995651762887745,1
A2,annealing_125_25,20260831-115727,70,117,901.6,270.72,123.0,6.26,matched,2.974306641891487,1
A2,annealing_125_25,20260831-115727,72,118,1795.1,269.66,153.0,6.98,matched,1.836355085488674,1
A2,annealing_125_25,20260831-115727,71,119,1752.22,272.7,53.0,4.11,matched,1.6620770138594552,1
A2,annealing_125_25,20260831-115727,75,123,924.83,229.2,162.0,7.18,matched,2.7257476038694293,1
A2,annealing_125_25,20260831-115727,76,124,1059.08,226.38,155.0,7.02,matched,3.2262052011612528,1
A2,annealing_125_25,20260831-115727,82,125,2309.43,219.96,305.0,9.85,matched,1.1260550608207787,1
A2,annealing_125_25,20260831-115727,80,126,1597.88,221.14,121.0,6.21,matched,1.8170580618130951,1
A2,annealing_125_25,20260831-115727,78,127,1319.25,229.38,26.0,2.88,matched,2.0591260281973884,1
A2,annealing_125_25,20260831-115727,81,128,1906.91,224.18,90.0,5.35,matched,1.6118622769951232,1
A2,annealing_125_25,20260831-115727,83,130,1122.81,206.92,81.0,5.08,matched,3.6848066435024878,1
A2,annealing_125_25,20260831-115727,84,133,1190.82,194.46,271.0,9.29,matched,2.4174780247191503,1
A2,annealing_125_25,20260831-115727,85,136,1782.63,183.62,816.0,16.12,matched,1.6732304085211662,1
A2,annealing_125_25,20260831-115727,87,138,1455.2,182.78,97.0,5.56,matched,2.3851624682608206,1
A2,annealing_125_25,20260831-115727,88,139,1072.6,181.88,85.0,5.2,matched,2.677106647109919,1
A2,annealing_125_25,20260831-115727,90,140,2487.02,174.71,74.0,4.85,matched,0.7615773105864423,1
A2,annealing_125_25,20260831-115727,91,141,1499.49,168.37,28.0,2.99,matched,3.3737960815674604,1
A2,annealing_125_25,20260831-115727,93,143,427.68,155.28,30.0,3.09,matched,3.9729082546668577,1
A2,annealing_125_25,20260831-115727,94,146,795.28,140.47,42.0,3.66,matched,3.3719134033957716,1
A2,annealing_125_25,20260831-115727,95,150,563.06,127.81,44.0,3.74,matched,3.949746827329572,1
A2,annealing_125_25,20260831-115727,96,151,765.49,114.52,185.0,7.67,matched,3.070586263240304,1
A2,annealing_125_25,20260831-115727,97,153,956.85,110.55,213.0,8.23,matched,2.802088506810595,1
A2,annealing_125_25,20260831-115727,98,155,1571.52,114.6,33.0,3.24,matched,1.6985876486069136,1
A2,annealing_125_25,20260831-115727,99,159,1149.2,101.64,70.0,4.72,matched,2.6726765610526044,1
A2,annealing_125_25,20260831-115727,100,160,1434.5,96.17,70.0,4.72,matched,2.0905980005730016,1
A2,annealing_125_25,20260831-115727,101,164,2383.54,67.98,247.0,8.87,matched,0.742428447730814,1
A2,annealing_125_25,20260831-115727,102,166,1438.32,50.72,171.0,7.38,matched,2.1009759636892684,1
A2,annealing_125_25,20260831-115727,103,168,583.03,34.0,64.0,4.51,matched,3.6144847488957508,1
A2,annealing_125_25,20260831-115727,104,169,1219.42,33.13,77.0,4.95,matched,2.9200684923473914,1
A2,annealing_125_25,20260831-115727,105,172,1137.24,-7.27,231.0,8.57,matched,2.8208686605370317,1
A2,annealing_125_25,20260831-115727,107,173,1612.82,-12.03,195.0,7.88,matched,1.990075375456923,1
A2,annealing_125_25,20260831-115727,106,174,2124.02,-3.98,31.0,3.14,matched,1.6447796204963772,1
A2,annealing_125_25,20260831-115727,108,176,789.34,-14.45,36.0,3.39,matched,3.730013404801649,1
A2,annealing_125_25,20260831-115727,109,177,1775.89,-14.26,78.0,4.98,matched,1.154339638061507,1
A2,annealing_125_25,20260831-115727,111,180,427.92,-23.95,71.0,4.75,matched,4.3841989005974655,1
A2,annealing_125_25,20260831-115727,112,181,1117.54,-28.72,188.0,7.74,matched,2.7441027677548724,1
A2,annealing_125_25,20260831-115727,113,186,2703.57,-44.07,117.0,6.1,matched,0.526972485050194,1
A2,annealing_125_25,20260831-115727,115,194,713.39,-69.66,42.0,3.66,matched,3.5779882615793928,1
A2,annealing_125_25,20260831-115727,116,195,1104.44,-82.5,191.0,7.8,matched,2.7498727243274597,1
A2,annealing_125_25,20260831-115727,118,196,1388.5,-87.64,172.0,7.4,matched,2.356140912594151,1
A2,annealing_125_25,20260831-115727,117,198,2168.04,-82.29,53.0,4.11,matched,1.3213629327327026,1
A2,annealing_125_25,20260831-115727,120,201,2445.82,-95.04,54.0,4.15,matched,1.4649232061785131,1
A2,annealing_125_25,20260831-115727,121,203,1630.51,-95.96,37.0,3.43,matched,3.1474592928264897,1
A2,annealing_125_25,20260831-115727,122,204,950.13,-108.62,222.0,8.41,matched,3.026549190084308,1
A2,annealing_125_25,20260831-115727,123,205,2427.53,-107.17,93.0,5.44,matched,0.7467261881038224,1
A2,annealing_125_25,20260831-115727,124,206,2658.48,-122.23,376.0,10.94,matched,0.29154759474232256,1
A2,annealing_125_25,20260831-115727,125,207,765.83,-124.59,36.0,3.39,matched,2.9813587506370327,1
A2,annealing_125_25,20260831-115727,130,208,800.53,-135.36,103.0,5.73,matched,4.134948609112356,1
A2,annealing_125_25,20260831-115727,128,209,2500.25,-128.66,166.0,7.27,matched,0.22803508501981215,1
A2,annealing_125_25,20260831-115727,127,213,1333.26,-125.47,72.0,4.79,matched,0.778973683765961,1
A2,annealing_125_25,20260831-115727,129,214,1887.7,-128.67,30.0,3.09,matched,1.130044246921313,1
A2,annealing_125_25,20260831-115727,132,215,711.11,-138.2,150.0,6.91,matched,3.5314161465338554,1
A2,annealing_125_25,20260831-115727,133,216,991.08,-138.94,28.0,2.99,matched,2.140864311440577,1
A2,annealing_125_25,20260831-115727,135,217,1993.2,-162.6,86.0,5.23,matched,0.8732124598286881,1
A2,annealing_125_25,20260831-115727,137,218,1214.98,-176.2,60.0,4.37,matched,1.8600268815261636,1
A2,annealing_125_25,20260831-115727,138,219,2185.55,-187.78,448.0,11.94,matched,0.940478601564174,1
A2,annealing_125_25,20260831-115727,139,222,2682.23,-186.89,153.0,6.98,matched,0.4176122603563689,1
A2,annealing_125_25,20260831-115727,140,223,2367.9,-187.56,74.0,4.85,matched,1.0628264204469569,1
A2,annealing_125_25,20260831-115727,142,224,1311.89,-206.48,241.0,8.76,matched,2.0597329924045855,1
A2,annealing_125_25,20260831-115727,141,226,2171.92,-202.03,122.0,6.23,matched,1.0123734488813945,1
A2,annealing_125_25,20260831-115727,144,227,2091.16,-206.98,96.0,5.53,matched,1.5383432646844795,1
A2,annealing_125_25,20260831-115727,143,228,1227.42,-205.92,27.0,2.93,matched,4.705411777942478,1
A2,annealing_125_25,20260831-115727,145,230,625.34,-216.94,123.0,6.26,matched,3.238672567580753,1
A2,annealing_125_25,20260831-115727,146,232,1785.12,-218.38,46.0,3.83,matched,1.7933488227335705,1
A2,annealing_125_25,20260831-115727,147,235,2688.39,-226.13,39.0,3.52,matched,0.4973932046178414,1
A2,annealing_125_25,20260831-115727,150,238,2664.93,-242.84,46.0,3.83,matched,0.5423098745182531,1
A2,annealing_125_25,20260831-115727,148,239,2300.59,-240.01,106.0,5.81,matched,0.139283882771739,1
A2,annealing_125_25,20260831-115727,151,241,1175.17,-247.87,117.0,6.1,matched,1.7738658348364396,1
A2,annealing_125_25,20260831-115727,149,243,1478.87,-246.38,166.0,7.27,matched,1.4405901568453574,1
A2,annealing_125_25,20260831-115727,152,245,1267.73,-252.03,79.0,5.01,matched,2.1102843410308445,1
A2,annealing_125_25,20260831-115727,153,247,1018.27,-265.23,172.0,7.4,matched,2.639734835168138,1
A2,annealing_125_25,20260831-115727,155,251,1198.11,-283.01,48.0,3.91,matched,1.1765202930677703,1
A2,annealing_125_25,20260831-115727,157,252,2506.54,-286.74,35.0,3.34,matched,0.3801315561750731,1
A2,annealing_125_25,20260831-115727,159,253,478.49,-293.87,168.0,7.31,matched,3.7404946196993882,1
A2,annealing_125_25,20260831-115727,158,255,2025.98,-294.25,151.0,6.93,matched,0.9976472322419472,1
A2,annealing_125_25,20260831-115727,160,256,1029.28,-303.03,258.0,9.06,matched,2.685609800399088,1
A2,annealing_125_25,20260831-115727,161,258,2371.46,-303.88,200.0,7.98,matched,0.3395585369269603,1
A2,annealing_125_25,20260831-115727,163,259,1709.81,-323.64,24.0,2.76,matched,2.032141727340902,1
A2,annealing_125_25,20260831-115727,162,260,1768.78,-322.33,64.0,4.51,matched,0.44283179650969345,1
A2,annealing_125_25,20260831-115727,164,263,2308.42,-331.27,260.0,9.1,matched,0.4356604182157262,1
A2,annealing_125_25,20260831-115727,165,264,2650.13,-337.92,149.0,6.89,matched,0.4159326868620121,1
A2,annealing_125_25,20260831-115727,167,267,1714.19,-361.39,237.0,8.69,matched,1.437358688706446,1
A2,annealing_125_25,20260831-115727,166,268,2055.02,-358.38,224.0,8.44,matched,0.779871784333636,1
A2,annealing_125_25,20260831-115727,168,269,2202.62,-363.71,92.0,5.41,matched,0.6621933252460527,1
A2,annealing_125_25,20260831-115727,169,270,1663.78,-372.7,279.0,9.42,matched,1.5288230767489004,1
A2,annealing_125_25,20260831-115727,170,271,1217.94,-375.99,109.0,5.89,matched,1.7692088627406235,1
A2,annealing_125_25,20260831-115727,172,274,1867.58,-382.68,44.0,3.74,matched,1.2889142717806543,1
A2,annealing_125_25,20260831-115727,175,275,2205.57,-399.43,66.0,4.58,matched,1.2643575443678978,1
A2,annealing_125_25,20260831-115727,174,276,792.83,-404.24,207.0,8.12,matched,2.6368541863364388,1
A2,annealing_125_25,20260831-115727,173,277,544.4,-402.19,117.0,6.1,matched,3.3626775046084956,1
A2,annealing_125_25,20260831-115727,177,278,1373.46,-402.71,28.0,2.99,matched,2.274840653760203,1
A2,annealing_125_25,20260831-115727,178,279,1389.99,-407.43,42.0,3.66,matched,3.499142752160895,1
A2,annealing_125_25,20260831-115727,179,281,1437.22,-408.41,92.0,5.41,matched,1.1407015385279777,1
A2,annealing_125_25,20260831-115727,181,284,1149.01,-420.76,115.0,6.05,matched,2.374742091259572,1
A2,annealing_125_25,20260831-115727,183,287,1240.57,-440.37,31.0,3.14,matched,2.8327018904218506,1
A2,annealing_125_25,20260831-115727,182,289,2048.62,-437.9,63.0,4.48,matched,0.913509715328601,1
A2,annealing_125_25,20260831-115727,184,290,444.72,-446.27,43.0,3.7,matched,3.751333096380508,1
A2,annealing_125_25,20260831-115727,185,293,1863.41,-451.05,98.0,5.59,matched,1.090779537761962,1
A2,annealing_125_25,20260831-115727,187,294,2577.23,-480.73,307.0,9.89,matched,0.8695401083331338,1
A2,annealing_125_25,20260831-115727,188,297,1348.03,-484.86,161.0,7.16,matched,1.7332628190785657,1
A2,annealing_125_25,20260831-115727,190,299,1967.68,-488.51,38.0,3.48,matched,0.891571646027533,1
A2,annealing_125_25,20260831-115727,189,300,2045.97,-485.67,130.0,6.43,matched,0.9761659694949707,1
A2,annealing_125_25,20260831-115727,191,303,801.7,-518.17,369.0,10.84,matched,3.04014802271202,1
A2,annealing_125_25,20260831-115727,193,304,1190.56,-522.74,208.0,8.14,matched,2.6073933343476017,1
A2,annealing_125_25,20260831-115727,192,305,1357.0,-521.25,274.0,9.34,matched,1.945893111144558,1
A2,annealing_125_25,20260831-115727,194,308,1699.24,-538.48,1322.0,20.51,matched,1.681190054693511,1
A2,annealing_125_25,20260831-115727,195,311,1191.34,-541.8,112.0,5.97,matched,2.0274368054269054,1
A2,annealing_125_25,20260831-115727,196,313,2150.95,-562.28,424.0,11.62,matched,0.8940357934667286,1
A2,annealing_125_25,20260831-115727,197,314,2105.47,-560.63,240.0,8.74,matched,0.9295697929684641,1
A2,annealing_125_25,20260831-115727,198,319,1036.15,-571.45,24.0,2.76,matched,3.3364951670878202,1
A2,annealing_125_25,20260831-115727,200,320,1310.45,-575.35,66.0,4.58,matched,2.289650628371125,1
A2,annealing_125_25,20260831-115727,202,321,1670.21,-579.54,78.0,4.98,matched,1.3724430771438583,1
A2,annealing_125_25,20260831-115727,203,322,2424.66,-583.43,150.0,6.91,matched,0.9808159868189579,1
A2,annealing_125_25,20260831-115727,204,324,363.37,-583.28,87.0,5.26,matched,4.316537964619271,1
A2,annealing_125_25,20260831-115727,206,326,1456.72,-605.16,203.0,8.04,matched,1.8736061485808102,1
A2,annealing_125_25,20260831-115727,207,327,511.12,-605.25,133.0,6.51,matched,3.0391610684529855,1
A2,annealing_125_25,20260831-115727,208,330,727.9,-602.75,24.0,2.76,matched,2.7369508581632025,1
A2,annealing_125_25,20260831-115727,210,333,2178.42,-619.92,158.0,7.09,matched,0.9295697929686512,1
A2,annealing_125_25,20260831-115727,211,334,1675.7,-622.66,161.0,7.16,matched,1.7528548142957612,1
A2,annealing_125_25,20260831-115727,214,336,1422.58,-637.18,131.0,6.46,matched,2.1079136604708584,1
A2,annealing_125_25,20260831-115727,213,337,923.94,-639.96,297.0,9.72,matched,2.9904013108612237,1
A2,annealing_125_25,20260831-115727,215,338,2308.88,-639.13,117.0,6.1,matched,0.912140340079418,1
A2,annealing_125_25,20260831-115727,217,339,1476.2,-639.59,27.0,2.93,matched,1.567737222879002,1
A2,annealing_125_25,20260831-115727,216,340,1735.34,-637.51,49.0,3.95,matched,2.0932271735288177,1
A2,annealing_125_25,20260831-115727,218,341,1535.08,-655.18,294.0,9.67,matched,1.3713132391979939,1
A2,annealing_125_25,20260831-115727,219,344,1032.83,-652.7,94.0,5.47,matched,2.143944961980196,1
A2,annealing_125_25,20260831-115727,220,346,1201.67,-674.61,56.0,4.22,matched,2.020544481074342,1
A2,annealing_125_25,20260831-115727,222,347,1676.4,-689.36,180.0,7.57,matched,1.638352831352415,1
A2,annealing_125_25,20260831-115727,221,348,2620.8,-684.55,113.0,6.0,matched,1.1601724009819356,1
A2,annealing_125_25,20260831-115727,223,350,2142.68,-687.73,51.0,4.03,matched,7.111680532757355,1
A2,annealing_125_25,20260831-115727,225,351,1174.93,-695.19,63.0,4.48,matched,1.6688319268279534,1
A2,annealing_125_25,20260831-115727,226,352,1702.71,-701.19,43.0,3.7,matched,3.601735692690379,1
A2,annealing_125_25,20260831-115727,228,354,1735.94,-720.36,242.0,8.78,matched,1.2731457104353545,1
A2,annealing_125_25,20260831-115727,227,355,718.15,-719.82,204.0,8.06,matched,2.6566896694947513,1
A2,annealing_125_25,20260831-115727,230,356,1496.94,-717.7,41.0,3.61,matched,1.3556548233234857,1
A2,annealing_125_25,20260831-115727,229,357,1027.48,-723.86,398.0,11.26,matched,2.12438226315322,1
A2,annealing_125_25,20260831-115727,232,360,2679.02,-740.99,205.0,8.08,matched,0.6113100686232491,1
A2,annealing_125_25,20260831-115727,233,363,910.18,-753.13,79.0,5.01,matched,2.9258161254596886,1
A2,annealing_125_25,20260831-115727,234,365,1460.28,-762.15,152.0,6.96,matched,1.6681726529348797,1
A2,annealing_125_25,20260831-115727,236,367,824.13,-780.71,138.0,6.63,matched,2.7951744131627994,1
A2,annealing_125_25,20260831-115727,235,368,883.21,-772.14,81.0,5.08,matched,1.5880806024884357,1
A2,annealing_125_25,20260831-115727,238,370,1270.23,-795.48,295.0,9.69,matched,2.298107917396476,1
A2,annealing_125_25,20260831-115727,241,372,1335.07,-798.21,124.0,6.28,matched,1.8860010604450108,1
A2,annealing_125_25,20260831-115727,239,373,2242.69,-792.98,62.0,4.44,matched,1.1649892703368034,1
A2,annealing_125_25,20260831-115727,237,374,2426.2,-794.09,490.0,12.49,matched,0.9404786015639546,1
A2,annealing_125_25,20260831-115727,240,375,584.1,-797.04,66.0,4.58,matched,3.2121176815303407,1
A2,annealing_125_25,20260831-115727,242,376,2347.2,-798.39,133.0,6.51,matched,0.9616652224133313,1
A2,annealing_125_25,20260831-115727,243,377,2143.03,-798.47,36.0,3.39,matched,1.4290206436578143,1
A2,annealing_125_25,20260831-115727,244,379,754.83,-808.97,33.0,3.24,matched,2.2624102192131614,1
A2,annealing_125_25,20260831-115727,246,380,1059.41,-820.03,65.0,4.55,matched,2.6459969765667064,1
A2,annealing_125_25,20260831-115727,247,384,1554.38,-839.53,269.0,9.25,matched,1.5148927354766808,1
A2,annealing_125_25,20260831-115727,248,385,2610.81,-835.99,47.0,3.87,matched,1.9821705274775432,1
A2,annealing_125_25,20260831-115727,250,386,1318.24,-847.42,353.0,10.6,matched,1.790111728356542,1
A2,annealing_125_25,20260831-115727,251,387,2257.4,-855.78,201.0,8.0,matched,1.040192289915539,1
A2,annealing_125_25,20260831-115727,253,388,2347.06,-859.03,170.0,7.36,matched,1.220368796716595,1
A2,annealing_125_25,20260831-115727,252,389,1864.53,-851.5,32.0,3.19,matched,1.3113733259449962,1
A2,annealing_125_25,20260831-115727,254,390,1546.87,-876.33,217.0,8.31,matched,1.796218249545308,1
A2,annealing_125_25,20260831-115727,255,391,630.51,-876.34,134.0,6.53,matched,2.9789427654790948,1
A2,annealing_125_25,20260831-115727,256,392,2566.39,-884.1,50.0,3.99,matched,1.340820644232416,1
A2,annealing_125_25,20260831-115727,259,395,1748.73,-912.6,242.0,8.78,matched,1.6011246047701038,1
A2,annealing_125_25,20260831-115727,260,397,2362.4,-915.29,59.0,4.33,matched,0.9620810776645518,1
A2,annealing_125_25,20260831-115727,261,400,914.23,-928.47,42.0,3.66,matched,2.46594809353316,1
A2,annealing_125_25,20260831-115727,264,401,362.68,-934.48,48.0,3.91,matched,4.107578362003563,1
A2,annealing_125_25,20260831-115727,263,402,1031.06,-936.2,125.0,6.31,matched,2.386566571457804,1
A2,annealing_125_25,20260831-115727,265,403,1859.06,-938.31,136.0,6.58,matched,1.9487944991711361,1
A2,annealing_125_25,20260831-115727,266,404,1067.47,-951.75,433.0,11.74,matched,2.6164479738759856,1
A2,annealing_125_25,20260831-115727,267,407,1747.81,-953.81,258.0,9.06,matched,1.9416487838947247,1
A2,annealing_125_25,20260831-115727,270,409,909.62,-964.61,98.0,5.59,matched,2.0218061232472424,1
A2,annealing_125_25,20260831-115727,271,412,1135.94,-976.49,240.0,8.74,matched,2.396038397021368,1
A2,annealing_125_25,20260831-115727,272,413,2653.64,-969.97,29.0,3.04,matched,1.6620770138592562,1
A2,annealing_125_25,20260831-115727,276,419,2292.89,-1041.86,180.0,7.57,matched,1.4927156460623623,1
A2,annealing_125_25,20260831-115727,275,420,2068.45,-1034.74,183.0,7.63,matched,1.4993331851193243,1
A2,annealing_125_25,20260831-115727,277,422,1826.8,-1043.09,46.0,3.83,matched,3.5598455022654334,1
A2,annealing_125_25,20260831-115727,279,423,470.85,-1053.89,141.0,6.7,matched,2.7528167392691754,1
A2,annealing_125_25,20260831-115727,278,426,1190.1,-1049.3,45.0,3.78,matched,1.6376812876745768,1
A2,annealing_125_25,20260831-115727,281,428,2126.1,-1069.91,288.0,9.57,matched,1.8027756377317299,1
A2,annealing_125_25,20260831-115727,283,430,1741.26,-1091.35,211.0,8.2,matched,1.8685020738549156,1
A2,annealing_125_25,20260831-115727,285,431,2466.82,-1092.25,137.0,6.6,matched,1.4985659811969345,1
A2,annealing_125_25,20260831-115727,286,432,550.45,-1092.55,70.0,4.72,matched,3.149492022533108,1
A2,annealing_125_25,20260831-115727,284,433,909.79,-1096.85,266.0,9.2,matched,3.04236749916894,1
A2,annealing_125_25,20260831-115727,288,434,1435.15,-1117.55,86.0,5.23,matched,2.5004999500099965,1
A2,annealing_125_25,20260831-115727,289,435,1079.97,-1122.45,184.0,7.65,matched,2.673723994730928,1
A2,annealing_125_25,20260831-115727,290,436,1494.52,-1120.23,48.0,3.91,matched,2.464487776394839,1
A2,annealing_125_25,20260831-115727,287,439,1903.22,-1115.9,55.0,4.18,matched,1.3401492454199941,1
A2,annealing_125_25,20260831-115727,293,440,369.45,-1126.75,33.0,3.24,matched,2.7995713957675696,1
A2,annealing_125_25,20260831-115727,291,441,2140.47,-1119.3,89.0,5.32,matched,1.0358571330061614,1
A2,annealing_125_25,20260831-115727,292,443,2085.92,-1131.23,231.0,8.57,matched,1.7340126873817527,1
A2,annealing_125_25,20260831-115727,294,445,2498.17,-1135.59,186.0,7.69,matched,1.5528361149844756,1
A2,annealing_125_25,20260831-115727,295,449,2307.89,-1148.96,57.0,4.26,matched,1.61251356583409,1
A2,annealing_125_25,20260831-115727,296,453,1036.85,-1167.8,32.0,3.19,matched,2.772183255125873,1
A2,annealing_125_25,20260831-115727,297,455,2425.77,-1175.96,108.0,5.86,matched,1.7199999999998,1
A2,annealing_125_25,20260831-115727,298,457,1000.32,-1191.08,100.0,5.64,matched,2.9235765767292854,1
A2,annealing_125_25,20260831-115727,299,458,1429.39,-1193.09,244.0,8.81,matched,2.0858091954922955,1
A2,annealing_125_25,20260831-115727,302,459,1689.45,-1199.38,378.0,10.97,matched,1.8890473789717515,1
A2,annealing_125_25,20260831-115727,301,460,2490.66,-1193.07,203.0,8.04,matched,1.2448293055674597,1
A2,annealing_125_25,20260831-115727,300,461,2688.6,-1194.82,269.0,9.25,matched,1.8164801127453913,1
A2,annealing_125_25,20260831-115727,303,463,2065.75,-1197.54,242.0,8.78,matched,1.6101242188105889,1
A2,annealing_125_25,20260831-115727,305,465,1622.09,-1210.4,345.0,10.48,matched,2.249844439066831,1
A2,annealing_125_25,20260831-115727,306,468,1619.88,-1231.53,36.0,3.39,matched,1.561569723067315,1
A2,annealing_125_25,20260831-115727,307,470,2497.72,-1236.15,45.0,3.78,matched,2.814853459773396,1
A2,annealing_125_25,20260831-115727,309,471,643.57,-1240.64,107.0,5.84,matched,3.5576396669703967,1
A2,annealing_125_25,20260831-115727,311,472,957.45,-1254.76,194.0,7.86,matched,3.0968532415986463,1
A2,annealing_125_25,20260831-115727,312,474,395.09,-1268.49,161.0,7.16,matched,3.372506486279854,1
A2,annealing_125_25,20260831-115727,313,475,2454.92,-1269.04,183.0,7.63,matched,1.8159295140507683,1
A2,annealing_125_25,20260831-115727,314,476,2601.33,-1267.96,88.0,5.29,matched,1.574102919125411,1
A2,annealing_125_25,20260831-115727,315,477,1617.32,-1270.07,25.0,2.82,matched,0.9588013350010031,1
A2,annealing_125_25,20260831-115727,317,478,2400.65,-1278.32,99.0,5.61,matched,1.2126417442922195,1
A2,annealing_125_25,20260831-115727,316,479,780.21,-1276.97,88.0,5.29,matched,3.005877575684094,1
A2,annealing_125_25,20260831-115727,318,481,991.79,-1278.94,44.0,3.74,matched,2.031797233977865,1
A2,annealing_125_25,20260831-115727,320,483,2498.09,-1288.66,150.0,6.91,matched,1.5658863304850754,1
A2,annealing_125_25,20260831-115727,319,485,1337.06,-1286.49,112.0,5.97,matched,2.3584104816591536,1
A2,annealing_125_25,20260831-115727,321,487,446.93,-1312.36,207.0,8.12,matched,3.3640005945302094,1
A2,annealing_125_25,20260831-115727,322,488,1057.87,-1317.37,55.0,4.18,matched,2.926055365162939,1
A2,annealing_125_25,20260831-115727,324,489,486.69,-1323.81,76.0,4.92,matched,2.923576576729197,1
A2,annealing_125_25,20260831-115727,323,491,2180.43,-1328.49,623.0,14.08,matched,1.9691876497683412,1
A2,annealing_125_25,20260831-115727,325,492,1017.81,-1327.38,50.0,3.99,matched,3.9681229819650703,1
A2,annealing_125_25,20260831-115727,326,494,1398.86,-1346.99,131.0,6.46,matched,2.4560130292812254,1
A2,annealing_125_25,20260831-115727,328,495,633.12,-1354.7,68.0,4.65,matched,3.7694827231332786,1
A2,annealing_125_25,20260831-115727,330,498,1811.85,-1395.14,428.0,11.67,matched,2.4500816312929468,1
A2,annealing_125_25,20260831-115727,331,502,662.34,-1396.59,76.0,4.92,matched,3.3651448705813385,1
A2,annealing_125_25,20260831-115727,332,503,990.55,-1404.3,130.0,6.43,matched,2.679346935355608,1
A2,annealing_125_25,20260831-115727,333,504,917.41,-1410.01,177.0,7.51,matched,3.1882283481582196,1
A2,annealing_125_25,20260831-115727,335,505,1029.49,-1407.96,52.0,4.07,matched,2.081393763803522,1
A2,annealing_125_25,20260831-115727,334,507,1898.96,-1405.31,44.0,3.74,matched,3.1812576129574746,1
A2,annealing_125_25,20260831-115727,337,508,1342.61,-1426.04,323.0,10.14,matched,2.5123096942851317,1
A2,annealing_125_25,20260831-115727,339,513,2693.17,-1436.58,231.0,8.57,matched,2.8987066081272572,1
A2,annealing_125_25,20260831-115727,340,516,2175.91,-1451.34,284.0,9.51,matched,2.3413244115243126,1
A2,annealing_125_25,20260831-115727,341,517,2535.7,-1445.78,34.0,3.29,matched,2.177200036744417,1
A2,annealing_125_25,20260831-115727,342,519,1099.11,-1451.35,91.0,5.38,matched,3.0500491799311344,1
A2,annealing_125_25,20260831-115727,345,523,1430.71,-1480.42,305.0,9.85,matched,2.369852316073723,1
A2,annealing_125_25,20260831-115727,344,524,904.04,-1470.1,33.0,3.24,matched,1.2712198865656197,1
A2,annealing_125_25,20260831-115727,346,526,1696.51,-1491.42,72.0,4.79,matched,0.9761659694950114,1
A2,annealing_125_25,20260831-115727,347,528,546.57,-1523.57,247.0,8.87,matched,3.4800143677864503,1
A2,annealing_125_25,20260831-115727,349,530,1624.4,-1527.0,178.0,7.53,matched,2.795084971874932,1
A2,annealing_125_25,20260831-115727,348,531,439.68,-1523.95,110.0,5.92,matched,3.214000622277508,1
A2,annealing_125_25,20260831-115727,350,533,2368.33,-1530.51,158.0,7.09,matched,2.172210855326752,1
A2,annealing_125_25,20260831-115727,351,534,959.69,-1546.5,202.0,8.02,matched,3.0168195173062884,1
A2,annealing_125_25,20260831-115727,353,535,2624.91,-1551.77,55.0,4.18,matched,3.143580760852062,1
A2,annealing_125_25,20260831-115727,352,537,1555.7,-1550.17,48.0,3.91,matched,2.4905019574375045,1
A2,annealing_125_25,20260831-115727,356,538,1138.01,-1570.37,201.0,8.0,matched,2.9587328368745602,1
A2,annealing_125_25,20260831-115727,355,541,1455.5,-1566.43,87.0,5.26,matched,2.1300938946441925,1
A2,annealing_125_25,20260831-115727,360,542,1109.0,-1595.94,203.0,8.04,matched,3.135602015562666,1
A2,annealing_125_25,20260831-115727,357,543,1319.26,-1584.85,462.0,12.13,matched,2.7720028860014545,1
A2,annealing_125_25,20260831-115727,359,544,406.54,-1590.63,149.0,6.89,matched,3.6392993831230926,1
A2,annealing_125_25,20260831-115727,358,547,2093.37,-1594.51,354.0,10.62,matched,2.326478024826085,1
A2,annealing_125_25,20260831-115727,362,549,2381.58,-1602.47,76.0,4.92,matched,6.575811736964636,1
A2,annealing_125_25,20260831-115727,363,550,2488.67,-1611.61,97.0,5.56,matched,2.3015212360523294,1
A2,annealing_125_25,20260831-115727,30,554,647.51,569.38,217.0,8.31,matched,3.661652632350558,1
A2,annealing_125_25,20260831-115727,364,557,1057.11,579.95,73.0,4.82,matched,3.5643933565194206,2
A2,annealing_125_25,20260831-115727,365,559,1058.03,567.19,146.0,6.82,matched,2.9508303916016256,1
A2,annealing_125_25,20260831-115727,40,560,2143.78,490.66,347.0,10.51,matched,1.3541787178950073,1
A2,annealing_125_25,20260831-115727,52,562,1190.35,387.66,299.0,9.76,matched,2.661822683801412,1
A2,annealing_125_25,20260831-115727,53,565,838.67,381.75,318.0,10.06,matched,3.443312358761572,1
A2,annealing_125_25,20260831-115727,74,566,1676.95,253.87,361.0,10.72,matched,2.067849124090061,1
A2,annealing_125_25,20260831-115727,86,568,2388.35,185.89,171.0,7.38,matched,0.5590169943751254,1
A2,annealing_125_25,20260831-115727,89,569,2366.76,175.72,269.0,9.25,matched,1.0331505214632808,1
A2,annealing_125_25,20260831-115727,92,571,1629.11,147.17,719.0,15.13,matched,1.9126944345608459,1
A2,annealing_125_25,20260831-115727,366,572,1044.35,106.17,459.0,12.09,matched,2.9508303916016656,1
A2,annealing_125_25,20260831-115727,367,573,1019.52,97.48,417.0,11.52,matched,2.9917386249470397,1
A2,annealing_125_25,20260831-115727,368,574,1035.62,91.7,310.0,9.93,matched,2.7730488636156427,2
A2,annealing_125_25,20260831-115727,114,575,867.9,-69.6,145.0,6.79,matched,3.144598543534616,1
A2,annealing_125_25,20260831-115727,119,576,870.11,-87.43,28.0,2.99,matched,2.5809494377069955,1
A2,annealing_125_25,20260831-115727,131,577,1577.95,-131.57,24.0,2.76,matched,2.2211033294288645,1
A2,annealing_125_25,20260831-115727,134,578,1573.75,-145.78,57.0,4.26,matched,2.8878365604722425,1
A2,annealing_125_25,20260831-115727,369,579,1517.57,-241.93,141.0,6.7,matched,2.063201395889386,1
A2,annealing_125_25,20260831-115727,370,580,1510.62,-259.24,825.0,16.21,matched,1.5867577004696976,1
A2,annealing_125_25,20260831-115727,176,581,582.54,-404.07,85.0,5.2,matched,2.8888232898534647,2
A2,annealing_125_25,20260831-115727,180,582,596.54,-417.12,169.0,7.33,matched,3.446461953946403,1
A2,annealing_125_25,20260831-115727,199,584,2663.86,-582.59,398.0,11.26,matched,0.9651942809611308,1
A2,annealing_125_25,20260831-115727,205,585,1510.0,-596.14,263.0,9.15,matched,1.702380685980662,1
A2,annealing_125_25,20260831-115727,209,586,1493.28,-617.17,73.0,4.82,matched,2.546860812843868,1
A2,annealing_125_25,20260831-115727,212,588,1351.72,-623.25,72.0,4.79,matched,3.79001319258914,1
A2,annealing_125_25,20260831-115727,224,589,781.97,-699.77,342.0,10.43,matched,2.5875084540924567,2
A2,annealing_125_25,20260831-115727,231,590,781.44,-719.68,57.0,4.26,matched,3.710795063055828,1
A2,annealing_125_25,20260831-115727,245,592,1795.63,-810.09,76.0,4.92,matched,1.6843990026119582,1
A2,annealing_125_25,20260831-115727,258,593,960.08,-895.78,90.0,5.35,matched,2.616295090390258,1
A2,annealing_125_25,20260831-115727,257,594,944.62,-894.4,67.0,4.62,matched,2.6321284163201852,1
A2,annealing_125_25,20260831-115727,371,595,1227.94,-925.86,225.0,8.46,matched,2.1711057090800074,1
A2,annealing_125_25,20260831-115727,372,596,1226.85,-937.31,102.0,5.7,matched,1.905387099777735,1
A2,annealing_125_25,20260831-115727,262,597,633.99,-935.04,187.0,7.72,matched,2.9410542327539515,1
A2,annealing_125_25,20260831-115727,373,598,627.43,-962.87,890.0,16.83,matched,2.96438863848847,1
A2,annealing_125_25,20260831-115727,374,599,604.94,-974.19,426.0,11.64,matched,2.970605998782077,1
A2,annealing_125_25,20260831-115727,274,600,632.06,-1010.95,226.0,8.48,matched,3.3005605584506026,1
A2,annealing_125_25,20260831-115727,268,601,2404.08,-960.06,354.0,10.62,matched,1.2127654348635033,1
A2,annealing_125_25,20260831-115727,269,602,2447.6,-966.31,249.0,8.9,matched,1.3619471355378583,1
A2,annealing_125_25,20260831-115727,273,606,944.08,-995.92,435.0,11.77,matched,2.6227466518899067,1
A2,annealing_125_25,20260831-115727,304,609,2526.8,-1210.4,435.0,11.77,matched,1.6304907236781085,1
A2,annealing_125_25,20260831-115727,327,611,517.8,-1355.73,129.0,6.41,matched,2.9978659076082024,1
A2,annealing_125_25,20260831-115727,329,613,513.91,-1390.65,397.0,11.24,matched,3.1023378281547633,1
A2,annealing_125_25,20260831-115727,338,614,1975.76,-1439.21,301.0,9.79,matched,2.1605786262018674,1
A2,annealing_125_25,20260831-115727,343,615,1987.43,-1452.93,115.0,6.05,matched,2.0519746587128798,1
A2,annealing_125_25,20260831-115727,361,616,2307.87,-1603.43,428.0,11.67,matched,2.6488488065572025,1
A2,annealing_125_25,20260831-115727,310,708,2086.9,-1242.26,117.0,6.1,matched,9.14431517392097,1
A2,annealing_125_25,20260831-115727,156,759,1505.84,-280.86,30.0,3.09,matched,7.668930825089004,1
A2,annealing_125_25,20260831-115727,79,781,993.3,227.72,35.0,3.34,matched,2.6700187265260253,1
A2,annealing_125_25,20260831-115727,308,802,384.33,-1238.49,55.0,4.18,matched,4.336000461254571,1
A2,annealing_125_25,20260831-115727,280,813,484.56,-1055.11,69.0,4.69,matched,3.2163644072151625,1
A2,annealing_125_25,20260831-115727,73,822,2560.2,262.6,407.0,11.38,matched,0.8570880934886274,1
A2,annealing_125_25,20260831-115727,186,829,1621.01,-454.41,185.0,7.67,matched,2.873673607075108,1
A2,annealing_125_25,20260831-115727,110,843,710.32,-24.4,253.0,8.97,matched,4.026574226311991,1
A2,annealing_125_25,20260831-115727,5,851,1030.31,732.03,45.0,3.78,matched,7.366478127300809,1
A2,annealing_125_25,20260831-115727,77,856,1475.78,229.55,85.0,5.2,new,,0
A2,annealing_125_25,20260831-115727,126,857,1672.06,-135.84,584.0,13.63,new,,0
A2,annealing_125_25,20260831-115727,136,858,898.43,-172.6,67.0,4.62,new,,0
A2,annealing_125_25,20260831-115727,154,859,1610.68,-265.91,45.0,3.78,new,,0
A2,annealing_125_25,20260831-115727,171,860,991.5,-378.96,30.0,3.09,new,,0
A2,annealing_125_25,20260831-115727,201,861,2606.11,-580.39,87.0,5.26,new,,0
A2,annealing_125_25,20260831-115727,249,862,2650.39,-835.61,41.0,3.61,new,,0
A2,annealing_125_25,20260831-115727,282,863,2440.65,-1081.38,30.0,3.09,new,,0
A2,annealing_125_25,20260831-115727,336,864,349.85,-1412.19,84.0,5.17,new,,0
A2,annealing_125_25,20260831-115727,354,865,782.46,-1559.91,232.0,8.59,new,,0
