spot,x,y,luminosity,error,T,v,phase,detected
0,1.97,739.88,0.0,0.0,23,5,annealing_T=100_h=5,False
0,3.69,747.81,92.6201,5.35758,23,5,annealing_T=75_h=25,True
0,3.7,741.85,97.1034,6.50909,23,5,annealing_T=75_h=5,True
0,1.97,739.88,41.9552,3.61103,23,5,before_annealing,True
1,54.16,534.21,297.016,13.6643,23,5,annealing_T=100_h=5,True
1,59.51,544.57,493.171,18.1829,23,5,annealing_T=75_h=25,True
1,60.62,539.16,544.899,21.568,23,5,annealing_T=75_h=5,True
1,57.02,537.01,661.809,22.5172,23,5,before_annealing,True
2,55.17,1067.53,91.6585,7.27813,23,5,annealing_T=100_h=5,True
2,64.3,1077.21,101.235,5.50351,23,5,annealing_T=75_h=25,True
2,62.51,1072.56,383.217,15.8308,23,5,annealing_T=75_h=5,True
2,57.72,1070.54,421.421,17.3263,23,5,before_annealing,True
3,54.99,576.72,2324.51,92.3801,23,5,annealing_T=100_h=5,True
3,60.59,587.22,2342.44,58.2106,23,5,annealing_T=75_h=25,True
3,61.47,581.68,4154.93,51.7727,23,5,annealing_T=75_h=5,True
3,57.79,579.53,2182.42,39.3686,23,5,before_annealing,True
4,60.02,554.87,676.508,24.2114,23,5,annealing_T=100_h=5,True
4,65.53,565.31,1100.43,32.0672,23,5,annealing_T=75_h=25,True
4,66.57,559.79,1370.42,34.2957,23,5,annealing_T=75_h=5,True
4,62.94,557.55,1164.37,31.8881,23,5,before_annealing,True
5,63.42,1052.03,58.3219,4.90507,23,5,annealing_T=100_h=5,True
5,72.49,1062.33,49.3511,4.96979,23,5,annealing_T=75_h=25,True
5,70.2,1057.09,54.3649,5.39271,23,5,annealing_T=75_h=5,True
5,65.15,1055.14,54.7172,5.80406,23,5,before_annealing,True
6,66.1,812.93,643.191,19.9578,23,5,annealing_T=100_h=5,True
6,73.63,823.34,811.73,21.0015,23,5,annealing_T=75_h=25,True
6,73.1,817.94,860.556,25.7223,23,5,annealing_T=75_h=5,True
6,68.75,815.65,742.305,24.7587,23,5,before_annealing,True
7,75.46,99.97,118.394,7.98248,23,5,annealing_T=100_h=5,True
7,77.37,110.38,66.4394,6.45846,23,5,annealing_T=75_h=25,True
7,80.94,104.89,64.5758,6.47403,23,5,annealing_T=75_h=5,True
7,78.15,102.63,78.2885,7.83932,23,5,before_annealing,True
8,90.04,357.04,14.9737,2.33518,23,5,annealing_T=100_h=5,True
8,94.19,368.57,66.3386,6.37861,23,5,annealing_T=75_h=25,True
8,96.9,363.54,281.281,15.6477,23,5,annealing_T=75_h=5,True
8,93.74,361.34,196.438,12.4745,23,5,before_annealing,True
9,135.14,260.46,92.7696,7.46926,23,5,annealing_T=100_h=5,True
9,138.0,270.44,101.094,7.19906,23,5,annealing_T=75_h=25,True
9,140.73,265.66,50.3105,5.64988,23,5,annealing_T=75_h=5,True
9,137.92,263.86,39.6589,4.97607,23,5,before_annealing,True
10,150.25,915.56,257.551,12.6286,23,5,annealing_T=100_h=5,True
10,158.48,925.09,229.663,12.5896,23,5,annealing_T=75_h=25,True
10,157.34,920.18,300.59,15.937,23,5,annealing_T=75_h=5,True
10,152.77,918.19,506.837,19.6165,23,5,before_annealing,True
11,173.48,947.18,558.776,18.9514,23,5,annealing_T=100_h=5,True
11,181.91,956.73,565.544,17.027,23,5,annealing_T=75_h=25,True
11,180.6,951.9,569.063,20.1319,23,5,annealing_T=75_h=5,True
11,175.95,950.02,585.873,19.3121,23,5,before_annealing,True
12,177.77,174.98,3777.83,47.6777,23,5,annealing_T=100_h=5,True
12,180.15,184.51,3798.64,46.7954,23,5,annealing_T=75_h=25,True
12,183.4,179.67,5561.21,62.7686,23,5,annealing_T=75_h=5,True
12,180.67,177.87,5597.66,64.1493,23,5,before_annealing,True
13,190.73,522.99,236.531,12.1919,23,5,annealing_T=100_h=5,True
13,195.82,532.55,235.425,12.7478,23,5,annealing_T=75_h=25,True
13,197.07,527.49,296.935,15.9265,23,5,annealing_T=75_h=5,True
13,193.41,525.85,331.509,16.3386,23,5,before_annealing,True
14,194.49,59.7,159.821,9.47053,23,5,annealing_T=100_h=5,True
14,195.75,69.0,148.587,10.1156,23,5,annealing_T=75_h=25,True
14,199.7,64.11,179.466,11.8553,23,5,annealing_T=75_h=5,True
14,197.3,62.27,149.825,9.24848,23,5,before_annealing,True
15,230.58,90.66,0.0,0.0,23,5,annealing_T=100_h=5,False
15,229.23,96.92,27.148,3.63042,23,5,annealing_T=75_h=25,True
15,233.04,92.72,15.8405,2.45545,23,5,annealing_T=75_h=5,True
15,230.58,90.66,65.6508,5.47233,23,5,before_annealing,True
16,232.82,762.93,0.0,0.0,23,5,annealing_T=100_h=5,False
16,237.12,768.94,33.8452,3.72945,23,5,annealing_T=75_h=25,True
16,232.82,762.93,0.0,0.0,23,5,annealing_T=75_h=5,False
16,232.82,762.93,27.6026,3.52759,23,5,before_annealing,True
17,232.73,246.54,398.653,13.7182,23,5,annealing_T=100_h=5,True
17,235.65,255.55,397.383,16.8601,23,5,annealing_T=75_h=25,True
17,238.46,251.28,952.506,29.6405,23,5,annealing_T=75_h=5,True
17,235.55,249.56,1091.01,32.2099,23,5,before_annealing,True
18,249.79,353.85,343.233,14.7452,23,5,annealing_T=100_h=5,True
18,253.64,362.81,496.373,17.6597,23,5,annealing_T=75_h=25,True
18,255.61,358.47,440.618,18.0833,23,5,annealing_T=75_h=5,True
18,252.57,356.72,216.608,12.1791,23,5,before_annealing,True
19,275.77,25.91,0.0,0.0,23,5,annealing_T=100_h=5,False
19,273.12,31.75,15.9031,3.1175,23,5,annealing_T=75_h=25,True
19,275.77,25.91,0.0,0.0,23,5,annealing_T=75_h=5,False
19,275.77,25.91,96.9603,8.22283,23,5,before_annealing,True
20,332.2,290.03,28.858,3.92964,23,5,annealing_T=100_h=5,True
20,335.37,298.12,24.8703,3.74641,23,5,annealing_T=75_h=25,True
20,337.6,294.56,35.4095,4.78808,23,5,annealing_T=75_h=5,True
20,334.59,292.97,33.5842,4.35654,23,5,before_annealing,True
21,347.49,46.61,0.0,0.0,23,5,annealing_T=100_h=5,False
21,346.76,51.29,21.047,2.66287,23,5,annealing_T=75_h=25,True
21,350.06,48.04,14.6934,2.55197,23,5,annealing_T=75_h=5,True
21,347.49,46.61,18.4105,2.52719,23,5,before_annealing,True
22,355.5,848.98,50.9949,5.08598,23,5,annealing_T=100_h=5,True
22,363.23,857.22,68.6998,6.08582,23,5,annealing_T=75_h=25,True
22,362.6,853.46,223.232,14.0617,23,5,annealing_T=75_h=5,True
22,358.01,852.0,253.929,13.2541,23,5,before_annealing,True
23,409.22,760.52,45.2894,5.55552,23,5,annealing_T=100_h=5,True
23,415.97,767.65,16.0978,2.39325,23,5,annealing_T=75_h=25,True
23,411.54,764.02,0.0,0.0,23,5,annealing_T=75_h=5,False
23,411.54,764.02,19.1071,2.8886,23,5,before_annealing,True
24,417.42,554.83,0.0,0.0,23,5,annealing_T=100_h=5,False
24,419.43,559.16,22.4157,3.51463,23,5,annealing_T=75_h=25,True
24,420.4,555.59,19.1597,3.71792,23,5,annealing_T=75_h=5,True
24,417.42,554.83,22.8834,3.91363,23,5,before_annealing,True
25,415.04,950.39,223.452,10.6012,23,5,annealing_T=100_h=5,True
25,423.49,957.76,218.928,12.3417,23,5,annealing_T=75_h=25,True
25,422.11,954.34,226.811,12.6853,23,5,annealing_T=75_h=5,True
25,417.51,953.11,224.89,11.6448,23,5,before_annealing,True
26,420.02,74.47,120.102,9.05819,23,5,annealing_T=100_h=5,True
26,421.66,82.37,92.842,7.78089,23,5,annealing_T=75_h=25,True
26,425.73,78.97,136.967,10.5868,23,5,annealing_T=75_h=5,True
26,423.36,77.62,124.095,10.2175,23,5,before_annealing,True
27,426.33,488.62,568.67,18.7697,23,5,annealing_T=100_h=5,True
27,431.34,496.13,611.191,19.6196,23,5,annealing_T=75_h=25,True
27,432.65,492.83,1017.78,26.6488,23,5,annealing_T=75_h=5,True
27,429.19,491.54,1486.4,30.6714,23,5,before_annealing,True
28,453.92,769.12,37.9891,4.65746,23,5,annealing_T=100_h=5,True
28,460.86,776.24,81.11,6.58548,23,5,annealing_T=75_h=25,True
28,460.84,773.3,76.1998,6.83008,23,5,annealing_T=75_h=5,True
28,456.59,772.08,63.7946,6.73249,23,5,before_annealing,True
29,485.06,99.67,1403.03,30.6258,23,5,annealing_T=100_h=5,True
29,486.91,106.75,580.021,19.5764,23,5,annealing_T=75_h=25,True
29,490.63,103.76,1745.18,35.6685,23,5,annealing_T=75_h=5,True
29,488.11,102.66,1745.95,34.9067,23,5,before_annealing,True
30,502.46,14.42,0.0,0.0,23,5,annealing_T=100_h=5,False
30,502.46,14.42,0.0,0.0,23,5,annealing_T=75_h=25,False
30,504.7,15.25,27.4835,4.26148,23,5,annealing_T=75_h=5,True
30,502.46,14.42,22.1651,3.51465,23,5,before_annealing,True
31,502.35,999.91,90.5647,8.089,23,5,annealing_T=100_h=5,True
31,511.56,1006.62,74.9972,9.07704,23,5,annealing_T=75_h=25,True
31,510.01,1004.14,75.5472,10.0261,23,5,annealing_T=75_h=5,True
31,505.02,1002.98,74.325,6.96452,23,5,before_annealing,True
32,504.84,140.54,55.4103,5.68024,23,5,annealing_T=100_h=5,True
32,506.78,147.6,88.6255,6.78052,23,5,annealing_T=75_h=25,True
32,510.32,144.63,194.445,13.5729,23,5,annealing_T=75_h=5,True
32,507.7,143.62,198.838,11.8147,23,5,before_annealing,True
33,512.33,853.06,0.0,0.0,23,5,annealing_T=100_h=5,False
33,512.33,853.06,0.0,0.0,23,5,annealing_T=75_h=25,False
33,512.33,853.06,0.0,0.0,23,5,annealing_T=75_h=5,False
33,512.33,853.06,21.1771,2.89963,23,5,before_annealing,True
34,513.33,883.89,384.632,17.9796,23,5,annealing_T=100_h=5,True
34,521.49,890.67,1332.65,49.7177,23,5,annealing_T=75_h=25,True
34,520.58,887.76,1035.16,45.3718,23,5,annealing_T=75_h=5,True
34,515.97,886.93,1660.38,34.8004,23,5,before_annealing,True
35,596.05,531.88,0.0,0.0,23,5,annealing_T=100_h=5,False
35,588.51,503.06,15.9874,2.35186,23,5,annealing_T=75_h=25,True
35,600.08,532.39,30.3872,4.2413,23,5,annealing_T=75_h=5,True
35,596.05,531.88,24.4506,3.25708,23,5,before_annealing,True
36,608.71,340.32,0.0,0.0,23,5,annealing_T=100_h=5,False
36,609.61,343.08,29.9401,3.4126,23,5,annealing_T=75_h=25,True
36,612.2,340.47,25.1447,4.31077,23,5,annealing_T=75_h=5,True
36,608.71,340.32,20.4023,3.69196,23,5,before_annealing,True
37,609.01,1033.63,24.3752,3.25836,23,5,annealing_T=100_h=5,True
37,618.36,1039.53,22.9785,3.69187,23,5,annealing_T=75_h=25,True
37,616.12,1037.77,21.3427,3.50878,23,5,annealing_T=75_h=5,True
37,611.55,1037.07,22.1767,3.44924,23,5,before_annealing,True
38,630.08,58.85,0.0,0.0,23,5,annealing_T=100_h=5,False
38,628.74,61.78,344.732,14.3484,23,5,annealing_T=75_h=25,True
38,632.6,59.57,400.336,16.3045,23,5,annealing_T=75_h=5,True
38,630.08,58.85,411.085,17.2789,23,5,before_annealing,True
39,634.9,917.34,104.5,7.05936,23,5,annealing_T=100_h=5,True
39,643.22,922.91,91.2291,6.51902,23,5,annealing_T=75_h=25,True
39,641.92,920.85,53.7039,5.48628,23,5,annealing_T=75_h=5,True
39,637.58,920.29,55.3481,5.05345,23,5,before_annealing,True
40,646.11,440.89,34.7491,4.49433,23,5,annealing_T=100_h=5,True
40,650.71,446.45,78.2284,6.35427,23,5,annealing_T=75_h=25,True
40,652.34,444.47,141.802,10.3666,23,5,annealing_T=75_h=5,True
40,648.86,443.9,167.322,10.4497,23,5,before_annealing,True
41,646.9,574.68,816.832,22.7142,23,5,annealing_T=100_h=5,True
41,652.47,580.39,1549.1,30.8895,23,5,annealing_T=75_h=25,True
41,653.52,578.29,1859.42,40.186,23,5,annealing_T=75_h=5,True
41,649.75,577.67,1591.1,33.2061,23,5,before_annealing,True
42,658.43,689.14,53.6528,6.14944,23,5,annealing_T=100_h=5,True
42,665.1,694.6,54.7855,5.26033,23,5,annealing_T=75_h=25,True
42,665.2,692.73,56.0248,5.4028,23,5,annealing_T=75_h=5,True
42,661.31,691.99,108.118,8.35888,23,5,before_annealing,True
43,667.95,905.77,16.8299,1.99896,23,5,annealing_T=100_h=5,True
43,676.01,910.98,29.6673,3.20187,23,5,annealing_T=75_h=25,True
43,674.89,909.27,60.5205,5.82947,23,5,annealing_T=75_h=5,True
43,670.53,908.75,80.9315,5.85425,23,5,before_annealing,True
44,748.19,37.18,4696.6,71.6622,23,5,annealing_T=100_h=5,True
44,749.53,42.17,5964.68,89.9114,23,5,annealing_T=75_h=25,True
44,753.69,40.71,5866.54,91.44,23,5,annealing_T=75_h=5,True
44,751.22,40.19,5862.57,91.7003,23,5,before_annealing,True
45,786.17,678.61,0.0,0.0,23,5,annealing_T=100_h=5,False
45,789.44,679.77,15.7602,2.24551,23,5,annealing_T=75_h=25,True
45,790.18,678.99,33.9052,3.9166,23,5,annealing_T=75_h=5,True
45,786.17,678.61,48.4816,5.38102,23,5,before_annealing,True
46,787.35,249.8,40.352,4.30737,23,5,annealing_T=100_h=5,True
46,790.62,254.23,47.9961,4.93828,23,5,annealing_T=75_h=25,True
46,793.59,253.06,93.4612,7.95827,23,5,annealing_T=75_h=5,True
46,790.5,252.43,109.461,9.06843,23,5,before_annealing,True
47,802.03,192.7,246.287,11.3608,23,5,annealing_T=100_h=5,True
47,804.47,197.28,263.782,12.6955,23,5,annealing_T=75_h=25,True
47,807.76,196.02,285.742,15.2807,23,5,annealing_T=75_h=5,True
47,804.92,195.86,278.997,14.7672,23,5,before_annealing,True
48,805.29,587.0,170.47,10.1093,23,5,annealing_T=100_h=5,True
48,811.01,591.51,349.208,14.076,23,5,annealing_T=75_h=25,True
48,811.78,590.52,359.714,17.4599,23,5,annealing_T=75_h=5,True
48,808.09,590.13,442.786,19.2319,23,5,before_annealing,True
49,812.22,314.85,90.5647,7.30362,23,5,annealing_T=100_h=5,True
49,815.78,319.63,91.4643,7.80801,23,5,annealing_T=75_h=25,True
49,818.28,318.43,66.656,8.08976,23,5,annealing_T=75_h=5,True
49,814.91,318.0,64.6485,7.1172,23,5,before_annealing,True
50,827.95,667.63,127.94,9.09263,23,5,annealing_T=100_h=5,True
50,834.1,671.95,280.816,12.8019,23,5,annealing_T=75_h=25,True
50,834.54,671.04,306.524,13.8132,23,5,annealing_T=75_h=5,True
50,830.52,670.82,327.107,15.2321,23,5,before_annealing,True
51,829.05,825.08,37.4656,3.92651,23,5,annealing_T=100_h=5,True
51,836.2,829.4,37.0173,3.93174,23,5,annealing_T=75_h=25,True
51,835.42,828.44,38.2187,4.07394,23,5,annealing_T=75_h=5,True
51,831.37,828.24,35.0893,4.32536,23,5,before_annealing,True
52,830.02,884.5,1142.21,25.0694,23,5,annealing_T=100_h=5,True
52,838.08,888.76,1123.98,24.2362,23,5,annealing_T=75_h=25,True
52,837.15,887.82,1451.23,29.4065,23,5,annealing_T=75_h=5,True
52,832.64,887.66,1593.1,31.4799,23,5,before_annealing,True
53,848.64,884.87,27.2411,3.18262,23,5,annealing_T=100_h=5,True
53,856.63,888.68,28.2911,3.5867,23,5,annealing_T=75_h=25,True
53,855.42,888.14,32.6191,5.0987,23,5,annealing_T=75_h=5,True
53,851.09,887.71,36.1329,4.57699,23,5,before_annealing,True
54,856.58,473.64,76.4293,6.72346,23,5,annealing_T=100_h=5,True
54,861.33,477.59,74.8211,6.42005,23,5,annealing_T=75_h=25,True
54,862.59,476.75,150.796,10.7869,23,5,annealing_T=75_h=5,True
54,859.41,476.59,145.945,11.011,23,5,before_annealing,True
55,859.98,667.77,300.404,14.353,23,5,annealing_T=100_h=5,True
55,866.25,671.81,293.661,14.3544,23,5,annealing_T=75_h=25,True
55,866.6,670.95,325.981,16.2154,23,5,annealing_T=75_h=5,True
55,862.62,670.86,395.551,18.4558,23,5,before_annealing,True
56,867.99,1006.71,262.224,12.2199,23,5,annealing_T=100_h=5,True
56,876.76,1010.75,287.334,12.3605,23,5,annealing_T=75_h=25,True
56,875.22,1010.09,507.708,19.1411,23,5,annealing_T=75_h=5,True
56,870.5,1010.07,161.884,9.52089,23,5,before_annealing,True
57,869.1,652.46,800.279,23.6541,23,5,annealing_T=100_h=5,True
57,874.32,656.34,1023.41,29.5792,23,5,annealing_T=75_h=25,True
57,874.92,655.62,1332.09,37.3993,23,5,annealing_T=75_h=5,True
57,871.12,655.53,1825.51,41.2966,23,5,before_annealing,True
58,869.04,473.88,58.0782,5.66167,23,5,annealing_T=100_h=5,True
58,874.08,477.67,51.2071,4.94059,23,5,annealing_T=75_h=25,True
58,875.38,476.91,48.6865,5.83195,23,5,annealing_T=75_h=5,True
58,872.08,476.63,93.0679,7.99718,23,5,before_annealing,True
59,906.04,731.12,395.839,15.9518,23,5,annealing_T=100_h=5,True
59,912.84,734.68,510.621,18.6718,23,5,annealing_T=75_h=25,True
59,912.89,734.24,508.842,21.1081,23,5,annealing_T=75_h=5,True
59,908.72,734.25,685.551,22.1195,23,5,before_annealing,True
60,908.6,405.84,1510.81,30.9343,23,5,annealing_T=100_h=5,True
60,912.87,409.69,1600.19,30.7069,23,5,annealing_T=75_h=25,True
60,914.93,409.22,1608.15,34.2001,23,5,annealing_T=75_h=5,True
60,911.45,409.11,1894.99,38.7839,23,5,before_annealing,True
61,927.81,415.28,25.7526,3.88244,23,5,annealing_T=100_h=5,True
61,932.53,418.87,25.3877,4.51166,23,5,annealing_T=75_h=25,True
61,934.42,418.46,20.3338,3.51556,23,5,annealing_T=75_h=5,True
61,930.77,418.65,22.2166,3.31231,23,5,before_annealing,True
62,938.43,807.44,1000.15,24.1699,23,5,annealing_T=100_h=5,True
62,945.78,810.61,995.663,20.8407,23,5,annealing_T=75_h=25,True
62,945.36,810.31,1022.11,24.5913,23,5,annealing_T=75_h=5,True
62,941.19,810.35,1268.7,29.4108,23,5,before_annealing,True
63,950.5,764.36,0.0,0.0,23,5,annealing_T=100_h=5,False
63,950.5,764.36,0.0,0.0,23,5,annealing_T=75_h=25,False
63,950.5,764.36,0.0,0.0,23,5,annealing_T=75_h=5,False
63,950.5,764.36,14.1863,2.53397,23,5,before_annealing,True
64,987.29,803.23,384.393,16.0312,23,5,annealing_T=100_h=5,True
64,994.63,806.25,388.224,15.6502,23,5,annealing_T=75_h=25,True
64,994.17,806.23,488.753,20.0106,23,5,annealing_T=75_h=5,True
64,989.98,806.52,572.113,21.7142,23,5,before_annealing,True
65,999.84,7.09,597.223,15.4031,23,5,annealing_T=100_h=5,True
65,1000.89,9.8,657.131,17.9712,23,5,annealing_T=75_h=25,True
65,1005.11,9.79,619.405,20.6741,23,5,annealing_T=75_h=5,True
65,1002.86,9.99,612.747,19.0046,23,5,before_annealing,True
66,1001.81,121.68,25.0251,3.33578,23,5,annealing_T=100_h=5,True
66,1003.75,124.59,39.5989,4.48511,23,5,annealing_T=75_h=25,True
66,1007.22,124.87,28.3,3.91623,23,5,annealing_T=75_h=5,True
66,1004.76,125.28,31.2855,4.0352,23,5,before_annealing,True
67,1017.13,1069.25,61.8785,7.07261,23,5,annealing_T=100_h=5,True
67,1026.72,1072.38,96.207,7.38383,23,5,annealing_T=75_h=25,True
67,1024.65,1072.64,100.345,9.21359,23,5,annealing_T=75_h=5,True
67,1019.69,1073.05,95.05,8.05403,23,5,before_annealing,True
68,1042.2,72.15,405.506,16.4258,23,5,annealing_T=100_h=5,True
68,1043.53,74.79,1124.03,25.1347,23,5,annealing_T=75_h=25,True
68,1047.52,75.0,1188.85,29.719,23,5,annealing_T=75_h=5,True
68,1045.0,75.3,1203.29,28.0348,23,5,before_annealing,True
69,1042.38,492.66,19.6652,3.03722,23,5,annealing_T=100_h=5,True
69,1047.47,495.46,81.5183,6.37873,23,5,annealing_T=75_h=25,True
69,1048.6,495.51,81.7963,7.50041,23,5,annealing_T=75_h=5,True
69,1045.09,496.13,75.3406,6.82045,23,5,before_annealing,True
70,1043.48,33.09,2839.24,39.4947,23,5,annealing_T=100_h=5,True
70,1044.65,35.51,1370.84,28.0129,23,5,annealing_T=75_h=25,True
70,1048.79,35.79,1493.03,30.7506,23,5,annealing_T=75_h=5,True
70,1046.53,36.09,1216.28,27.8676,23,5,before_annealing,True
71,1047.55,955.6,332.338,14.1136,23,5,annealing_T=100_h=5,True
71,1056.06,958.19,269.649,14.0756,23,5,annealing_T=75_h=25,True
71,1054.87,958.53,280.151,14.9554,23,5,annealing_T=75_h=5,True
71,1050.17,958.83,319.812,15.6149,23,5,before_annealing,True
72,1049.53,802.62,64.8504,5.8642,23,5,annealing_T=100_h=5,True
72,1057.14,804.94,69.78,5.87181,23,5,annealing_T=75_h=25,True
72,1056.9,805.3,65.9189,6.94805,23,5,annealing_T=75_h=5,True
72,1052.31,805.82,70.2601,5.91576,23,5,before_annealing,True
73,1063.21,233.27,41.4148,3.98156,23,5,annealing_T=100_h=5,True
73,1066.33,235.06,18.1103,2.38193,23,5,annealing_T=75_h=25,True
73,1069.59,236.28,18.9803,3.2958,23,5,annealing_T=75_h=5,True
73,1066.76,236.46,16.8927,2.39373,23,5,before_annealing,True
74,1065.07,86.06,253.081,12.6162,23,5,annealing_T=100_h=5,True
74,1066.76,88.34,169.065,9.67158,23,5,annealing_T=75_h=25,True
74,1070.71,89.15,161.016,11.1621,23,5,annealing_T=75_h=5,True
74,1068.1,89.19,193.993,11.5963,23,5,before_annealing,True
75,1085.41,521.35,2192.25,31.6559,23,5,annealing_T=100_h=5,True
75,1090.55,523.64,1927.6,32.9532,23,5,annealing_T=75_h=25,True
75,1091.87,524.18,2416.13,41.3507,23,5,annealing_T=75_h=5,True
75,1088.35,524.58,2196.52,37.8661,23,5,before_annealing,True
76,1086.87,685.98,100.58,6.88213,23,5,annealing_T=100_h=5,True
76,1093.39,688.37,115.452,7.72969,23,5,annealing_T=75_h=25,True
76,1093.62,688.92,97.7835,8.48477,23,5,annealing_T=75_h=5,True
76,1089.45,689.3,99.1189,7.44315,23,5,before_annealing,True
77,1089.89,911.68,0.0,0.0,23,5,annealing_T=100_h=5,False
77,1095.31,910.96,79.4482,8.04119,23,5,annealing_T=75_h=25,True
77,1094.97,911.43,16.6198,2.83187,23,5,annealing_T=75_h=5,True
77,1089.89,911.68,14.8874,2.83313,23,5,before_annealing,True
78,1145.52,426.95,39.6082,4.03399,23,5,annealing_T=100_h=5,True
78,1149.65,428.88,49.7519,4.74345,23,5,annealing_T=75_h=25,True
78,1151.8,429.51,73.829,6.81282,23,5,annealing_T=75_h=5,True
78,1148.25,430.0,63.3658,5.85431,23,5,before_annealing,True
79,1165.03,237.75,3871.76,46.4928,23,5,annealing_T=100_h=5,True
79,1167.87,239.34,4058.12,46.0678,23,5,annealing_T=75_h=25,True
79,1170.9,240.35,3861.38,52.3215,23,5,annealing_T=75_h=5,True
79,1167.98,240.91,3918.32,50.4,23,5,before_annealing,True
80,1172.92,914.57,0.0,0.0,23,5,annealing_T=100_h=5,False
80,1172.92,914.57,0.0,0.0,23,5,annealing_T=75_h=25,False
80,1172.92,914.57,0.0,0.0,23,5,annealing_T=75_h=5,False
80,1172.92,914.57,23.0651,3.57147,23,5,before_annealing,True
81,1175.55,927.64,18.7179,2.74891,23,5,annealing_T=100_h=5,True
81,1184.2,929.2,23.8495,3.10791,23,5,annealing_T=75_h=25,True
81,1183.03,930.04,63.146,5.77919,23,5,annealing_T=75_h=5,True
81,1178.37,930.66,301.33,16.4539,23,5,before_annealing,True
82,1180.58,594.69,0.0,0.0,23,5,annealing_T=100_h=5,False
82,1183.38,592.96,40.588,4.54411,23,5,annealing_T=75_h=25,True
82,1184.25,593.95,39.8916,5.41494,23,5,annealing_T=75_h=5,True
82,1180.58,594.69,32.7479,3.63655,23,5,before_annealing,True
83,1220.56,783.08,87.9792,7.60623,23,5,annealing_T=100_h=5,True
83,1227.58,783.95,94.2484,8.08194,23,5,annealing_T=75_h=25,True
83,1227.23,785.47,81.2465,8.41434,23,5,annealing_T=75_h=5,True
83,1223.11,786.3,94.5244,8.79895,23,5,before_annealing,True
84,1225.56,666.59,324.395,17.3482,23,5,annealing_T=100_h=5,True
84,1231.75,666.14,319.583,16.5946,23,5,annealing_T=75_h=25,True
84,1232.59,672.11,24.188,5.04935,23,5,annealing_T=75_h=5,True
84,1228.3,668.34,188.472,13.3597,23,5,before_annealing,True
85,1235.99,151.53,32.1379,4.10981,23,5,annealing_T=100_h=5,True
85,1238.35,153.13,44.4866,5.46126,23,5,annealing_T=75_h=25,True
85,1242.02,154.23,39.5297,5.17066,23,5,annealing_T=75_h=5,True
85,1239.35,155.11,48.4119,5.35197,23,5,before_annealing,True
86,1241.27,481.66,231.454,11.7526,23,5,annealing_T=100_h=5,True
86,1246.02,482.67,127.485,8.53252,23,5,annealing_T=75_h=25,True
86,1247.6,484.16,343.566,15.6587,23,5,annealing_T=75_h=5,True
86,1244.21,485.01,273.63,13.3231,23,5,before_annealing,True
87,1253.81,233.39,0.0,0.0,23,5,annealing_T=100_h=5,False
87,1253.81,233.39,0.0,0.0,23,5,annealing_T=75_h=25,False
87,1253.81,233.39,0.0,0.0,23,5,annealing_T=75_h=5,False
87,1253.81,233.39,30.8193,3.49662,23,5,before_annealing,True
88,1255.03,596.54,0.0,0.0,23,5,annealing_T=100_h=5,False
88,1255.03,596.54,0.0,0.0,23,5,annealing_T=75_h=25,False
88,1255.03,596.54,0.0,0.0,23,5,annealing_T=75_h=5,False
88,1255.03,596.54,22.8579,3.0638,23,5,before_annealing,True
89,1260.5,1071.86,24.8868,3.70165,23,5,annealing_T=100_h=5,True
89,1270.89,1072.42,35.8675,4.72373,23,5,annealing_T=75_h=25,True
89,1268.59,1073.94,42.4481,5.19939,23,5,annealing_T=75_h=5,True
89,1263.71,1075.17,42.0772,4.5639,23,5,before_annealing,True
90,1266.39,414.1,0.0,0.0,23,5,annealing_T=100_h=5,False
90,1267.22,411.83,30.9006,4.07444,23,5,annealing_T=75_h=25,True
90,1269.12,412.98,30.8623,4.19695,23,5,annealing_T=75_h=5,True
90,1266.39,414.1,27.7184,4.1351,23,5,before_annealing,True
91,1266.58,786.11,779.103,19.7364,23,5,annealing_T=100_h=5,True
91,1273.64,786.94,2300.41,38.736,23,5,annealing_T=75_h=25,True
91,1273.42,788.55,2248.9,40.5336,23,5,annealing_T=75_h=5,True
91,1269.14,789.47,2381.3,39.971,23,5,before_annealing,True
92,1286.5,871.13,33.8186,3.6099,23,5,annealing_T=100_h=5,True
92,1294.01,871.83,39.1832,4.84233,23,5,annealing_T=75_h=25,True
92,1293.3,874.12,46.0978,5.7232,23,5,annealing_T=75_h=5,True
92,1289.03,874.96,46.2398,4.74535,23,5,before_annealing,True
93,1288.5,318.29,56.7697,9.80466,23,5,annealing_T=100_h=5,True
93,1292.24,318.81,62.1777,11.5419,23,5,annealing_T=75_h=25,True
93,1294.32,320.07,55.9337,9.33281,23,5,annealing_T=75_h=5,True
93,1291.75,321.16,55.4214,8.40222,23,5,before_annealing,True
94,1315.23,70.85,14.3118,2.67914,23,5,annealing_T=100_h=5,True
94,1316.84,71.28,28.4328,3.82293,23,5,annealing_T=75_h=25,True
94,1320.6,73.32,26.003,4.46541,23,5,annealing_T=75_h=5,True
94,1318.24,73.85,28.8739,4.66766,23,5,before_annealing,True
95,1334.63,623.15,132.569,9.14112,23,5,annealing_T=100_h=5,True
95,1340.77,623.54,130.385,10.0632,23,5,annealing_T=75_h=25,True
95,1341.54,625.5,142.531,10.7274,23,5,annealing_T=75_h=5,True
95,1337.65,626.63,228.476,12.6102,23,5,before_annealing,True
96,1367.89,626.86,54.092,4.99117,23,5,annealing_T=100_h=5,True
96,1373.5,626.98,78.4625,6.87555,23,5,annealing_T=75_h=25,True
96,1374.31,628.74,63.3227,6.69621,23,5,annealing_T=75_h=5,True
96,1370.24,629.89,56.8532,5.13041,23,5,before_annealing,True
97,1370.74,808.11,123.667,7.7715,23,5,annealing_T=100_h=5,True
97,1378.21,808.02,186.182,9.93114,23,5,annealing_T=75_h=25,True
97,1377.91,810.34,239.191,13.9822,23,5,annealing_T=75_h=5,True
97,1373.66,811.42,226.876,11.9692,23,5,before_annealing,True
98,1374.9,909.7,162.282,9.61853,23,5,annealing_T=100_h=5,True
98,1383.24,909.62,192.129,12.0578,23,5,annealing_T=75_h=25,True
98,1382.17,911.83,147.304,11.096,23,5,annealing_T=75_h=5,True
98,1377.57,913.16,157.297,12.0046,23,5,before_annealing,True
99,1382.04,114.46,49.9887,5.60729,23,5,annealing_T=100_h=5,True
99,1383.74,114.07,39.8785,5.3805,23,5,annealing_T=75_h=25,True
99,1387.61,116.84,44.6391,6.42407,23,5,annealing_T=75_h=5,True
99,1385.37,118.21,34.7039,4.6064,23,5,before_annealing,True
100,1386.46,372.32,0.0,0.0,23,5,annealing_T=100_h=5,False
100,1387.66,368.92,21.9249,3.06863,23,5,annealing_T=75_h=25,True
100,1389.41,371.12,37.1099,4.9734,23,5,annealing_T=75_h=5,True
100,1386.46,372.32,59.391,8.07011,23,5,before_annealing,True
101,1399.3,203.3,176.669,10.4489,23,5,annealing_T=100_h=5,True
101,1402.11,203.27,175.506,12.7593,23,5,annealing_T=75_h=25,True
101,1405.21,205.49,153.488,12.8781,23,5,annealing_T=75_h=5,True
101,1402.46,206.74,206.262,14.749,23,5,before_annealing,True
102,1421.0,349.3,42.4969,4.6699,23,5,annealing_T=100_h=5,True
102,1424.55,348.32,36.8041,4.11997,23,5,annealing_T=75_h=25,True
102,1427.24,351.06,41.0512,5.09883,23,5,annealing_T=75_h=5,True
102,1423.74,352.2,41.7401,5.48864,23,5,before_annealing,True
103,1442.64,1001.34,2607.47,38.8516,23,5,annealing_T=100_h=5,True
103,1451.63,1000.74,1504.3,30.5765,23,5,annealing_T=75_h=25,True
103,1450.13,1003.43,1914.83,38.6713,23,5,annealing_T=75_h=5,True
103,1445.26,1004.66,2825.06,46.4926,23,5,before_annealing,True
104,1460.27,16.36,37.822,4.6121,23,5,annealing_T=100_h=5,True
104,1461.0,15.45,53.6785,5.68544,23,5,annealing_T=75_h=25,True
104,1465.56,18.12,48.8179,5.94114,23,5,annealing_T=75_h=5,True
104,1462.96,18.98,48.5507,5.61763,23,5,before_annealing,True
105,1480.97,1041.03,511.828,16.4287,23,5,annealing_T=100_h=5,True
105,1490.36,1040.04,838.398,22.6882,23,5,annealing_T=75_h=25,True
105,1488.66,1042.93,773.365,22.917,23,5,annealing_T=75_h=5,True
105,1483.9,1044.32,784.099,21.6649,23,5,before_annealing,True
106,1493.79,504.35,663.575,23.2825,23,5,annealing_T=100_h=5,True
106,1498.8,503.52,643.355,24.2618,23,5,annealing_T=75_h=25,True
106,1500.34,506.58,626.119,28.2864,23,5,annealing_T=75_h=5,True
106,1496.69,507.78,785.506,29.5947,23,5,before_annealing,True
107,1497.75,1038.79,45.4602,5.65741,23,5,annealing_T=100_h=5,True
107,1507.25,1037.71,54.4347,5.8576,23,5,annealing_T=75_h=25,True
107,1505.34,1040.62,215.387,13.9308,23,5,annealing_T=75_h=5,True
107,1500.39,1042.02,181.211,12.923,23,5,before_annealing,True
108,1499.9,196.3,26.877,3.30071,23,5,annealing_T=100_h=5,True
108,1502.19,195.83,85.3635,6.79852,23,5,annealing_T=75_h=25,True
108,1505.41,198.96,81.4534,7.42878,23,5,annealing_T=75_h=5,True
108,1502.9,200.38,98.8689,8.07603,23,5,before_annealing,True
109,1501.4,860.09,43.8784,4.81269,23,5,annealing_T=100_h=5,True
109,1509.32,859.21,51.0285,5.07491,23,5,annealing_T=75_h=25,True
109,1508.46,861.98,184.458,10.9224,23,5,annealing_T=75_h=5,True
109,1504.04,863.39,181.055,11.0887,23,5,before_annealing,True
110,1530.39,760.37,21.5594,2.52348,23,5,annealing_T=100_h=5,True
110,1537.46,759.42,66.106,10.5676,23,5,annealing_T=75_h=25,True
110,1537.12,763.08,43.9667,5.28645,23,5,annealing_T=75_h=5,True
110,1533.28,764.13,93.0544,7.62179,23,5,before_annealing,True
111,1531.39,133.9,58.2124,4.67563,23,5,annealing_T=100_h=5,True
111,1533.75,132.84,54.6785,4.60145,23,5,annealing_T=75_h=25,True
111,1537.16,136.0,58.7124,5.69115,23,5,annealing_T=75_h=5,True
111,1534.6,137.21,101.854,7.23622,23,5,before_annealing,True
112,1532.74,401.61,34.714,4.15457,23,5,annealing_T=100_h=5,True
112,1536.97,400.54,33.154,4.53548,23,5,annealing_T=75_h=25,True
112,1538.96,403.3,42.9822,5.65506,23,5,annealing_T=75_h=5,True
112,1535.75,405.11,40.0805,5.47549,23,5,before_annealing,True
113,1543.3,706.03,530.756,17.594,23,5,annealing_T=100_h=5,True
113,1549.99,704.53,210.589,10.7405,23,5,annealing_T=75_h=25,True
113,1550.16,707.84,368.112,15.3258,23,5,annealing_T=75_h=5,True
113,1546.18,709.33,358.451,15.8732,23,5,before_annealing,True
114,1553.1,204.77,175.089,11.1002,23,5,annealing_T=100_h=5,True
114,1555.94,203.23,833.91,23.2919,23,5,annealing_T=75_h=25,True
114,1559.13,206.58,358.113,20.517,23,5,annealing_T=75_h=5,True
114,1556.4,208.13,312.335,18.2628,23,5,before_annealing,True
115,1570.05,165.08,66.116,5.21857,23,5,annealing_T=100_h=5,True
115,1572.53,163.66,133.895,9.19247,23,5,annealing_T=75_h=25,True
115,1576.14,166.78,154.373,11.6694,23,5,annealing_T=75_h=5,True
115,1573.22,168.55,131.417,9.02815,23,5,before_annealing,True
116,1579.59,922.46,416.702,14.5484,23,5,annealing_T=100_h=5,True
116,1587.85,920.67,382.624,14.3148,23,5,annealing_T=75_h=25,True
116,1586.84,924.17,648.596,19.8242,23,5,annealing_T=75_h=5,True
116,1582.15,925.76,1151.93,26.1338,23,5,before_annealing,True
117,1582.11,647.37,32.309,3.83264,23,5,annealing_T=100_h=5,True
117,1588.39,645.91,37.5251,3.67867,23,5,annealing_T=75_h=25,True
117,1588.59,649.28,35.3299,4.39155,23,5,annealing_T=75_h=5,True
117,1584.59,651.13,34.5505,4.86714,23,5,before_annealing,True
118,1583.26,806.53,15.51,1.89643,23,5,annealing_T=100_h=5,True
118,1585.85,809.89,0.0,0.0,23,5,annealing_T=75_h=25,False
118,1590.08,807.96,20.8343,3.30197,23,5,annealing_T=75_h=5,True
118,1585.85,809.89,17.4573,2.4498,23,5,before_annealing,True
119,1592.46,41.17,34.279,3.8729,23,5,annealing_T=100_h=5,True
119,1593.86,38.65,19.6422,2.53893,23,5,annealing_T=75_h=25,True
119,1598.15,42.47,46.8023,5.07339,23,5,annealing_T=75_h=5,True
119,1595.79,44.08,27.7354,3.90396,23,5,before_annealing,True
120,1593.53,199.62,37.2259,4.13473,23,5,annealing_T=100_h=5,True
120,1596.45,197.85,65.7032,6.07424,23,5,annealing_T=75_h=25,True
120,1599.67,201.18,74.3722,7.86783,23,5,annealing_T=75_h=5,True
120,1596.71,203.16,74.4448,8.01256,23,5,before_annealing,True
121,1615.62,700.84,16.6523,1.83012,23,5,annealing_T=100_h=5,True
121,1621.85,698.73,15.7264,1.97161,23,5,annealing_T=75_h=25,True
121,1622.21,702.87,16.4128,2.65999,23,5,annealing_T=75_h=5,True
121,1617.95,704.22,15.756,2.54183,23,5,before_annealing,True
122,1616.95,983.9,662.132,20.2487,23,5,annealing_T=100_h=5,True
122,1625.62,981.93,795.669,21.6869,23,5,annealing_T=75_h=25,True
122,1624.23,985.56,1017.47,24.9678,23,5,annealing_T=75_h=5,True
122,1619.61,987.29,1315.34,28.2436,23,5,before_annealing,True
123,1616.95,908.1,1296.29,29.6909,23,5,annealing_T=100_h=5,True
123,1625.12,906.07,1665.84,32.8895,23,5,annealing_T=75_h=25,True
123,1624.21,909.83,1745.06,37.4114,23,5,annealing_T=75_h=5,True
123,1619.66,911.57,1535.66,35.082,23,5,before_annealing,True
124,1642.75,876.28,529.224,18.422,23,5,annealing_T=100_h=5,True
124,1650.66,874.12,613.869,20.6729,23,5,annealing_T=75_h=25,True
124,1650.04,877.92,937.415,28.0223,23,5,annealing_T=75_h=5,True
124,1645.59,879.7,1135.77,26.344,23,5,before_annealing,True
125,1648.23,274.44,50.8673,6.61883,23,5,annealing_T=100_h=5,True
125,1651.64,271.73,46.5008,5.42307,23,5,annealing_T=75_h=25,True
125,1654.2,275.78,61.6728,7.45969,23,5,annealing_T=75_h=5,True
125,1651.07,277.63,45.1796,5.23273,23,5,before_annealing,True
126,1674.5,250.2,22.1777,3.28267,23,5,annealing_T=100_h=5,True
126,1677.55,247.9,17.5337,2.30805,23,5,annealing_T=75_h=25,True
126,1680.99,252.24,16.3438,2.72937,23,5,annealing_T=75_h=5,True
126,1677.15,253.95,18.6174,2.37974,23,5,before_annealing,True
127,1680.72,869.2,147.675,8.00944,23,5,annealing_T=100_h=5,True
127,1688.54,866.63,135.677,9.51413,23,5,annealing_T=75_h=25,True
127,1687.72,870.61,141.362,10.5644,23,5,annealing_T=75_h=5,True
127,1683.45,872.43,139.435,10.0135,23,5,before_annealing,True
128,1720.47,801.57,36.9035,4.07581,23,5,annealing_T=100_h=5,True
128,1727.79,798.76,99.4656,7.11745,23,5,annealing_T=75_h=25,True
128,1727.3,803.15,74.269,7.65295,23,5,annealing_T=75_h=5,True
128,1723.2,805.24,88.6387,7.55628,23,5,before_annealing,True
129,1730.68,718.13,3670.92,45.5357,23,5,annealing_T=100_h=5,True
129,1737.45,715.06,6180.78,81.1541,23,5,annealing_T=75_h=25,True
129,1737.64,719.51,4515.89,62.217,23,5,annealing_T=75_h=5,True
129,1733.58,721.49,6336.11,72.7027,23,5,before_annealing,True
130,1738.49,242.16,77.484,7.67936,23,5,annealing_T=100_h=5,True
130,1741.6,238.99,76.8018,6.62033,23,5,annealing_T=75_h=25,True
130,1744.7,243.59,224.886,13.6394,23,5,annealing_T=75_h=5,True
130,1741.69,245.72,191.873,12.453,23,5,before_annealing,True
131,1764.81,204.42,312.848,15.7544,23,5,annealing_T=100_h=5,True
131,1767.26,201.19,1202.54,28.652,23,5,annealing_T=75_h=25,True
131,1770.51,205.71,2848.01,48.4404,23,5,annealing_T=75_h=5,True
131,1767.67,207.78,1772.42,35.7599,23,5,before_annealing,True
132,1766.56,824.67,15.9102,1.97723,23,5,annealing_T=100_h=5,True
132,1773.92,821.65,25.9285,3.01685,23,5,annealing_T=75_h=25,True
132,1773.44,825.71,87.2089,7.46593,23,5,annealing_T=75_h=5,True
132,1769.2,828.06,69.5741,6.54182,23,5,before_annealing,True
133,1769.13,473.6,493.005,18.7796,23,5,annealing_T=100_h=5,True
133,1774.0,470.31,463.248,19.1801,23,5,annealing_T=75_h=25,True
133,1775.68,474.89,483.959,19.9297,23,5,annealing_T=75_h=5,True
133,1772.03,477.1,441.001,18.3672,23,5,before_annealing,True
134,1778.17,1057.24,152.675,9.84681,23,5,annealing_T=100_h=5,True
134,1787.57,1053.83,214.2,12.2848,23,5,annealing_T=75_h=25,True
134,1785.83,1058.64,186.954,11.7948,23,5,annealing_T=75_h=5,True
134,1780.76,1060.77,242.512,14.1887,23,5,before_annealing,True
135,1779.81,550.8,154.656,9.32552,23,5,annealing_T=100_h=5,True
135,1785.05,547.53,218.311,12.6771,23,5,annealing_T=75_h=25,True
135,1786.16,552.26,279.143,15.1002,23,5,annealing_T=75_h=5,True
135,1782.56,554.48,234.691,12.9336,23,5,before_annealing,True
136,1816.95,351.96,396.841,17.7552,23,5,annealing_T=100_h=5,True
136,1820.79,348.25,369.72,15.6318,23,5,annealing_T=75_h=25,True
136,1823.13,353.22,421.745,18.0181,23,5,annealing_T=75_h=5,True
136,1820.02,355.46,393.747,18.4559,23,5,before_annealing,True
137,1821.15,987.89,24.2827,4.10914,23,5,annealing_T=100_h=5,True
137,1829.5,984.99,25.8359,3.69389,23,5,annealing_T=75_h=25,True
137,1828.34,989.9,78.3287,7.22787,23,5,annealing_T=75_h=5,True
137,1823.84,991.63,76.417,7.61856,23,5,before_annealing,True
138,1844.23,883.65,285.634,20.8745,23,5,annealing_T=100_h=5,True
138,1852.26,879.74,359.133,22.8025,23,5,annealing_T=75_h=25,True
138,1852.48,884.0,198.377,17.4552,23,5,annealing_T=75_h=5,True
138,1846.85,887.21,467.695,27.8686,23,5,before_annealing,True
139,1848.52,552.77,480.344,20.7511,23,5,annealing_T=100_h=5,True
139,1853.82,549.14,936.469,26.7897,23,5,annealing_T=75_h=25,True
139,1855.08,554.11,674.184,25.0811,23,5,annealing_T=75_h=5,True
139,1851.44,556.46,464.254,21.4926,23,5,before_annealing,True
140,1855.3,91.45,366.423,38.6878,23,5,annealing_T=100_h=5,True
140,1857.19,87.82,46.8379,5.59702,23,5,annealing_T=75_h=25,True
140,1860.97,92.75,41.152,5.73076,23,5,annealing_T=75_h=5,True
140,1859.02,94.79,39.4803,5.7174,23,5,before_annealing,True
141,1885.23,250.79,246.587,12.5981,23,5,annealing_T=100_h=5,True
141,1888.29,246.56,574.313,21.0866,23,5,annealing_T=75_h=25,True
141,1891.32,251.85,558.941,21.6848,23,5,annealing_T=75_h=5,True
141,1888.36,254.23,800.986,28.7223,23,5,before_annealing,True
142,1888.47,286.09,112.966,7.86982,23,5,annealing_T=100_h=5,True
142,1891.65,281.97,482.364,17.0098,23,5,annealing_T=75_h=25,True
142,1894.41,287.03,530.208,22.3959,23,5,annealing_T=75_h=5,True
142,1891.39,289.46,644.554,28.1366,23,5,before_annealing,True
143,1897.48,1042.75,33.1223,6.12193,23,5,annealing_T=100_h=5,True
143,1906.17,1039.11,22.9325,3.3082,23,5,annealing_T=75_h=25,True
143,1904.92,1043.9,21.1019,3.26118,23,5,annealing_T=75_h=5,True
143,1899.64,1047.11,15.7105,4.01776,23,5,before_annealing,True
