# timestamp , source voltage , measured current , status , source status 
1778579619.569938 0.000000e+00 1.434097e-11 8 128 
1778579619.631895 0.000000e+00 6.498827e-12 8 128 
1778579619.693834 0.000000e+00 1.658374e-11 8 128 
1778579619.755779 0.000000e+00 -1.520421e-11 8 128 
1778579619.817722 0.000000e+00 1.629829e-11 8 128 
1778579619.879662 0.000000e+00 5.962085e-12 8 128 
1778579619.941612 0.000000e+00 9.855454e-12 8 128 
1778579620.003554 0.000000e+00 -7.450629e-12 8 128 
1778579620.065502 0.000000e+00 6.948057e-12 8 128 
1778579620.127447 0.000000e+00 1.624004e-11 8 128 
1778579620.189398 0.000000e+00 2.274899e-12 8 128 
1778579620.251354 0.000000e+00 9.896230e-12 8 128 
1778579620.313319 0.000000e+00 6.323803e-12 8 128 
1778579620.375268 0.000000e+00 8.952523e-12 8 128 
1778579620.437220 0.000000e+00 7.405231e-13 8 128 
1778579620.499167 0.000000e+00 1.441088e-11 8 128 
1778579620.561122 0.000000e+00 9.511754e-12 8 128 
1778579620.623074 0.000000e+00 1.413125e-11 8 128 
1778579620.685021 0.000000e+00 -4.438099e-13 8 128 
1778579620.746973 0.000000e+00 1.568663e-11 8 128 
1778579620.808926 0.000000e+00 2.117378e-12 8 128 
1778579620.870862 0.000000e+00 4.766083e-12 8 128 
1778579620.932800 0.000000e+00 1.207491e-11 8 128 
1778579620.994749 0.000000e+00 6.854710e-12 8 128 
1778579621.056698 0.000000e+00 -2.112384e-12 8 128 
1778579621.118652 0.000000e+00 1.097392e-11 8 128 
1778579621.180591 0.000000e+00 2.683636e-11 8 128 
1778579621.242543 0.000000e+00 6.720525e-12 8 128 
1778579621.304488 0.000000e+00 2.624951e-12 8 128 
1778579621.366439 0.000000e+00 1.565750e-11 8 128 
1778579621.428387 0.000000e+00 7.507836e-12 8 128 
1778579621.490347 0.000000e+00 1.569246e-11 8 128 
1778579621.552309 0.000000e+00 8.032118e-12 8 128 
1778579621.614266 0.000000e+00 4.429747e-13 8 128 
1778579621.676215 0.000000e+00 -6.305078e-13 8 128 
1778579621.738170 0.000000e+00 1.088654e-11 8 128 
1778579621.800113 0.000000e+00 1.770220e-11 8 128 
1778579621.862062 0.000000e+00 7.012233e-12 8 128 
1778579621.924011 0.000000e+00 1.742258e-11 8 128 
1778579621.985961 0.000000e+00 1.127101e-11 8 128 
1778579622.047904 0.000000e+00 -4.545224e-12 8 128 
1778579622.109857 0.000000e+00 1.252929e-11 8 128 
1778579622.171793 0.000000e+00 1.516818e-11 8 128 
1778579622.233729 0.000000e+00 4.789420e-12 8 128 
1778579622.295679 0.000000e+00 5.291157e-12 8 128 
1778579622.357625 0.000000e+00 5.489519e-12 8 128 
1778579622.419579 0.000000e+00 -9.397188e-13 8 128 
1778579622.481528 0.000000e+00 -8.051552e-12 8 128 
1778579622.543483 0.000000e+00 1.696821e-11 8 128 
1778579622.605447 0.000000e+00 9.436028e-12 8 128 
1778579622.667395 0.000000e+00 6.131276e-12 8 128 
1778579622.729350 0.000000e+00 1.026394e-12 8 128 
1778579622.791294 0.000000e+00 2.846652e-12 8 128 
1778579622.853249 0.000000e+00 1.684005e-11 8 128 
1778579622.915203 0.000000e+00 2.158221e-12 8 128 
1778579622.977161 0.000000e+00 1.079333e-11 8 128 
1778579623.039113 0.000000e+00 2.753539e-11 8 128 
1778579623.101054 0.000000e+00 2.858314e-12 8 128 
1778579623.163004 0.000000e+00 8.276783e-12 8 128 
1778579623.224946 0.000000e+00 1.318095e-12 8 128 
1778579623.286890 0.000000e+00 1.625752e-11 8 128 
1778579623.348833 0.000000e+00 1.467302e-11 8 128 
1778579623.410786 0.000000e+00 3.599254e-12 8 128 
1778579623.472738 0.000000e+00 2.251563e-12 8 128 
1778579623.534677 0.000000e+00 9.080680e-12 8 128 
1778579623.596614 0.000000e+00 -1.184748e-12 8 128 
1778579623.658556 0.000000e+00 2.782470e-12 8 128 
1778579623.720499 0.000000e+00 1.614101e-11 8 128 
1778579623.782446 0.000000e+00 7.519487e-12 8 128 
1778579623.844393 0.000000e+00 7.548614e-12 8 128 
1778579623.906333 0.000000e+00 5.927080e-12 8 128 
1778579623.968287 0.000000e+00 5.046123e-12 8 128 
1778579624.030230 0.000000e+00 1.335066e-11 8 128 
1778579624.092182 0.000000e+00 7.988679e-13 8 128 
1778579624.154128 0.000000e+00 1.166713e-11 8 128 
1778579624.216070 0.000000e+00 1.336231e-11 8 128 
1778579624.278012 0.000000e+00 1.580641e-12 8 128 
1778579624.339968 0.000000e+00 1.092732e-11 8 128 
1778579624.401909 0.000000e+00 9.086505e-12 8 128 
1778579624.463866 0.000000e+00 6.411315e-12 8 128 
1778579624.525822 0.000000e+00 1.380504e-11 8 128 
1778579624.587770 0.000000e+00 4.065988e-12 8 128 
1778579624.649722 0.000000e+00 1.723034e-11 8 128 
1778579624.711669 0.000000e+00 2.346347e-11 8 128 
1778579624.773627 0.000000e+00 -1.079735e-12 8 128 
1778579624.835573 0.000000e+00 4.112659e-12 8 128 
1778579624.897523 0.000000e+00 -3.005009e-12 8 128 
1778579624.959489 0.000000e+00 4.079727e-13 8 128 
1778579625.021449 0.000000e+00 8.136975e-12 8 128 
1778579625.083412 0.000000e+00 3.610922e-12 8 128 
1778579625.145355 0.000000e+00 7.333076e-12 8 128 
1778579625.207291 0.000000e+00 6.317969e-12 8 128 
1778579625.269242 0.000000e+00 1.567498e-11 8 128 
1778579625.331188 0.000000e+00 -4.866101e-12 8 128 
1778579625.393136 0.000000e+00 2.196635e-11 8 128 
1778579625.455077 0.000000e+00 1.345552e-11 8 128 
1778579625.517018 0.000000e+00 1.336231e-11 8 128 
1778579625.578955 0.000000e+00 4.766083e-12 8 128 
1778579625.640911 0.000000e+00 4.830259e-12 8 128 
1778579625.702857 0.000000e+00 1.743423e-11 8 128 
1778579625.764794 0.000000e+00 4.736914e-12 8 128 
1778579625.826738 0.000000e+00 2.630786e-12 8 128 
1778579625.888695 0.000000e+00 9.319520e-12 8 128 
1778579625.950651 0.000000e+00 1.832551e-11 8 128 
1778579626.012589 0.000000e+00 4.567723e-12 8 128 
1778579626.074537 0.000000e+00 1.048459e-11 8 128 
1778579626.136488 0.000000e+00 5.857071e-12 8 128 
1778579626.198427 0.000000e+00 -2.812479e-12 8 128 
1778579626.260375 0.000000e+00 1.588469e-11 8 128 
1778579626.322328 0.000000e+00 2.595090e-11 8 128 
1778579626.384283 0.000000e+00 9.523406e-12 8 128 
1778579626.446239 0.000000e+00 6.358808e-12 8 128 
1778579626.508195 0.000000e+00 4.999451e-12 8 128 
1778579626.570147 0.000000e+00 7.871954e-13 8 128 
1778579626.632095 0.000000e+00 1.594294e-11 8 128 
1778579626.694051 0.000000e+00 -5.531198e-12 8 128 
1778579626.756014 0.000000e+00 6.399647e-12 8 128 
1778579626.817962 0.000000e+00 4.071820e-12 8 128 
1778579626.879903 0.000000e+00 -4.189357e-16 8 128 
1778579626.941847 0.000000e+00 -7.730679e-12 8 128 
1778579627.003790 0.000000e+00 1.044964e-11 8 128 
1778579627.065742 0.000000e+00 2.160519e-11 8 128 
1778579627.127688 0.000000e+00 4.188504e-12 8 128 
1778579627.189625 0.000000e+00 1.666528e-11 8 128 
1778579627.251589 0.000000e+00 1.685752e-11 8 128 
1778579627.313547 0.000000e+00 1.730024e-11 8 128 
1778579627.375505 0.000000e+00 1.285550e-11 8 128 
1778579627.437446 0.000000e+00 -2.929153e-12 8 128 
1778579627.499405 0.000000e+00 7.845707e-12 8 128 
1778579627.561345 0.000000e+00 3.144188e-12 8 128 
1778579627.623309 0.000000e+00 7.857357e-12 8 128 
1778579627.685252 0.000000e+00 1.708442e-14 8 128 
1778579627.747193 0.000000e+00 1.044964e-11 8 128 
1778579627.809135 0.000000e+00 1.179529e-11 8 128 
1778579627.871085 0.000000e+00 1.288463e-11 8 128 
1778579627.933042 0.000000e+00 -1.038899e-12 8 128 
1778579627.994986 0.000000e+00 4.281850e-12 8 128 
1778579628.056943 0.000000e+00 1.684005e-11 8 128 
1778579628.118896 0.000000e+00 8.096196e-12 8 128 
1778579628.180843 0.000000e+00 1.156810e-11 8 128 
1778579628.242781 0.000000e+00 6.375586e-14 8 128 
1778579628.304717 0.000000e+00 6.271295e-12 8 128 
1778579628.366659 0.000000e+00 -1.044354e-11 8 128 
1778579628.428622 0.000000e+00 1.104382e-11 8 128 
1778579628.490584 0.000000e+00 5.046124e-12 8 128 
1778579628.552541 0.000000e+00 -3.448404e-12 8 128 
1778579628.614477 0.000000e+00 3.237537e-12 8 128 
1778579628.676418 0.000000e+00 1.196423e-11 8 128 
1778579628.738371 0.000000e+00 -3.880128e-12 8 128 
1778579628.800308 0.000000e+00 1.060692e-11 8 128 
1778579628.862255 0.000000e+00 8.591352e-12 8 128 
1778579628.924207 0.000000e+00 -2.194060e-12 8 128 
1778579628.986155 0.000000e+00 -2.007364e-12 8 128 
1778579629.048098 0.000000e+00 5.833734e-12 8 128 
1778579629.110040 0.000000e+00 1.192346e-11 8 128 
1778579629.171986 0.000000e+00 4.421870e-12 8 128 
1778579629.233932 0.000000e+00 8.632130e-12 8 128 
1778579629.295874 0.000000e+00 1.043216e-11 8 128 
1778579629.357821 0.000000e+00 5.343664e-12 8 128 
1778579629.419774 0.000000e+00 -3.833455e-12 8 128 
1778579629.481711 0.000000e+00 1.374096e-11 8 128 
1778579629.543664 0.000000e+00 8.655431e-12 8 128 
1778579629.605614 0.000000e+00 4.509384e-12 8 128 
1778579629.667570 0.000000e+00 1.090984e-11 8 128 
1778579629.729518 0.000000e+00 1.010012e-11 8 128 
1778579629.791468 0.000000e+00 -3.652593e-12 8 128 
1778579629.853422 0.000000e+00 -9.455449e-13 8 128 
1778579629.915362 0.000000e+00 1.943815e-11 8 128 
1778579629.977317 0.000000e+00 6.446320e-12 8 128 
1778579630.039269 0.000000e+00 8.113673e-12 8 128 
1778579630.101205 0.000000e+00 1.796501e-12 8 128 
1778579630.163155 0.000000e+00 -3.594257e-12 8 128 
1778579630.225098 0.000000e+00 1.476040e-11 8 128 
1778579630.287053 0.000000e+00 -9.980619e-13 8 128 
1778579630.348996 0.000000e+00 1.633324e-11 8 128 
1778579630.410934 0.000000e+00 1.658956e-11 8 128 
1778579630.472876 0.000000e+00 1.324581e-11 8 128 
1778579630.534833 0.000000e+00 4.911939e-12 8 128 
1778579630.596796 0.000000e+00 -2.637445e-12 8 128 
1778579630.658734 0.000000e+00 9.191362e-12 8 128 
1778579630.720684 0.000000e+00 -2.375530e-14 8 128 
1778579630.782632 0.000000e+00 1.940320e-11 8 128 
1778579630.844587 0.000000e+00 1.802336e-12 8 128 
1778579630.906537 0.000000e+00 2.467514e-11 8 128 
1778579630.968493 0.000000e+00 3.435902e-12 8 128 
1778579631.030435 0.000000e+00 9.272916e-12 8 128 
1778579631.092376 0.000000e+00 1.494680e-11 8 128 
1778579631.154325 0.000000e+00 1.729442e-11 8 128 
1778579631.216267 0.000000e+00 2.980727e-11 8 128 
1778579631.278214 0.000000e+00 1.315842e-11 8 128 
1778579631.340163 0.000000e+00 -6.013350e-13 8 128 
1778579631.402117 0.000000e+00 3.587587e-12 8 128 
1778579631.464070 0.000000e+00 1.457981e-11 8 128 
1778579631.526025 0.000000e+00 5.129898e-13 8 128 
1778579631.587964 0.000000e+00 6.148779e-12 8 128 
1778579631.649920 0.000000e+00 1.395067e-11 8 128 
1778579631.711860 0.000000e+00 2.111001e-11 8 128 
1778579631.773797 0.000000e+00 1.778998e-12 8 128 
1778579631.835755 0.000000e+00 6.726359e-12 8 128 
1778579631.897714 0.000000e+00 9.779722e-12 8 128 
1778579631.959666 0.000000e+00 -4.673573e-12 8 128 
1778579632.021607 0.000000e+00 8.900096e-12 8 128 
1778579632.083557 0.000000e+00 1.120111e-11 8 128 
1778579632.145497 0.000000e+00 1.486526e-11 8 128 
1778579632.207439 0.000000e+00 -7.043151e-14 8 128 
1778579632.269380 0.000000e+00 2.378970e-11 8 128 
1778579632.331337 0.000000e+00 3.729703e-13 8 128 
1778579632.393287 0.000000e+00 5.331995e-12 8 128 
1778579632.455224 0.000000e+00 4.777751e-12 8 128 
1778579632.517173 0.000000e+00 2.368246e-12 8 128 
1778579632.579121 0.000000e+00 1.287881e-11 8 128 
1778579632.641075 0.000000e+00 -5.397012e-12 8 128 
1778579632.703025 0.000000e+00 1.276230e-11 8 128 
1778579632.764980 0.000000e+00 2.461593e-12 8 128 
1778579632.826931 0.000000e+00 -2.229066e-12 8 128 
1778579632.888888 0.000000e+00 -4.125165e-12 8 128 
1778579632.950825 0.000000e+00 6.212955e-12 8 128 
1778579633.012781 0.000000e+00 1.597790e-11 8 128 
1778579633.074737 0.000000e+00 1.595460e-11 8 128 
1778579633.136673 0.000000e+00 7.641819e-12 8 128 
1778579633.198616 0.000000e+00 -3.162531e-12 8 128 
1778579633.260557 0.000000e+00 2.934160e-12 8 128 
1778579633.322495 0.000000e+00 1.212151e-11 8 128 
1778579633.384432 0.000000e+00 1.674684e-11 8 128 
1778579633.446375 0.000000e+00 7.356377e-12 8 128 
1778579633.508325 0.000000e+00 6.907218e-12 8 128 
1778579633.570266 0.000000e+00 4.474378e-12 8 128 
1778579633.632204 0.000000e+00 -7.316441e-12 8 128 
1778579633.694159 0.000000e+00 -6.978058e-12 8 128 
1778579633.756106 0.000000e+00 7.029735e-12 8 128 
1778579633.818051 0.000000e+00 -2.921214e-13 8 128 
1778579633.880007 0.000000e+00 3.511742e-12 8 128 
1778579633.941965 0.000000e+00 1.678762e-11 8 128 
1778579634.003911 0.000000e+00 4.206008e-12 8 128 
1778579634.065866 0.000000e+00 5.617871e-12 8 128 
1778579634.127823 0.000000e+00 6.913052e-12 8 128 
1778579634.189788 0.000000e+00 9.389423e-12 8 128 
1778579634.251746 0.000000e+00 8.340861e-12 8 128 
1778579634.313699 0.000000e+00 3.640094e-12 8 128 
1778579634.375638 0.000000e+00 1.956631e-11 8 128 
1778579634.437577 0.000000e+00 1.056032e-11 8 128 
1778579634.499529 0.000000e+00 9.604964e-12 8 128 
1778579634.561484 0.000000e+00 2.134887e-11 8 128 
1778579634.623423 0.000000e+00 7.583566e-12 8 128 
1778579634.685364 0.000000e+00 8.946698e-12 8 128 
1778579634.747313 0.000000e+00 8.358337e-12 8 128 
1778579634.809257 0.000000e+00 -6.114598e-12 8 128 
1778579634.871209 0.000000e+00 1.420699e-11 8 128 
1778579634.933163 0.000000e+00 -6.867216e-12 8 128 
1778579634.995113 0.000000e+00 3.844288e-12 8 128 
1778579635.057064 0.000000e+00 1.610605e-11 8 128 
1778579635.119016 0.000000e+00 2.269068e-12 8 128 
1778579635.180964 0.000000e+00 1.049624e-11 8 128 
1778579635.242916 0.000000e+00 1.269239e-11 8 128 
1778579635.304879 0.000000e+00 1.850609e-11 8 128 
1778579635.366840 0.000000e+00 1.407301e-11 8 128 
1778579635.428797 0.000000e+00 8.416590e-12 8 128 
1778579635.490738 0.000000e+00 3.015840e-12 8 128 
1778579635.552685 0.000000e+00 1.750996e-11 8 128 
1778579635.614636 0.000000e+00 1.127101e-11 8 128 
1778579635.676587 0.000000e+00 5.314494e-12 8 128 
1778579635.738536 0.000000e+00 1.289046e-11 8 128 
1778579635.800481 0.000000e+00 1.162636e-11 8 128 
1778579635.862427 0.000000e+00 1.298949e-11 8 128 
1778579635.924382 0.000000e+00 7.944737e-12 8 128 
1778579635.986333 0.000000e+00 -3.710937e-12 8 128 
1778579636.048280 0.000000e+00 8.463194e-12 8 128 
1778579636.110240 0.000000e+00 3.756775e-12 8 128 
1778579636.172194 0.000000e+00 -9.630560e-13 8 128 
1778579636.234135 0.000000e+00 8.894270e-12 8 128 
1778579636.296088 0.000000e+00 -6.884721e-12 8 128 
1778579636.358039 0.000000e+00 9.837976e-12 8 128 
1778579636.419995 0.000000e+00 1.860681e-12 8 128 
1778579636.481943 0.000000e+00 6.172115e-12 8 128 
1778579636.543904 0.000000e+00 3.756781e-12 8 128 
1778579636.605865 0.000000e+00 6.471742e-13 8 128 
1778579636.667801 0.000000e+00 1.222637e-11 8 128 
1778579636.729748 0.000000e+00 2.712466e-12 8 128 
1778579636.791704 0.000000e+00 4.818590e-12 8 128 
1778579636.853649 0.000000e+00 5.652874e-12 8 128 
1778579636.915602 0.000000e+00 2.296250e-11 8 128 
1778579636.977548 0.000000e+00 2.502430e-12 8 128 
1778579637.039495 0.000000e+00 9.948659e-12 8 128 
1778579637.101440 0.000000e+00 1.173121e-11 8 128 
1778579637.163380 0.000000e+00 1.592309e-12 8 128 
1778579637.225320 0.000000e+00 6.032096e-12 8 128 
1778579637.287258 0.000000e+00 1.212152e-11 8 128 
1778579637.349215 0.000000e+00 6.294632e-12 8 128 
1778579637.411155 0.000000e+00 7.507836e-12 8 128 
1778579637.473096 0.000000e+00 2.928326e-12 8 128 
1778579637.535050 0.000000e+00 1.870998e-11 8 128 
1778579637.596989 0.000000e+00 1.921146e-13 8 128 
1778579637.658944 0.000000e+00 4.147667e-12 8 128 
1778579637.720907 0.000000e+00 5.075295e-12 8 128 
1778579637.782846 0.000000e+00 4.579392e-12 8 128 
1778579637.844796 0.000000e+00 8.346686e-12 8 128 
1778579637.906743 0.000000e+00 5.641206e-12 8 128 
1778579637.968701 0.000000e+00 1.679926e-11 8 128 
1778579638.030648 0.000000e+00 1.073068e-12 8 128 
1778579638.092593 0.000000e+00 1.903620e-11 8 128 
1778579638.154549 0.000000e+00 -1.108907e-12 8 128 
1778579638.216488 0.000000e+00 9.121459e-12 8 128 
1778579638.278437 0.000000e+00 9.272106e-13 8 128 
1778579638.340386 0.000000e+00 9.861278e-12 8 128 
1778579638.402335 0.000000e+00 7.099745e-12 8 128 
1778579638.464275 0.000000e+00 1.943233e-11 8 128 
1778579638.526232 0.000000e+00 1.397397e-11 8 128 
1778579638.588172 0.000000e+00 2.875825e-14 8 128 
1778579638.650128 0.000000e+00 -5.461175e-12 8 128 
1778579638.712068 0.000000e+00 1.495263e-11 8 128 
1778579638.774023 0.000000e+00 4.106825e-12 8 128 
1778579638.835972 0.000000e+00 1.370609e-12 8 128 
1778579638.897937 0.000000e+00 1.226715e-11 8 128 
1778579638.959891 0.000000e+00 3.535078e-12 8 128 
1778579639.021833 0.000000e+00 7.397155e-12 8 128 
1778579639.083774 0.000000e+00 -7.380610e-12 8 128 
1778579639.145716 0.000000e+00 1.784783e-11 8 128 
1778579639.207664 0.000000e+00 -2.048202e-12 8 128 
1778579639.269608 0.000000e+00 -1.657318e-12 8 128 
1778579639.331562 0.000000e+00 1.096227e-11 8 128 
1778579639.393512 0.000000e+00 6.971394e-12 8 128 
1778579639.455447 0.000000e+00 -1.190587e-12 8 128 
1778579639.517393 0.000000e+00 1.017585e-11 8 128 
1778579639.579342 0.000000e+00 1.744007e-11 8 128 
1778579639.641279 0.000000e+00 -4.212681e-12 8 128 
1778579639.703234 0.000000e+00 1.287881e-11 8 128 
1778579639.765187 0.000000e+00 8.113673e-12 8 128 
1778579639.827134 0.000000e+00 8.725334e-12 8 128 
1778579639.889089 0.000000e+00 1.247103e-11 8 128 
1778579639.951052 0.000000e+00 1.689248e-11 8 128 
1778579640.012997 0.000000e+00 1.515070e-11 8 128 
1778579640.074951 0.000000e+00 1.857600e-11 8 128 
1778579640.136904 0.000000e+00 5.145304e-12 8 128 
1778579640.198856 0.000000e+00 1.257006e-11 8 128 
1778579640.260814 0.000000e+00 6.323803e-12 8 128 
1778579640.322752 0.000000e+00 1.224384e-11 8 128 
1778579640.384700 0.000000e+00 -3.535914e-12 8 128 
1778579640.446644 0.000000e+00 1.467302e-11 8 128 
1778579640.508588 0.000000e+00 2.652178e-11 8 128 
1778579640.570539 0.000000e+00 1.281473e-11 8 128 
1778579640.632495 0.000000e+00 1.692742e-11 8 128 
1778579640.694446 0.000000e+00 2.222395e-12 8 128 
1778579640.756395 0.000000e+00 9.907879e-12 8 128 
1778579640.818333 0.000000e+00 6.253793e-12 8 128 
1778579640.880276 0.000000e+00 1.065935e-11 8 128 
1778579640.942214 0.000000e+00 1.921107e-13 8 128 
1778579641.004149 0.000000e+00 -5.764563e-12 8 128 
1778579641.066095 0.000000e+00 1.679818e-12 8 128 
1778579641.128054 0.000000e+00 1.564585e-11 8 128 
1778579641.190021 0.000000e+00 2.272365e-11 8 128 
1778579641.251974 0.000000e+00 2.006729e-11 8 128 
1778579641.313915 0.000000e+00 -1.546470e-12 8 128 
1778579641.375864 0.000000e+00 9.750594e-12 8 128 
1778579641.437801 0.000000e+00 3.313383e-12 8 128 
1778579641.499747 0.000000e+00 1.457981e-11 8 128 
1778579641.561686 0.000000e+00 1.208656e-11 8 128 
1778579641.623637 0.000000e+00 8.113673e-12 8 128 
1778579641.685595 0.000000e+00 3.336720e-12 8 128 
1778579641.747537 0.000000e+00 7.420456e-12 8 128 
1778579641.809475 0.000000e+00 4.637735e-12 8 128 
1778579641.871421 0.000000e+00 1.007099e-11 8 128 
1778579641.933375 0.000000e+00 2.053202e-12 8 128 
1778579641.995330 0.000000e+00 7.869008e-12 8 128 
1778579642.057275 0.000000e+00 4.206005e-12 8 128 
1778579642.119218 0.000000e+00 1.520312e-11 8 128 
1778579642.181167 0.000000e+00 9.861278e-12 8 128 
1778579642.243113 0.000000e+00 1.349047e-11 8 128 
1778579642.305061 0.000000e+00 2.538583e-11 8 128 
1778579642.367001 0.000000e+00 1.349047e-11 8 128 
1778579642.428953 0.000000e+00 1.166131e-11 8 128 
1778579642.490889 0.000000e+00 -2.643288e-12 8 128 
1778579642.552835 0.000000e+00 1.896047e-11 8 128 
1778579642.614792 0.000000e+00 1.676432e-11 8 128 
1778579642.676740 0.000000e+00 -3.559256e-12 8 128 
1778579642.738684 0.000000e+00 1.321085e-11 8 128 
1778579642.800641 0.000000e+00 1.827891e-11 8 128 
1778579642.862595 0.000000e+00 -3.384228e-12 8 128 
1778579642.924552 0.000000e+00 9.406900e-12 8 128 
1778579642.986500 0.000000e+00 9.972244e-13 8 128 
1778579643.048452 0.000000e+00 8.096196e-12 8 128 
1778579643.110395 0.000000e+00 1.177781e-11 8 128 
1778579643.172361 0.000000e+00 1.082829e-11 8 128 
1778579643.234309 0.000000e+00 -5.093631e-12 8 128 
1778579643.296261 0.000000e+00 -6.363391e-13 8 128 
1778579643.358213 0.000000e+00 1.723034e-11 8 128 
1778579643.420171 0.000000e+00 1.134092e-11 8 128 
1778579643.482121 0.000000e+00 4.375195e-12 8 128 
1778579643.544076 0.000000e+00 7.968039e-12 8 128 
1778579643.606014 0.000000e+00 -5.764562e-12 8 128 
1778579643.667959 0.000000e+00 1.605945e-11 8 128 
1778579643.729901 0.000000e+00 9.232138e-12 8 128 
1778579643.791839 0.000000e+00 1.072925e-11 8 128 
1778579643.853790 0.000000e+00 2.012554e-11 8 128 
1778579643.915739 0.000000e+00 1.440505e-11 8 128 
1778579643.977679 0.000000e+00 4.625553e-14 8 128 
1778579644.039620 0.000000e+00 1.469787e-12 8 128 
1778579644.101573 0.000000e+00 1.258754e-11 8 128 
1778579644.163511 0.000000e+00 1.967117e-11 8 128 
1778579644.225459 0.000000e+00 1.304775e-11 8 128 
1778579644.287412 0.000000e+00 1.120111e-11 8 128 
1778579644.349350 0.000000e+00 1.209821e-11 8 128 
1778579644.411303 0.000000e+00 -3.308387e-12 8 128 
1778579644.473244 0.000000e+00 1.482448e-11 8 128 
1778579644.535192 0.000000e+00 9.034077e-12 8 128 
1778579644.597142 0.000000e+00 9.098156e-12 8 128 
1778579644.659082 0.000000e+00 4.503549e-12 8 128 
1778579644.721037 0.000000e+00 -3.757608e-12 8 128 
1778579644.782976 0.000000e+00 9.034078e-12 8 128 
1778579644.844918 0.000000e+00 4.503549e-12 8 128 
1778579644.906876 0.000000e+00 1.534875e-11 8 128 
1778579644.968825 0.000000e+00 6.837208e-12 8 128 
1778579645.030769 0.000000e+00 1.189750e-12 8 128 
1778579645.092710 0.000000e+00 -2.853314e-12 8 128 
1778579645.154657 0.000000e+00 -4.321404e-13 8 128 
1778579645.216607 0.000000e+00 6.854710e-12 8 128 
1778579645.278556 0.000000e+00 1.139334e-11 8 128 
1778579645.340500 0.000000e+00 -3.069173e-12 8 128 
1778579645.402449 0.000000e+00 9.861276e-12 8 128 
1778579645.464394 0.000000e+00 1.768472e-11 8 128 
1778579645.526344 0.000000e+00 8.742809e-12 8 128 
1778579645.588283 0.000000e+00 2.098187e-11 8 128 
1778579645.650239 0.000000e+00 5.588701e-12 8 128 
1778579645.712185 0.000000e+00 1.598140e-12 8 128 
1778579645.774123 0.000000e+00 1.691488e-12 8 128 
1778579645.836079 0.000000e+00 1.537788e-11 8 128 
1778579645.898024 0.000000e+00 7.152252e-12 8 128 
1778579645.959967 0.000000e+00 2.376639e-11 8 128 
1778579646.021923 0.000000e+00 -2.608282e-12 8 128 
1778579646.083878 0.000000e+00 -3.944301e-12 8 128 
1778579646.145814 0.000000e+00 -1.308059e-11 8 128 
1778579646.207764 0.000000e+00 5.390339e-12 8 128 
1778579646.269710 0.000000e+00 1.319337e-11 8 128 
1778579646.331665 0.000000e+00 1.386912e-11 8 128 
1778579646.393618 0.000000e+00 -6.480077e-13 8 128 
1778579646.455570 0.000000e+00 7.405222e-13 8 128 
1778579646.517522 0.000000e+00 8.294259e-12 8 128 
1778579646.579459 0.000000e+00 6.294632e-12 8 128 
1778579646.641406 0.000000e+00 -1.791499e-12 8 128 
1778579646.703361 0.000000e+00 1.539535e-11 8 128 
1778579646.765321 0.000000e+00 5.367002e-12 8 128 
1778579646.827272 0.000000e+00 1.393947e-12 8 128 
1778579646.889238 0.000000e+00 -1.068062e-12 8 128 
1778579646.951178 0.000000e+00 6.166282e-12 8 128 
1778579647.013122 0.000000e+00 1.176034e-11 8 128 
1778579647.075078 0.000000e+00 1.096809e-11 8 128 
1778579647.137026 0.000000e+00 5.629540e-12 8 128 
1778579647.198962 0.000000e+00 1.376426e-11 8 128 
1778579647.260912 0.000000e+00 1.128849e-11 8 128 
1778579647.322855 0.000000e+00 8.836016e-12 8 128 
1778579647.384794 0.000000e+00 3.132522e-12 8 128 
1778579647.446730 0.000000e+00 3.496305e-13 8 128 
1778579647.508684 0.000000e+00 5.188263e-13 8 128 
1778579647.570636 0.000000e+00 8.212703e-12 8 128 
1778579647.632587 0.000000e+00 1.432349e-11 8 128 
1778579647.694537 0.000000e+00 -2.089036e-12 8 128 
1778579647.756489 0.000000e+00 -2.100703e-12 8 128 
1778579647.818431 0.000000e+00 7.437932e-12 8 128 
1778579647.880386 0.000000e+00 1.103800e-11 8 128 
1778579647.942343 0.000000e+00 8.393290e-12 8 128 
1778579648.004296 0.000000e+00 4.246843e-12 8 128 
1778579648.066242 0.000000e+00 1.213316e-11 8 128 
1778579648.128196 0.000000e+00 8.020466e-12 8 128 
1778579648.190145 0.000000e+00 1.749248e-11 8 128 
1778579648.252084 0.000000e+00 1.809249e-11 8 128 
1778579648.314021 0.000000e+00 -7.199757e-12 8 128 
1778579648.375961 0.000000e+00 1.921124e-13 8 128 
1778579648.437918 0.000000e+00 1.837343e-12 8 128 
1778579648.499858 0.000000e+00 4.637733e-12 8 128 
1778579648.561804 0.000000e+00 1.764977e-11 8 128 
1778579648.623763 0.000000e+00 1.826142e-11 8 128 
1778579648.685716 0.000000e+00 1.716043e-11 8 128 
1778579648.747654 0.000000e+00 2.504559e-13 8 128 
1778579648.809611 0.000000e+00 1.377591e-11 8 128 
1778579648.871553 0.000000e+00 1.198170e-11 8 128 
1778579648.933497 0.000000e+00 1.772550e-11 8 128 
1778579648.995444 0.000000e+00 1.151568e-11 8 128 
1778579649.057392 0.000000e+00 2.875044e-14 8 128 
1778579649.119349 0.000000e+00 -5.064461e-12 8 128 
1778579649.181310 0.000000e+00 1.557013e-11 8 128 
1778579649.243257 0.000000e+00 1.467884e-11 8 128 
1778579649.305195 0.000000e+00 9.226314e-12 8 128 
1778579649.367134 0.000000e+00 4.666904e-12 8 128 
1778579649.429075 0.000000e+00 1.039721e-11 8 128 
1778579649.491030 0.000000e+00 -6.960559e-12 8 128 
1778579649.552971 0.000000e+00 1.648469e-11 8 128 
