spot,phase,constant,run_number,detection,detected,status,local_spot
0,before_annealing,v,20260517-060022,present,True,reference,0.0
1,before_annealing,v,20260517-060022,present,True,reference,1.0
2,before_annealing,v,20260517-060022,present,True,reference,2.0
3,before_annealing,v,20260517-060022,present,True,reference,4.0
4,before_annealing,v,20260517-060022,present,True,reference,5.0
5,before_annealing,v,20260517-060022,present,True,reference,6.0
6,before_annealing,v,20260517-060022,present,True,reference,7.0
7,before_annealing,v,20260517-060022,present,True,reference,8.0
8,before_annealing,v,20260517-060022,present,True,reference,9.0
9,before_annealing,v,20260517-060022,present,True,reference,10.0
10,before_annealing,v,20260517-060022,present,True,reference,11.0
11,before_annealing,v,20260517-060022,present,True,reference,12.0
12,before_annealing,v,20260517-060022,present,True,reference,13.0
13,before_annealing,v,20260517-060022,present,True,reference,14.0
14,before_annealing,v,20260517-060022,present,True,reference,15.0
15,before_annealing,v,20260517-060022,present,True,reference,16.0
16,before_annealing,v,20260517-060022,present,True,reference,18.0
17,before_annealing,v,20260517-060022,present,True,reference,19.0
18,before_annealing,v,20260517-060022,present,True,reference,21.0
19,before_annealing,v,20260517-060022,present,True,reference,22.0
20,before_annealing,v,20260517-060022,present,True,reference,25.0
21,before_annealing,v,20260517-060022,present,True,reference,26.0
22,before_annealing,v,20260517-060022,present,True,reference,27.0
23,before_annealing,v,20260517-060022,present,True,reference,28.0
24,before_annealing,v,20260517-060022,absent,False,not_yet_detected,
25,before_annealing,v,20260517-060022,present,True,reference,29.0
26,before_annealing,v,20260517-060022,present,True,reference,30.0
27,before_annealing,v,20260517-060022,present,True,reference,31.0
28,before_annealing,v,20260517-060022,present,True,reference,32.0
29,before_annealing,v,20260517-060022,present,True,reference,33.0
30,before_annealing,v,20260517-060022,present,True,reference,34.0
31,before_annealing,v,20260517-060022,present,True,reference,35.0
32,before_annealing,v,20260517-060022,present,True,reference,36.0
33,before_annealing,v,20260517-060022,present,True,reference,38.0
34,before_annealing,v,20260517-060022,present,True,reference,39.0
35,before_annealing,v,20260517-060022,present,True,reference,40.0
36,before_annealing,v,20260517-060022,present,True,reference,41.0
37,before_annealing,v,20260517-060022,present,True,reference,42.0
38,before_annealing,v,20260517-060022,present,True,reference,43.0
39,before_annealing,v,20260517-060022,present,True,reference,45.0
40,before_annealing,v,20260517-060022,present,True,reference,46.0
41,before_annealing,v,20260517-060022,present,True,reference,47.0
42,before_annealing,v,20260517-060022,present,True,reference,48.0
43,before_annealing,v,20260517-060022,absent,False,not_yet_detected,
44,before_annealing,v,20260517-060022,absent,False,not_yet_detected,
45,before_annealing,v,20260517-060022,present,True,reference,49.0
46,before_annealing,v,20260517-060022,present,True,reference,50.0
47,before_annealing,v,20260517-060022,present,True,reference,51.0
48,before_annealing,v,20260517-060022,present,True,reference,52.0
49,before_annealing,v,20260517-060022,present,True,reference,53.0
50,before_annealing,v,20260517-060022,present,True,reference,54.0
51,before_annealing,v,20260517-060022,present,True,reference,55.0
52,before_annealing,v,20260517-060022,present,True,reference,56.0
53,before_annealing,v,20260517-060022,present,True,reference,58.0
54,before_annealing,v,20260517-060022,present,True,reference,59.0
55,before_annealing,v,20260517-060022,present,True,reference,60.0
56,before_annealing,v,20260517-060022,present,True,reference,61.0
57,before_annealing,v,20260517-060022,absent,False,never_detected_in_condition,
58,before_annealing,v,20260517-060022,present,True,reference,62.0
59,before_annealing,v,20260517-060022,present,True,reference,63.0
60,before_annealing,v,20260517-060022,present,True,reference,64.0
61,before_annealing,v,20260517-060022,present,True,reference,65.0
62,before_annealing,v,20260517-060022,present,True,reference,3.0
63,before_annealing,v,20260517-060022,present,True,reference,17.0
64,before_annealing,v,20260517-060022,present,True,reference,20.0
65,before_annealing,v,20260517-060022,present,True,reference,23.0
66,before_annealing,v,20260517-060022,present,True,reference,24.0
67,before_annealing,v,20260517-060022,present,True,reference,37.0
68,before_annealing,v,20260517-060022,present,True,reference,44.0
69,before_annealing,v,20260517-060022,present,True,reference,57.0
70,before_annealing,v,20260517-060022,absent,False,not_yet_detected,
71,before_annealing,v,20260517-060022,absent,False,not_yet_detected,
72,before_annealing,v,20260517-060022,absent,False,never_detected_in_condition,
73,before_annealing,v,20260517-060022,absent,False,not_yet_detected,
74,before_annealing,v,20260517-060022,absent,False,not_yet_detected,
75,before_annealing,v,20260517-060022,absent,False,not_yet_detected,
76,before_annealing,v,20260517-060022,absent,False,not_yet_detected,
77,before_annealing,v,20260517-060022,absent,False,not_yet_detected,
78,before_annealing,v,20260517-060022,absent,False,not_yet_detected,
79,before_annealing,v,20260517-060022,absent,False,never_detected_in_condition,
80,before_annealing,v,20260517-060022,absent,False,never_detected_in_condition,
81,before_annealing,v,20260517-060022,absent,False,never_detected_in_condition,
82,before_annealing,v,20260517-060022,absent,False,never_detected_in_condition,
83,before_annealing,v,20260517-060022,absent,False,not_yet_detected,
84,before_annealing,v,20260517-060022,absent,False,not_yet_detected,
85,before_annealing,v,20260517-060022,absent,False,not_yet_detected,
86,before_annealing,v,20260517-060022,absent,False,never_detected_in_condition,
87,before_annealing,v,20260517-060022,absent,False,not_yet_detected,
88,before_annealing,v,20260517-060022,absent,False,not_yet_detected,
89,before_annealing,v,20260517-060022,absent,False,not_yet_detected,
90,before_annealing,v,20260517-060022,absent,False,not_yet_detected,
91,before_annealing,v,20260517-060022,absent,False,not_yet_detected,
92,before_annealing,v,20260517-060022,absent,False,not_yet_detected,
93,before_annealing,v,20260517-060022,absent,False,never_detected_in_condition,
94,before_annealing,v,20260517-060022,absent,False,not_yet_detected,
95,before_annealing,v,20260517-060022,absent,False,not_yet_detected,
96,before_annealing,v,20260517-060022,absent,False,not_yet_detected,
97,before_annealing,v,20260517-060022,absent,False,not_yet_detected,
98,before_annealing,v,20260517-060022,absent,False,not_yet_detected,
99,before_annealing,v,20260517-060022,absent,False,not_yet_detected,
100,before_annealing,v,20260517-060022,absent,False,not_yet_detected,
101,before_annealing,v,20260517-060022,absent,False,not_yet_detected,
102,before_annealing,v,20260517-060022,absent,False,not_yet_detected,
103,before_annealing,v,20260517-060022,absent,False,not_yet_detected,
104,before_annealing,v,20260517-060022,absent,False,not_yet_detected,
105,before_annealing,v,20260517-060022,absent,False,not_yet_detected,
106,before_annealing,v,20260517-060022,absent,False,not_yet_detected,
107,before_annealing,v,20260517-060022,absent,False,not_yet_detected,
108,before_annealing,v,20260517-060022,absent,False,not_yet_detected,
109,before_annealing,v,20260517-060022,absent,False,not_yet_detected,
110,before_annealing,v,20260517-060022,absent,False,not_yet_detected,
111,before_annealing,v,20260517-060022,absent,False,never_detected_in_condition,
112,before_annealing,v,20260517-060022,absent,False,never_detected_in_condition,
113,before_annealing,v,20260517-060022,absent,False,not_yet_detected,
114,before_annealing,v,20260517-060022,absent,False,never_detected_in_condition,
115,before_annealing,v,20260517-060022,absent,False,not_yet_detected,
116,before_annealing,v,20260517-060022,absent,False,not_yet_detected,
117,before_annealing,v,20260517-060022,absent,False,never_detected_in_condition,
118,before_annealing,v,20260517-060022,absent,False,not_yet_detected,
0,annealing_T=75_h=5,v,20260524-053913,present,True,present,0.0
1,annealing_T=75_h=5,v,20260524-053913,present,True,present,1.0
2,annealing_T=75_h=5,v,20260524-053913,present,True,present,2.0
3,annealing_T=75_h=5,v,20260524-053913,present,True,present,5.0
4,annealing_T=75_h=5,v,20260524-053913,present,True,present,6.0
5,annealing_T=75_h=5,v,20260524-053913,present,True,present,7.0
6,annealing_T=75_h=5,v,20260524-053913,present,True,present,8.0
7,annealing_T=75_h=5,v,20260524-053913,present,True,present,9.0
8,annealing_T=75_h=5,v,20260524-053913,absent,False,disappeared,
9,annealing_T=75_h=5,v,20260524-053913,present,True,present,10.0
10,annealing_T=75_h=5,v,20260524-053913,present,True,present,11.0
11,annealing_T=75_h=5,v,20260524-053913,present,True,present,12.0
12,annealing_T=75_h=5,v,20260524-053913,present,True,present,13.0
13,annealing_T=75_h=5,v,20260524-053913,present,True,present,14.0
14,annealing_T=75_h=5,v,20260524-053913,absent,False,disappeared,
15,annealing_T=75_h=5,v,20260524-053913,present,True,present,15.0
16,annealing_T=75_h=5,v,20260524-053913,absent,False,disappeared,
17,annealing_T=75_h=5,v,20260524-053913,present,True,present,16.0
18,annealing_T=75_h=5,v,20260524-053913,present,True,present,17.0
19,annealing_T=75_h=5,v,20260524-053913,present,True,present,18.0
20,annealing_T=75_h=5,v,20260524-053913,present,True,present,21.0
21,annealing_T=75_h=5,v,20260524-053913,present,True,present,22.0
22,annealing_T=75_h=5,v,20260524-053913,present,True,present,23.0
23,annealing_T=75_h=5,v,20260524-053913,present,True,present,24.0
24,annealing_T=75_h=5,v,20260524-053913,present,True,appeared,25.0
25,annealing_T=75_h=5,v,20260524-053913,present,True,present,26.0
26,annealing_T=75_h=5,v,20260524-053913,present,True,present,27.0
27,annealing_T=75_h=5,v,20260524-053913,present,True,present,28.0
28,annealing_T=75_h=5,v,20260524-053913,present,True,present,29.0
29,annealing_T=75_h=5,v,20260524-053913,present,True,present,30.0
30,annealing_T=75_h=5,v,20260524-053913,present,True,present,31.0
31,annealing_T=75_h=5,v,20260524-053913,present,True,present,32.0
32,annealing_T=75_h=5,v,20260524-053913,present,True,present,33.0
33,annealing_T=75_h=5,v,20260524-053913,present,True,present,35.0
34,annealing_T=75_h=5,v,20260524-053913,present,True,present,36.0
35,annealing_T=75_h=5,v,20260524-053913,absent,False,disappeared,
36,annealing_T=75_h=5,v,20260524-053913,present,True,present,38.0
37,annealing_T=75_h=5,v,20260524-053913,present,True,present,39.0
38,annealing_T=75_h=5,v,20260524-053913,present,True,present,40.0
39,annealing_T=75_h=5,v,20260524-053913,present,True,present,41.0
40,annealing_T=75_h=5,v,20260524-053913,present,True,present,42.0
41,annealing_T=75_h=5,v,20260524-053913,present,True,present,43.0
42,annealing_T=75_h=5,v,20260524-053913,present,True,present,44.0
43,annealing_T=75_h=5,v,20260524-053913,present,True,appeared,46.0
44,annealing_T=75_h=5,v,20260524-053913,present,True,appeared,45.0
45,annealing_T=75_h=5,v,20260524-053913,present,True,present,47.0
46,annealing_T=75_h=5,v,20260524-053913,present,True,present,48.0
47,annealing_T=75_h=5,v,20260524-053913,present,True,present,49.0
48,annealing_T=75_h=5,v,20260524-053913,present,True,present,50.0
49,annealing_T=75_h=5,v,20260524-053913,present,True,present,51.0
50,annealing_T=75_h=5,v,20260524-053913,present,True,present,52.0
51,annealing_T=75_h=5,v,20260524-053913,present,True,present,53.0
52,annealing_T=75_h=5,v,20260524-053913,present,True,present,54.0
53,annealing_T=75_h=5,v,20260524-053913,present,True,present,56.0
54,annealing_T=75_h=5,v,20260524-053913,absent,False,disappeared,
55,annealing_T=75_h=5,v,20260524-053913,present,True,present,57.0
56,annealing_T=75_h=5,v,20260524-053913,present,True,present,58.0
57,annealing_T=75_h=5,v,20260524-053913,absent,False,never_detected_in_condition,
58,annealing_T=75_h=5,v,20260524-053913,present,True,present,59.0
59,annealing_T=75_h=5,v,20260524-053913,present,True,present,60.0
60,annealing_T=75_h=5,v,20260524-053913,present,True,present,61.0
61,annealing_T=75_h=5,v,20260524-053913,present,True,present,62.0
62,annealing_T=75_h=5,v,20260524-053913,absent,False,disappeared,
63,annealing_T=75_h=5,v,20260524-053913,absent,False,disappeared,
64,annealing_T=75_h=5,v,20260524-053913,absent,False,disappeared,
65,annealing_T=75_h=5,v,20260524-053913,present,True,present,19.0
66,annealing_T=75_h=5,v,20260524-053913,present,True,present,20.0
67,annealing_T=75_h=5,v,20260524-053913,present,True,present,34.0
68,annealing_T=75_h=5,v,20260524-053913,absent,False,disappeared,
69,annealing_T=75_h=5,v,20260524-053913,present,True,present,55.0
70,annealing_T=75_h=5,v,20260524-053913,present,True,appeared,3.0
71,annealing_T=75_h=5,v,20260524-053913,present,True,appeared,4.0
72,annealing_T=75_h=5,v,20260524-053913,absent,False,never_detected_in_condition,
73,annealing_T=75_h=5,v,20260524-053913,present,True,appeared,37.0
74,annealing_T=75_h=5,v,20260524-053913,absent,False,not_yet_detected,
75,annealing_T=75_h=5,v,20260524-053913,absent,False,not_yet_detected,
76,annealing_T=75_h=5,v,20260524-053913,absent,False,not_yet_detected,
77,annealing_T=75_h=5,v,20260524-053913,absent,False,not_yet_detected,
78,annealing_T=75_h=5,v,20260524-053913,absent,False,not_yet_detected,
79,annealing_T=75_h=5,v,20260524-053913,absent,False,never_detected_in_condition,
80,annealing_T=75_h=5,v,20260524-053913,absent,False,never_detected_in_condition,
81,annealing_T=75_h=5,v,20260524-053913,absent,False,never_detected_in_condition,
82,annealing_T=75_h=5,v,20260524-053913,absent,False,never_detected_in_condition,
83,annealing_T=75_h=5,v,20260524-053913,absent,False,not_yet_detected,
84,annealing_T=75_h=5,v,20260524-053913,absent,False,not_yet_detected,
85,annealing_T=75_h=5,v,20260524-053913,absent,False,not_yet_detected,
86,annealing_T=75_h=5,v,20260524-053913,absent,False,never_detected_in_condition,
87,annealing_T=75_h=5,v,20260524-053913,absent,False,not_yet_detected,
88,annealing_T=75_h=5,v,20260524-053913,absent,False,not_yet_detected,
89,annealing_T=75_h=5,v,20260524-053913,absent,False,not_yet_detected,
90,annealing_T=75_h=5,v,20260524-053913,absent,False,not_yet_detected,
91,annealing_T=75_h=5,v,20260524-053913,absent,False,not_yet_detected,
92,annealing_T=75_h=5,v,20260524-053913,absent,False,not_yet_detected,
93,annealing_T=75_h=5,v,20260524-053913,absent,False,never_detected_in_condition,
94,annealing_T=75_h=5,v,20260524-053913,absent,False,not_yet_detected,
95,annealing_T=75_h=5,v,20260524-053913,absent,False,not_yet_detected,
96,annealing_T=75_h=5,v,20260524-053913,absent,False,not_yet_detected,
97,annealing_T=75_h=5,v,20260524-053913,absent,False,not_yet_detected,
98,annealing_T=75_h=5,v,20260524-053913,absent,False,not_yet_detected,
99,annealing_T=75_h=5,v,20260524-053913,absent,False,not_yet_detected,
100,annealing_T=75_h=5,v,20260524-053913,absent,False,not_yet_detected,
101,annealing_T=75_h=5,v,20260524-053913,absent,False,not_yet_detected,
102,annealing_T=75_h=5,v,20260524-053913,absent,False,not_yet_detected,
103,annealing_T=75_h=5,v,20260524-053913,absent,False,not_yet_detected,
104,annealing_T=75_h=5,v,20260524-053913,absent,False,not_yet_detected,
105,annealing_T=75_h=5,v,20260524-053913,absent,False,not_yet_detected,
106,annealing_T=75_h=5,v,20260524-053913,absent,False,not_yet_detected,
107,annealing_T=75_h=5,v,20260524-053913,absent,False,not_yet_detected,
108,annealing_T=75_h=5,v,20260524-053913,absent,False,not_yet_detected,
109,annealing_T=75_h=5,v,20260524-053913,absent,False,not_yet_detected,
110,annealing_T=75_h=5,v,20260524-053913,absent,False,not_yet_detected,
111,annealing_T=75_h=5,v,20260524-053913,absent,False,never_detected_in_condition,
112,annealing_T=75_h=5,v,20260524-053913,absent,False,never_detected_in_condition,
113,annealing_T=75_h=5,v,20260524-053913,absent,False,not_yet_detected,
114,annealing_T=75_h=5,v,20260524-053913,absent,False,never_detected_in_condition,
115,annealing_T=75_h=5,v,20260524-053913,absent,False,not_yet_detected,
116,annealing_T=75_h=5,v,20260524-053913,absent,False,not_yet_detected,
117,annealing_T=75_h=5,v,20260524-053913,absent,False,never_detected_in_condition,
118,annealing_T=75_h=5,v,20260524-053913,absent,False,not_yet_detected,
0,annealing_T=75_h=25,v,20260604-121216,present,True,present,0.0
1,annealing_T=75_h=25,v,20260604-121216,present,True,present,1.0
2,annealing_T=75_h=25,v,20260604-121216,present,True,present,2.0
3,annealing_T=75_h=25,v,20260604-121216,present,True,present,3.0
4,annealing_T=75_h=25,v,20260604-121216,present,True,present,4.0
5,annealing_T=75_h=25,v,20260604-121216,present,True,present,5.0
6,annealing_T=75_h=25,v,20260604-121216,present,True,present,6.0
7,annealing_T=75_h=25,v,20260604-121216,absent,False,disappeared,
8,annealing_T=75_h=25,v,20260604-121216,absent,False,absent,
9,annealing_T=75_h=25,v,20260604-121216,present,True,present,7.0
10,annealing_T=75_h=25,v,20260604-121216,present,True,present,8.0
11,annealing_T=75_h=25,v,20260604-121216,present,True,present,9.0
12,annealing_T=75_h=25,v,20260604-121216,present,True,present,10.0
13,annealing_T=75_h=25,v,20260604-121216,present,True,present,11.0
14,annealing_T=75_h=25,v,20260604-121216,present,True,reappeared,12.0
15,annealing_T=75_h=25,v,20260604-121216,present,True,present,13.0
16,annealing_T=75_h=25,v,20260604-121216,present,True,reappeared,14.0
17,annealing_T=75_h=25,v,20260604-121216,present,True,present,15.0
18,annealing_T=75_h=25,v,20260604-121216,present,True,present,16.0
19,annealing_T=75_h=25,v,20260604-121216,present,True,present,17.0
20,annealing_T=75_h=25,v,20260604-121216,present,True,present,20.0
21,annealing_T=75_h=25,v,20260604-121216,present,True,present,21.0
22,annealing_T=75_h=25,v,20260604-121216,present,True,present,22.0
23,annealing_T=75_h=25,v,20260604-121216,present,True,present,23.0
24,annealing_T=75_h=25,v,20260604-121216,absent,False,disappeared,
25,annealing_T=75_h=25,v,20260604-121216,present,True,present,25.0
26,annealing_T=75_h=25,v,20260604-121216,present,True,present,26.0
27,annealing_T=75_h=25,v,20260604-121216,present,True,present,27.0
28,annealing_T=75_h=25,v,20260604-121216,present,True,present,28.0
29,annealing_T=75_h=25,v,20260604-121216,present,True,present,29.0
30,annealing_T=75_h=25,v,20260604-121216,present,True,present,30.0
31,annealing_T=75_h=25,v,20260604-121216,present,True,present,31.0
32,annealing_T=75_h=25,v,20260604-121216,present,True,present,32.0
33,annealing_T=75_h=25,v,20260604-121216,present,True,present,34.0
34,annealing_T=75_h=25,v,20260604-121216,present,True,present,35.0
35,annealing_T=75_h=25,v,20260604-121216,absent,False,absent,
36,annealing_T=75_h=25,v,20260604-121216,present,True,present,37.0
37,annealing_T=75_h=25,v,20260604-121216,present,True,present,38.0
38,annealing_T=75_h=25,v,20260604-121216,present,True,present,40.0
39,annealing_T=75_h=25,v,20260604-121216,present,True,present,42.0
40,annealing_T=75_h=25,v,20260604-121216,present,True,present,43.0
41,annealing_T=75_h=25,v,20260604-121216,present,True,present,44.0
42,annealing_T=75_h=25,v,20260604-121216,present,True,present,45.0
43,annealing_T=75_h=25,v,20260604-121216,absent,False,disappeared,
44,annealing_T=75_h=25,v,20260604-121216,absent,False,disappeared,
45,annealing_T=75_h=25,v,20260604-121216,present,True,present,47.0
46,annealing_T=75_h=25,v,20260604-121216,present,True,present,48.0
47,annealing_T=75_h=25,v,20260604-121216,present,True,present,49.0
48,annealing_T=75_h=25,v,20260604-121216,present,True,present,50.0
49,annealing_T=75_h=25,v,20260604-121216,present,True,present,51.0
50,annealing_T=75_h=25,v,20260604-121216,present,True,present,53.0
51,annealing_T=75_h=25,v,20260604-121216,present,True,present,54.0
52,annealing_T=75_h=25,v,20260604-121216,present,True,present,55.0
53,annealing_T=75_h=25,v,20260604-121216,present,True,present,57.0
54,annealing_T=75_h=25,v,20260604-121216,present,True,reappeared,58.0
55,annealing_T=75_h=25,v,20260604-121216,present,True,present,59.0
56,annealing_T=75_h=25,v,20260604-121216,present,True,present,60.0
57,annealing_T=75_h=25,v,20260604-121216,absent,False,never_detected_in_condition,
58,annealing_T=75_h=25,v,20260604-121216,present,True,present,61.0
59,annealing_T=75_h=25,v,20260604-121216,present,True,present,62.0
60,annealing_T=75_h=25,v,20260604-121216,present,True,present,63.0
61,annealing_T=75_h=25,v,20260604-121216,present,True,present,64.0
62,annealing_T=75_h=25,v,20260604-121216,absent,False,absent,
63,annealing_T=75_h=25,v,20260604-121216,absent,False,absent,
64,annealing_T=75_h=25,v,20260604-121216,absent,False,absent,
65,annealing_T=75_h=25,v,20260604-121216,present,True,present,18.0
66,annealing_T=75_h=25,v,20260604-121216,present,True,present,19.0
67,annealing_T=75_h=25,v,20260604-121216,present,True,present,33.0
68,annealing_T=75_h=25,v,20260604-121216,present,True,reappeared,41.0
69,annealing_T=75_h=25,v,20260604-121216,present,True,present,56.0
70,annealing_T=75_h=25,v,20260604-121216,absent,False,disappeared,
71,annealing_T=75_h=25,v,20260604-121216,absent,False,disappeared,
72,annealing_T=75_h=25,v,20260604-121216,absent,False,never_detected_in_condition,
73,annealing_T=75_h=25,v,20260604-121216,absent,False,disappeared,
74,annealing_T=75_h=25,v,20260604-121216,present,True,appeared,24.0
75,annealing_T=75_h=25,v,20260604-121216,present,True,appeared,36.0
76,annealing_T=75_h=25,v,20260604-121216,present,True,appeared,39.0
77,annealing_T=75_h=25,v,20260604-121216,present,True,appeared,46.0
78,annealing_T=75_h=25,v,20260604-121216,present,True,appeared,52.0
79,annealing_T=75_h=25,v,20260604-121216,absent,False,never_detected_in_condition,
80,annealing_T=75_h=25,v,20260604-121216,absent,False,never_detected_in_condition,
81,annealing_T=75_h=25,v,20260604-121216,absent,False,never_detected_in_condition,
82,annealing_T=75_h=25,v,20260604-121216,absent,False,never_detected_in_condition,
83,annealing_T=75_h=25,v,20260604-121216,absent,False,not_yet_detected,
84,annealing_T=75_h=25,v,20260604-121216,absent,False,not_yet_detected,
85,annealing_T=75_h=25,v,20260604-121216,absent,False,not_yet_detected,
86,annealing_T=75_h=25,v,20260604-121216,absent,False,never_detected_in_condition,
87,annealing_T=75_h=25,v,20260604-121216,absent,False,not_yet_detected,
88,annealing_T=75_h=25,v,20260604-121216,absent,False,not_yet_detected,
89,annealing_T=75_h=25,v,20260604-121216,absent,False,not_yet_detected,
90,annealing_T=75_h=25,v,20260604-121216,absent,False,not_yet_detected,
91,annealing_T=75_h=25,v,20260604-121216,absent,False,not_yet_detected,
92,annealing_T=75_h=25,v,20260604-121216,absent,False,not_yet_detected,
93,annealing_T=75_h=25,v,20260604-121216,absent,False,never_detected_in_condition,
94,annealing_T=75_h=25,v,20260604-121216,absent,False,not_yet_detected,
95,annealing_T=75_h=25,v,20260604-121216,absent,False,not_yet_detected,
96,annealing_T=75_h=25,v,20260604-121216,absent,False,not_yet_detected,
97,annealing_T=75_h=25,v,20260604-121216,absent,False,not_yet_detected,
98,annealing_T=75_h=25,v,20260604-121216,absent,False,not_yet_detected,
99,annealing_T=75_h=25,v,20260604-121216,absent,False,not_yet_detected,
100,annealing_T=75_h=25,v,20260604-121216,absent,False,not_yet_detected,
101,annealing_T=75_h=25,v,20260604-121216,absent,False,not_yet_detected,
102,annealing_T=75_h=25,v,20260604-121216,absent,False,not_yet_detected,
103,annealing_T=75_h=25,v,20260604-121216,absent,False,not_yet_detected,
104,annealing_T=75_h=25,v,20260604-121216,absent,False,not_yet_detected,
105,annealing_T=75_h=25,v,20260604-121216,absent,False,not_yet_detected,
106,annealing_T=75_h=25,v,20260604-121216,absent,False,not_yet_detected,
107,annealing_T=75_h=25,v,20260604-121216,absent,False,not_yet_detected,
108,annealing_T=75_h=25,v,20260604-121216,absent,False,not_yet_detected,
109,annealing_T=75_h=25,v,20260604-121216,absent,False,not_yet_detected,
110,annealing_T=75_h=25,v,20260604-121216,absent,False,not_yet_detected,
111,annealing_T=75_h=25,v,20260604-121216,absent,False,never_detected_in_condition,
112,annealing_T=75_h=25,v,20260604-121216,absent,False,never_detected_in_condition,
113,annealing_T=75_h=25,v,20260604-121216,absent,False,not_yet_detected,
114,annealing_T=75_h=25,v,20260604-121216,absent,False,never_detected_in_condition,
115,annealing_T=75_h=25,v,20260604-121216,absent,False,not_yet_detected,
116,annealing_T=75_h=25,v,20260604-121216,absent,False,not_yet_detected,
117,annealing_T=75_h=25,v,20260604-121216,absent,False,never_detected_in_condition,
118,annealing_T=75_h=25,v,20260604-121216,absent,False,not_yet_detected,
0,annealing_T=125_h=5,v,20260726-091723,present,True,present,0.0
1,annealing_T=125_h=5,v,20260726-091723,present,True,present,1.0
2,annealing_T=125_h=5,v,20260726-091723,absent,False,disappeared,
3,annealing_T=125_h=5,v,20260726-091723,absent,False,disappeared,
4,annealing_T=125_h=5,v,20260726-091723,absent,False,disappeared,
5,annealing_T=125_h=5,v,20260726-091723,present,True,present,3.0
6,annealing_T=125_h=5,v,20260726-091723,present,True,present,4.0
7,annealing_T=125_h=5,v,20260726-091723,absent,False,absent,
8,annealing_T=125_h=5,v,20260726-091723,absent,False,absent,
9,annealing_T=125_h=5,v,20260726-091723,present,True,present,6.0
10,annealing_T=125_h=5,v,20260726-091723,present,True,present,7.0
11,annealing_T=125_h=5,v,20260726-091723,present,True,present,8.0
12,annealing_T=125_h=5,v,20260726-091723,present,True,present,9.0
13,annealing_T=125_h=5,v,20260726-091723,absent,False,disappeared,
14,annealing_T=125_h=5,v,20260726-091723,present,True,present,11.0
15,annealing_T=125_h=5,v,20260726-091723,present,True,present,12.0
16,annealing_T=125_h=5,v,20260726-091723,present,True,present,14.0
17,annealing_T=125_h=5,v,20260726-091723,present,True,present,15.0
18,annealing_T=125_h=5,v,20260726-091723,present,True,present,16.0
19,annealing_T=125_h=5,v,20260726-091723,absent,False,disappeared,
20,annealing_T=125_h=5,v,20260726-091723,absent,False,disappeared,
21,annealing_T=125_h=5,v,20260726-091723,present,True,present,20.0
22,annealing_T=125_h=5,v,20260726-091723,present,True,present,21.0
23,annealing_T=125_h=5,v,20260726-091723,present,True,present,22.0
24,annealing_T=125_h=5,v,20260726-091723,absent,False,absent,
25,annealing_T=125_h=5,v,20260726-091723,present,True,present,28.0
26,annealing_T=125_h=5,v,20260726-091723,present,True,present,29.0
27,annealing_T=125_h=5,v,20260726-091723,present,True,present,30.0
28,annealing_T=125_h=5,v,20260726-091723,present,True,present,31.0
29,annealing_T=125_h=5,v,20260726-091723,present,True,present,32.0
30,annealing_T=125_h=5,v,20260726-091723,present,True,present,34.0
31,annealing_T=125_h=5,v,20260726-091723,present,True,present,35.0
32,annealing_T=125_h=5,v,20260726-091723,absent,False,disappeared,
33,annealing_T=125_h=5,v,20260726-091723,absent,False,disappeared,
34,annealing_T=125_h=5,v,20260726-091723,present,True,present,36.0
35,annealing_T=125_h=5,v,20260726-091723,absent,False,absent,
36,annealing_T=125_h=5,v,20260726-091723,present,True,present,38.0
37,annealing_T=125_h=5,v,20260726-091723,present,True,present,39.0
38,annealing_T=125_h=5,v,20260726-091723,present,True,present,40.0
39,annealing_T=125_h=5,v,20260726-091723,absent,False,disappeared,
40,annealing_T=125_h=5,v,20260726-091723,present,True,present,42.0
41,annealing_T=125_h=5,v,20260726-091723,absent,False,disappeared,
42,annealing_T=125_h=5,v,20260726-091723,present,True,present,43.0
43,annealing_T=125_h=5,v,20260726-091723,absent,False,absent,
44,annealing_T=125_h=5,v,20260726-091723,absent,False,absent,
45,annealing_T=125_h=5,v,20260726-091723,present,True,present,44.0
46,annealing_T=125_h=5,v,20260726-091723,present,True,present,47.0
47,annealing_T=125_h=5,v,20260726-091723,absent,False,disappeared,
48,annealing_T=125_h=5,v,20260726-091723,present,True,present,49.0
49,annealing_T=125_h=5,v,20260726-091723,absent,False,disappeared,
50,annealing_T=125_h=5,v,20260726-091723,absent,False,disappeared,
51,annealing_T=125_h=5,v,20260726-091723,present,True,present,51.0
52,annealing_T=125_h=5,v,20260726-091723,absent,False,disappeared,
53,annealing_T=125_h=5,v,20260726-091723,present,True,present,52.0
54,annealing_T=125_h=5,v,20260726-091723,absent,False,disappeared,
55,annealing_T=125_h=5,v,20260726-091723,absent,False,disappeared,
56,annealing_T=125_h=5,v,20260726-091723,absent,False,disappeared,
57,annealing_T=125_h=5,v,20260726-091723,absent,False,never_detected_in_condition,
58,annealing_T=125_h=5,v,20260726-091723,present,True,present,54.0
59,annealing_T=125_h=5,v,20260726-091723,absent,False,disappeared,
60,annealing_T=125_h=5,v,20260726-091723,present,True,present,56.0
61,annealing_T=125_h=5,v,20260726-091723,present,True,present,57.0
62,annealing_T=125_h=5,v,20260726-091723,absent,False,absent,
63,annealing_T=125_h=5,v,20260726-091723,present,True,reappeared,13.0
64,annealing_T=125_h=5,v,20260726-091723,absent,False,absent,
65,annealing_T=125_h=5,v,20260726-091723,present,True,present,17.0
66,annealing_T=125_h=5,v,20260726-091723,absent,False,disappeared,
67,annealing_T=125_h=5,v,20260726-091723,absent,False,disappeared,
68,annealing_T=125_h=5,v,20260726-091723,present,True,present,41.0
69,annealing_T=125_h=5,v,20260726-091723,absent,False,disappeared,
70,annealing_T=125_h=5,v,20260726-091723,absent,False,absent,
71,annealing_T=125_h=5,v,20260726-091723,absent,False,absent,
72,annealing_T=125_h=5,v,20260726-091723,absent,False,never_detected_in_condition,
73,annealing_T=125_h=5,v,20260726-091723,absent,False,absent,
74,annealing_T=125_h=5,v,20260726-091723,present,True,present,26.0
75,annealing_T=125_h=5,v,20260726-091723,absent,False,disappeared,
76,annealing_T=125_h=5,v,20260726-091723,absent,False,disappeared,
77,annealing_T=125_h=5,v,20260726-091723,absent,False,disappeared,
78,annealing_T=125_h=5,v,20260726-091723,present,True,present,50.0
79,annealing_T=125_h=5,v,20260726-091723,absent,False,never_detected_in_condition,
80,annealing_T=125_h=5,v,20260726-091723,absent,False,never_detected_in_condition,
81,annealing_T=125_h=5,v,20260726-091723,absent,False,never_detected_in_condition,
82,annealing_T=125_h=5,v,20260726-091723,absent,False,never_detected_in_condition,
83,annealing_T=125_h=5,v,20260726-091723,present,True,appeared,46.0
84,annealing_T=125_h=5,v,20260726-091723,present,True,appeared,53.0
85,annealing_T=125_h=5,v,20260726-091723,present,True,appeared,2.0
86,annealing_T=125_h=5,v,20260726-091723,absent,False,never_detected_in_condition,
87,annealing_T=125_h=5,v,20260726-091723,present,True,appeared,5.0
88,annealing_T=125_h=5,v,20260726-091723,present,True,appeared,10.0
89,annealing_T=125_h=5,v,20260726-091723,present,True,appeared,18.0
90,annealing_T=125_h=5,v,20260726-091723,present,True,appeared,23.0
91,annealing_T=125_h=5,v,20260726-091723,present,True,appeared,25.0
92,annealing_T=125_h=5,v,20260726-091723,present,True,appeared,37.0
93,annealing_T=125_h=5,v,20260726-091723,absent,False,never_detected_in_condition,
94,annealing_T=125_h=5,v,20260726-091723,present,True,appeared,48.0
95,annealing_T=125_h=5,v,20260726-091723,present,True,appeared,19.0
96,annealing_T=125_h=5,v,20260726-091723,present,True,appeared,24.0
97,annealing_T=125_h=5,v,20260726-091723,present,True,appeared,27.0
98,annealing_T=125_h=5,v,20260726-091723,present,True,appeared,33.0
99,annealing_T=125_h=5,v,20260726-091723,present,True,appeared,45.0
100,annealing_T=125_h=5,v,20260726-091723,absent,False,not_yet_detected,
101,annealing_T=125_h=5,v,20260726-091723,absent,False,not_yet_detected,
102,annealing_T=125_h=5,v,20260726-091723,present,True,appeared,55.0
103,annealing_T=125_h=5,v,20260726-091723,absent,False,not_yet_detected,
104,annealing_T=125_h=5,v,20260726-091723,absent,False,not_yet_detected,
105,annealing_T=125_h=5,v,20260726-091723,absent,False,not_yet_detected,
106,annealing_T=125_h=5,v,20260726-091723,absent,False,not_yet_detected,
107,annealing_T=125_h=5,v,20260726-091723,absent,False,not_yet_detected,
108,annealing_T=125_h=5,v,20260726-091723,absent,False,not_yet_detected,
109,annealing_T=125_h=5,v,20260726-091723,absent,False,not_yet_detected,
110,annealing_T=125_h=5,v,20260726-091723,absent,False,not_yet_detected,
111,annealing_T=125_h=5,v,20260726-091723,absent,False,never_detected_in_condition,
112,annealing_T=125_h=5,v,20260726-091723,absent,False,never_detected_in_condition,
113,annealing_T=125_h=5,v,20260726-091723,absent,False,not_yet_detected,
114,annealing_T=125_h=5,v,20260726-091723,absent,False,never_detected_in_condition,
115,annealing_T=125_h=5,v,20260726-091723,absent,False,not_yet_detected,
116,annealing_T=125_h=5,v,20260726-091723,absent,False,not_yet_detected,
117,annealing_T=125_h=5,v,20260726-091723,absent,False,never_detected_in_condition,
118,annealing_T=125_h=5,v,20260726-091723,absent,False,not_yet_detected,
0,annealing_T=125_h=25,v,20260903-002446,present,True,present,0.0
1,annealing_T=125_h=25,v,20260903-002446,absent,False,disappeared,
2,annealing_T=125_h=25,v,20260903-002446,absent,False,absent,
3,annealing_T=125_h=25,v,20260903-002446,absent,False,absent,
4,annealing_T=125_h=25,v,20260903-002446,absent,False,absent,
5,annealing_T=125_h=25,v,20260903-002446,present,True,present,3.0
6,annealing_T=125_h=25,v,20260903-002446,present,True,present,4.0
7,annealing_T=125_h=25,v,20260903-002446,present,True,reappeared,6.0
8,annealing_T=125_h=25,v,20260903-002446,absent,False,absent,
9,annealing_T=125_h=25,v,20260903-002446,present,True,present,7.0
10,annealing_T=125_h=25,v,20260903-002446,present,True,present,8.0
11,annealing_T=125_h=25,v,20260903-002446,present,True,present,9.0
12,annealing_T=125_h=25,v,20260903-002446,present,True,present,10.0
13,annealing_T=125_h=25,v,20260903-002446,absent,False,absent,
14,annealing_T=125_h=25,v,20260903-002446,present,True,present,11.0
15,annealing_T=125_h=25,v,20260903-002446,present,True,present,12.0
16,annealing_T=125_h=25,v,20260903-002446,present,True,present,14.0
17,annealing_T=125_h=25,v,20260903-002446,absent,False,disappeared,
18,annealing_T=125_h=25,v,20260903-002446,present,True,present,15.0
19,annealing_T=125_h=25,v,20260903-002446,absent,False,absent,
20,annealing_T=125_h=25,v,20260903-002446,absent,False,absent,
21,annealing_T=125_h=25,v,20260903-002446,present,True,present,20.0
22,annealing_T=125_h=25,v,20260903-002446,absent,False,disappeared,
23,annealing_T=125_h=25,v,20260903-002446,present,True,present,21.0
24,annealing_T=125_h=25,v,20260903-002446,absent,False,absent,
25,annealing_T=125_h=25,v,20260903-002446,absent,False,disappeared,
26,annealing_T=125_h=25,v,20260903-002446,present,True,present,23.0
27,annealing_T=125_h=25,v,20260903-002446,absent,False,disappeared,
28,annealing_T=125_h=25,v,20260903-002446,absent,False,disappeared,
29,annealing_T=125_h=25,v,20260903-002446,present,True,present,24.0
30,annealing_T=125_h=25,v,20260903-002446,present,True,present,26.0
31,annealing_T=125_h=25,v,20260903-002446,present,True,present,27.0
32,annealing_T=125_h=25,v,20260903-002446,absent,False,absent,
33,annealing_T=125_h=25,v,20260903-002446,present,True,reappeared,28.0
34,annealing_T=125_h=25,v,20260903-002446,present,True,present,29.0
35,annealing_T=125_h=25,v,20260903-002446,absent,False,absent,
36,annealing_T=125_h=25,v,20260903-002446,present,True,present,31.0
37,annealing_T=125_h=25,v,20260903-002446,absent,False,disappeared,
38,annealing_T=125_h=25,v,20260903-002446,absent,False,disappeared,
39,annealing_T=125_h=25,v,20260903-002446,absent,False,absent,
40,annealing_T=125_h=25,v,20260903-002446,present,True,present,33.0
41,annealing_T=125_h=25,v,20260903-002446,absent,False,absent,
42,annealing_T=125_h=25,v,20260903-002446,present,True,present,35.0
43,annealing_T=125_h=25,v,20260903-002446,absent,False,absent,
44,annealing_T=125_h=25,v,20260903-002446,absent,False,absent,
45,annealing_T=125_h=25,v,20260903-002446,present,True,present,37.0
46,annealing_T=125_h=25,v,20260903-002446,absent,False,disappeared,
47,annealing_T=125_h=25,v,20260903-002446,absent,False,absent,
48,annealing_T=125_h=25,v,20260903-002446,absent,False,disappeared,
49,annealing_T=125_h=25,v,20260903-002446,absent,False,absent,
50,annealing_T=125_h=25,v,20260903-002446,absent,False,absent,
51,annealing_T=125_h=25,v,20260903-002446,present,True,present,42.0
52,annealing_T=125_h=25,v,20260903-002446,present,True,reappeared,45.0
53,annealing_T=125_h=25,v,20260903-002446,present,True,present,46.0
54,annealing_T=125_h=25,v,20260903-002446,absent,False,absent,
55,annealing_T=125_h=25,v,20260903-002446,absent,False,absent,
56,annealing_T=125_h=25,v,20260903-002446,absent,False,absent,
57,annealing_T=125_h=25,v,20260903-002446,absent,False,never_detected_in_condition,
58,annealing_T=125_h=25,v,20260903-002446,absent,False,disappeared,
59,annealing_T=125_h=25,v,20260903-002446,absent,False,absent,
60,annealing_T=125_h=25,v,20260903-002446,present,True,present,50.0
61,annealing_T=125_h=25,v,20260903-002446,present,True,present,51.0
62,annealing_T=125_h=25,v,20260903-002446,absent,False,absent,
63,annealing_T=125_h=25,v,20260903-002446,absent,False,disappeared,
64,annealing_T=125_h=25,v,20260903-002446,absent,False,absent,
65,annealing_T=125_h=25,v,20260903-002446,present,True,present,17.0
66,annealing_T=125_h=25,v,20260903-002446,absent,False,absent,
67,annealing_T=125_h=25,v,20260903-002446,absent,False,absent,
68,annealing_T=125_h=25,v,20260903-002446,present,True,present,32.0
69,annealing_T=125_h=25,v,20260903-002446,absent,False,absent,
70,annealing_T=125_h=25,v,20260903-002446,present,True,reappeared,1.0
71,annealing_T=125_h=25,v,20260903-002446,absent,False,absent,
72,annealing_T=125_h=25,v,20260903-002446,absent,False,never_detected_in_condition,
73,annealing_T=125_h=25,v,20260903-002446,absent,False,absent,
74,annealing_T=125_h=25,v,20260903-002446,present,True,present,22.0
75,annealing_T=125_h=25,v,20260903-002446,absent,False,absent,
76,annealing_T=125_h=25,v,20260903-002446,absent,False,absent,
77,annealing_T=125_h=25,v,20260903-002446,absent,False,absent,
78,annealing_T=125_h=25,v,20260903-002446,present,True,present,40.0
79,annealing_T=125_h=25,v,20260903-002446,absent,False,never_detected_in_condition,
80,annealing_T=125_h=25,v,20260903-002446,absent,False,never_detected_in_condition,
81,annealing_T=125_h=25,v,20260903-002446,absent,False,never_detected_in_condition,
82,annealing_T=125_h=25,v,20260903-002446,absent,False,never_detected_in_condition,
83,annealing_T=125_h=25,v,20260903-002446,present,True,present,38.0
84,annealing_T=125_h=25,v,20260903-002446,present,True,present,48.0
85,annealing_T=125_h=25,v,20260903-002446,present,True,present,2.0
86,annealing_T=125_h=25,v,20260903-002446,absent,False,never_detected_in_condition,
87,annealing_T=125_h=25,v,20260903-002446,present,True,present,5.0
88,annealing_T=125_h=25,v,20260903-002446,absent,False,disappeared,
89,annealing_T=125_h=25,v,20260903-002446,present,True,present,19.0
90,annealing_T=125_h=25,v,20260903-002446,absent,False,disappeared,
91,annealing_T=125_h=25,v,20260903-002446,absent,False,disappeared,
92,annealing_T=125_h=25,v,20260903-002446,present,True,present,30.0
93,annealing_T=125_h=25,v,20260903-002446,absent,False,never_detected_in_condition,
94,annealing_T=125_h=25,v,20260903-002446,present,True,present,39.0
95,annealing_T=125_h=25,v,20260903-002446,absent,False,disappeared,
96,annealing_T=125_h=25,v,20260903-002446,absent,False,disappeared,
97,annealing_T=125_h=25,v,20260903-002446,absent,False,disappeared,
98,annealing_T=125_h=25,v,20260903-002446,present,True,present,25.0
99,annealing_T=125_h=25,v,20260903-002446,absent,False,disappeared,
100,annealing_T=125_h=25,v,20260903-002446,present,True,appeared,41.0
101,annealing_T=125_h=25,v,20260903-002446,present,True,appeared,43.0
102,annealing_T=125_h=25,v,20260903-002446,present,True,present,49.0
103,annealing_T=125_h=25,v,20260903-002446,present,True,appeared,13.0
104,annealing_T=125_h=25,v,20260903-002446,present,True,appeared,18.0
105,annealing_T=125_h=25,v,20260903-002446,present,True,appeared,34.0
106,annealing_T=125_h=25,v,20260903-002446,present,True,appeared,36.0
107,annealing_T=125_h=25,v,20260903-002446,present,True,appeared,44.0
108,annealing_T=125_h=25,v,20260903-002446,present,True,appeared,47.0
109,annealing_T=125_h=25,v,20260903-002446,present,True,appeared,16.0
110,annealing_T=125_h=25,v,20260903-002446,absent,False,not_yet_detected,
111,annealing_T=125_h=25,v,20260903-002446,absent,False,never_detected_in_condition,
112,annealing_T=125_h=25,v,20260903-002446,absent,False,never_detected_in_condition,
113,annealing_T=125_h=25,v,20260903-002446,absent,False,not_yet_detected,
114,annealing_T=125_h=25,v,20260903-002446,absent,False,never_detected_in_condition,
115,annealing_T=125_h=25,v,20260903-002446,absent,False,not_yet_detected,
116,annealing_T=125_h=25,v,20260903-002446,absent,False,not_yet_detected,
117,annealing_T=125_h=25,v,20260903-002446,absent,False,never_detected_in_condition,
118,annealing_T=125_h=25,v,20260903-002446,absent,False,not_yet_detected,
0,annealing_T=150_h=5,v,20260913-001359,present,True,present,0.0
1,annealing_T=150_h=5,v,20260913-001359,absent,False,absent,
2,annealing_T=150_h=5,v,20260913-001359,absent,False,absent,
3,annealing_T=150_h=5,v,20260913-001359,absent,False,absent,
4,annealing_T=150_h=5,v,20260913-001359,absent,False,absent,
5,annealing_T=150_h=5,v,20260913-001359,absent,False,disappeared,
6,annealing_T=150_h=5,v,20260913-001359,absent,False,disappeared,
7,annealing_T=150_h=5,v,20260913-001359,absent,False,disappeared,
8,annealing_T=150_h=5,v,20260913-001359,absent,False,absent,
9,annealing_T=150_h=5,v,20260913-001359,present,True,present,3.0
10,annealing_T=150_h=5,v,20260913-001359,absent,False,disappeared,
11,annealing_T=150_h=5,v,20260913-001359,present,True,present,4.0
12,annealing_T=150_h=5,v,20260913-001359,present,True,present,5.0
13,annealing_T=150_h=5,v,20260913-001359,absent,False,absent,
14,annealing_T=150_h=5,v,20260913-001359,present,True,present,6.0
15,annealing_T=150_h=5,v,20260913-001359,absent,False,disappeared,
16,annealing_T=150_h=5,v,20260913-001359,present,True,present,8.0
17,annealing_T=150_h=5,v,20260913-001359,absent,False,absent,
18,annealing_T=150_h=5,v,20260913-001359,present,True,present,9.0
19,annealing_T=150_h=5,v,20260913-001359,absent,False,absent,
20,annealing_T=150_h=5,v,20260913-001359,absent,False,absent,
21,annealing_T=150_h=5,v,20260913-001359,present,True,present,14.0
22,annealing_T=150_h=5,v,20260913-001359,absent,False,absent,
23,annealing_T=150_h=5,v,20260913-001359,present,True,present,15.0
24,annealing_T=150_h=5,v,20260913-001359,absent,False,absent,
25,annealing_T=150_h=5,v,20260913-001359,absent,False,absent,
26,annealing_T=150_h=5,v,20260913-001359,present,True,present,20.0
27,annealing_T=150_h=5,v,20260913-001359,present,True,reappeared,21.0
28,annealing_T=150_h=5,v,20260913-001359,absent,False,absent,
29,annealing_T=150_h=5,v,20260913-001359,present,True,present,22.0
30,annealing_T=150_h=5,v,20260913-001359,present,True,present,24.0
31,annealing_T=150_h=5,v,20260913-001359,present,True,present,25.0
32,annealing_T=150_h=5,v,20260913-001359,absent,False,absent,
33,annealing_T=150_h=5,v,20260913-001359,present,True,present,26.0
34,annealing_T=150_h=5,v,20260913-001359,present,True,present,27.0
35,annealing_T=150_h=5,v,20260913-001359,absent,False,absent,
36,annealing_T=150_h=5,v,20260913-001359,absent,False,disappeared,
37,annealing_T=150_h=5,v,20260913-001359,absent,False,absent,
38,annealing_T=150_h=5,v,20260913-001359,absent,False,absent,
39,annealing_T=150_h=5,v,20260913-001359,absent,False,absent,
40,annealing_T=150_h=5,v,20260913-001359,absent,False,disappeared,
41,annealing_T=150_h=5,v,20260913-001359,absent,False,absent,
42,annealing_T=150_h=5,v,20260913-001359,absent,False,disappeared,
43,annealing_T=150_h=5,v,20260913-001359,absent,False,absent,
44,annealing_T=150_h=5,v,20260913-001359,absent,False,absent,
45,annealing_T=150_h=5,v,20260913-001359,present,True,present,31.0
46,annealing_T=150_h=5,v,20260913-001359,absent,False,absent,
47,annealing_T=150_h=5,v,20260913-001359,absent,False,absent,
48,annealing_T=150_h=5,v,20260913-001359,absent,False,absent,
49,annealing_T=150_h=5,v,20260913-001359,absent,False,absent,
50,annealing_T=150_h=5,v,20260913-001359,absent,False,absent,
51,annealing_T=150_h=5,v,20260913-001359,absent,False,disappeared,
52,annealing_T=150_h=5,v,20260913-001359,absent,False,disappeared,
53,annealing_T=150_h=5,v,20260913-001359,present,True,present,39.0
54,annealing_T=150_h=5,v,20260913-001359,absent,False,absent,
55,annealing_T=150_h=5,v,20260913-001359,absent,False,absent,
56,annealing_T=150_h=5,v,20260913-001359,absent,False,absent,
57,annealing_T=150_h=5,v,20260913-001359,absent,False,never_detected_in_condition,
58,annealing_T=150_h=5,v,20260913-001359,absent,False,absent,
59,annealing_T=150_h=5,v,20260913-001359,absent,False,absent,
60,annealing_T=150_h=5,v,20260913-001359,present,True,present,41.0
61,annealing_T=150_h=5,v,20260913-001359,present,True,present,42.0
62,annealing_T=150_h=5,v,20260913-001359,absent,False,absent,
63,annealing_T=150_h=5,v,20260913-001359,present,True,reappeared,7.0
64,annealing_T=150_h=5,v,20260913-001359,absent,False,absent,
65,annealing_T=150_h=5,v,20260913-001359,present,True,present,10.0
66,annealing_T=150_h=5,v,20260913-001359,absent,False,absent,
67,annealing_T=150_h=5,v,20260913-001359,absent,False,absent,
68,annealing_T=150_h=5,v,20260913-001359,absent,False,disappeared,
69,annealing_T=150_h=5,v,20260913-001359,absent,False,absent,
70,annealing_T=150_h=5,v,20260913-001359,absent,False,disappeared,
71,annealing_T=150_h=5,v,20260913-001359,absent,False,absent,
72,annealing_T=150_h=5,v,20260913-001359,absent,False,never_detected_in_condition,
73,annealing_T=150_h=5,v,20260913-001359,absent,False,absent,
74,annealing_T=150_h=5,v,20260913-001359,present,True,present,18.0
75,annealing_T=150_h=5,v,20260913-001359,absent,False,absent,
76,annealing_T=150_h=5,v,20260913-001359,absent,False,absent,
77,annealing_T=150_h=5,v,20260913-001359,absent,False,absent,
78,annealing_T=150_h=5,v,20260913-001359,present,True,present,34.0
79,annealing_T=150_h=5,v,20260913-001359,absent,False,never_detected_in_condition,
80,annealing_T=150_h=5,v,20260913-001359,absent,False,never_detected_in_condition,
81,annealing_T=150_h=5,v,20260913-001359,absent,False,never_detected_in_condition,
82,annealing_T=150_h=5,v,20260913-001359,absent,False,never_detected_in_condition,
83,annealing_T=150_h=5,v,20260913-001359,present,True,present,32.0
84,annealing_T=150_h=5,v,20260913-001359,absent,False,disappeared,
85,annealing_T=150_h=5,v,20260913-001359,present,True,present,1.0
86,annealing_T=150_h=5,v,20260913-001359,absent,False,never_detected_in_condition,
87,annealing_T=150_h=5,v,20260913-001359,present,True,present,2.0
88,annealing_T=150_h=5,v,20260913-001359,absent,False,absent,
89,annealing_T=150_h=5,v,20260913-001359,present,True,present,12.0
90,annealing_T=150_h=5,v,20260913-001359,present,True,reappeared,16.0
91,annealing_T=150_h=5,v,20260913-001359,present,True,reappeared,17.0
92,annealing_T=150_h=5,v,20260913-001359,present,True,present,28.0
93,annealing_T=150_h=5,v,20260913-001359,absent,False,never_detected_in_condition,
94,annealing_T=150_h=5,v,20260913-001359,present,True,present,33.0
95,annealing_T=150_h=5,v,20260913-001359,absent,False,absent,
96,annealing_T=150_h=5,v,20260913-001359,absent,False,absent,
97,annealing_T=150_h=5,v,20260913-001359,absent,False,absent,
98,annealing_T=150_h=5,v,20260913-001359,present,True,present,23.0
99,annealing_T=150_h=5,v,20260913-001359,absent,False,absent,
100,annealing_T=150_h=5,v,20260913-001359,present,True,present,35.0
101,annealing_T=150_h=5,v,20260913-001359,present,True,present,37.0
102,annealing_T=150_h=5,v,20260913-001359,absent,False,disappeared,
103,annealing_T=150_h=5,v,20260913-001359,absent,False,disappeared,
104,annealing_T=150_h=5,v,20260913-001359,absent,False,disappeared,
105,annealing_T=150_h=5,v,20260913-001359,present,True,present,29.0
106,annealing_T=150_h=5,v,20260913-001359,present,True,present,30.0
107,annealing_T=150_h=5,v,20260913-001359,present,True,present,38.0
108,annealing_T=150_h=5,v,20260913-001359,present,True,present,40.0
109,annealing_T=150_h=5,v,20260913-001359,absent,False,disappeared,
110,annealing_T=150_h=5,v,20260913-001359,present,True,appeared,13.0
111,annealing_T=150_h=5,v,20260913-001359,absent,False,never_detected_in_condition,
112,annealing_T=150_h=5,v,20260913-001359,absent,False,never_detected_in_condition,
113,annealing_T=150_h=5,v,20260913-001359,present,True,appeared,36.0
114,annealing_T=150_h=5,v,20260913-001359,absent,False,never_detected_in_condition,
115,annealing_T=150_h=5,v,20260913-001359,present,True,appeared,11.0
116,annealing_T=150_h=5,v,20260913-001359,present,True,appeared,19.0
117,annealing_T=150_h=5,v,20260913-001359,absent,False,never_detected_in_condition,
118,annealing_T=150_h=5,v,20260913-001359,absent,False,not_yet_detected,
0,annealing_T=150_h=25,v,20260919-235322,absent,False,disappeared,
1,annealing_T=150_h=25,v,20260919-235322,absent,False,absent,
2,annealing_T=150_h=25,v,20260919-235322,absent,False,absent,
3,annealing_T=150_h=25,v,20260919-235322,absent,False,absent,
4,annealing_T=150_h=25,v,20260919-235322,absent,False,absent,
5,annealing_T=150_h=25,v,20260919-235322,absent,False,absent,
6,annealing_T=150_h=25,v,20260919-235322,present,True,reappeared,1.0
7,annealing_T=150_h=25,v,20260919-235322,absent,False,absent,
8,annealing_T=150_h=25,v,20260919-235322,absent,False,absent,
9,annealing_T=150_h=25,v,20260919-235322,present,True,present,3.0
10,annealing_T=150_h=25,v,20260919-235322,absent,False,absent,
11,annealing_T=150_h=25,v,20260919-235322,present,True,present,4.0
12,annealing_T=150_h=25,v,20260919-235322,absent,False,disappeared,
13,annealing_T=150_h=25,v,20260919-235322,absent,False,absent,
14,annealing_T=150_h=25,v,20260919-235322,present,True,present,6.0
15,annealing_T=150_h=25,v,20260919-235322,absent,False,absent,
16,annealing_T=150_h=25,v,20260919-235322,absent,False,disappeared,
17,annealing_T=150_h=25,v,20260919-235322,absent,False,absent,
18,annealing_T=150_h=25,v,20260919-235322,present,True,present,8.0
19,annealing_T=150_h=25,v,20260919-235322,absent,False,absent,
20,annealing_T=150_h=25,v,20260919-235322,absent,False,absent,
21,annealing_T=150_h=25,v,20260919-235322,present,True,present,12.0
22,annealing_T=150_h=25,v,20260919-235322,absent,False,absent,
23,annealing_T=150_h=25,v,20260919-235322,present,True,present,13.0
24,annealing_T=150_h=25,v,20260919-235322,absent,False,absent,
25,annealing_T=150_h=25,v,20260919-235322,absent,False,absent,
26,annealing_T=150_h=25,v,20260919-235322,present,True,present,16.0
27,annealing_T=150_h=25,v,20260919-235322,absent,False,disappeared,
28,annealing_T=150_h=25,v,20260919-235322,absent,False,absent,
29,annealing_T=150_h=25,v,20260919-235322,present,True,present,17.0
30,annealing_T=150_h=25,v,20260919-235322,present,True,present,18.0
31,annealing_T=150_h=25,v,20260919-235322,present,True,present,19.0
32,annealing_T=150_h=25,v,20260919-235322,absent,False,absent,
33,annealing_T=150_h=25,v,20260919-235322,absent,False,disappeared,
34,annealing_T=150_h=25,v,20260919-235322,present,True,present,20.0
35,annealing_T=150_h=25,v,20260919-235322,absent,False,absent,
36,annealing_T=150_h=25,v,20260919-235322,present,True,reappeared,21.0
37,annealing_T=150_h=25,v,20260919-235322,absent,False,absent,
38,annealing_T=150_h=25,v,20260919-235322,absent,False,absent,
39,annealing_T=150_h=25,v,20260919-235322,absent,False,absent,
40,annealing_T=150_h=25,v,20260919-235322,absent,False,absent,
41,annealing_T=150_h=25,v,20260919-235322,absent,False,absent,
42,annealing_T=150_h=25,v,20260919-235322,absent,False,absent,
43,annealing_T=150_h=25,v,20260919-235322,absent,False,absent,
44,annealing_T=150_h=25,v,20260919-235322,absent,False,absent,
45,annealing_T=150_h=25,v,20260919-235322,absent,False,disappeared,
46,annealing_T=150_h=25,v,20260919-235322,absent,False,absent,
47,annealing_T=150_h=25,v,20260919-235322,absent,False,absent,
48,annealing_T=150_h=25,v,20260919-235322,absent,False,absent,
49,annealing_T=150_h=25,v,20260919-235322,absent,False,absent,
50,annealing_T=150_h=25,v,20260919-235322,absent,False,absent,
51,annealing_T=150_h=25,v,20260919-235322,absent,False,absent,
52,annealing_T=150_h=25,v,20260919-235322,absent,False,absent,
53,annealing_T=150_h=25,v,20260919-235322,present,True,present,31.0
54,annealing_T=150_h=25,v,20260919-235322,absent,False,absent,
55,annealing_T=150_h=25,v,20260919-235322,absent,False,absent,
56,annealing_T=150_h=25,v,20260919-235322,absent,False,absent,
57,annealing_T=150_h=25,v,20260919-235322,absent,False,never_detected_in_condition,
58,annealing_T=150_h=25,v,20260919-235322,absent,False,absent,
59,annealing_T=150_h=25,v,20260919-235322,absent,False,absent,
60,annealing_T=150_h=25,v,20260919-235322,present,True,present,32.0
61,annealing_T=150_h=25,v,20260919-235322,absent,False,disappeared,
62,annealing_T=150_h=25,v,20260919-235322,absent,False,absent,
63,annealing_T=150_h=25,v,20260919-235322,present,True,present,7.0
64,annealing_T=150_h=25,v,20260919-235322,absent,False,absent,
65,annealing_T=150_h=25,v,20260919-235322,present,True,present,9.0
66,annealing_T=150_h=25,v,20260919-235322,absent,False,absent,
67,annealing_T=150_h=25,v,20260919-235322,absent,False,absent,
68,annealing_T=150_h=25,v,20260919-235322,absent,False,absent,
69,annealing_T=150_h=25,v,20260919-235322,absent,False,absent,
70,annealing_T=150_h=25,v,20260919-235322,absent,False,absent,
71,annealing_T=150_h=25,v,20260919-235322,absent,False,absent,
72,annealing_T=150_h=25,v,20260919-235322,absent,False,never_detected_in_condition,
73,annealing_T=150_h=25,v,20260919-235322,absent,False,absent,
74,annealing_T=150_h=25,v,20260919-235322,present,True,present,15.0
75,annealing_T=150_h=25,v,20260919-235322,absent,False,absent,
76,annealing_T=150_h=25,v,20260919-235322,absent,False,absent,
77,annealing_T=150_h=25,v,20260919-235322,absent,False,absent,
78,annealing_T=150_h=25,v,20260919-235322,present,True,present,27.0
79,annealing_T=150_h=25,v,20260919-235322,absent,False,never_detected_in_condition,
80,annealing_T=150_h=25,v,20260919-235322,absent,False,never_detected_in_condition,
81,annealing_T=150_h=25,v,20260919-235322,absent,False,never_detected_in_condition,
82,annealing_T=150_h=25,v,20260919-235322,absent,False,never_detected_in_condition,
83,annealing_T=150_h=25,v,20260919-235322,present,True,present,24.0
84,annealing_T=150_h=25,v,20260919-235322,absent,False,absent,
85,annealing_T=150_h=25,v,20260919-235322,present,True,present,0.0
86,annealing_T=150_h=25,v,20260919-235322,absent,False,never_detected_in_condition,
87,annealing_T=150_h=25,v,20260919-235322,present,True,present,2.0
88,annealing_T=150_h=25,v,20260919-235322,present,True,reappeared,5.0
89,annealing_T=150_h=25,v,20260919-235322,present,True,present,10.0
90,annealing_T=150_h=25,v,20260919-235322,absent,False,disappeared,
91,annealing_T=150_h=25,v,20260919-235322,present,True,present,14.0
92,annealing_T=150_h=25,v,20260919-235322,absent,False,disappeared,
93,annealing_T=150_h=25,v,20260919-235322,absent,False,never_detected_in_condition,
94,annealing_T=150_h=25,v,20260919-235322,present,True,present,26.0
95,annealing_T=150_h=25,v,20260919-235322,absent,False,absent,
96,annealing_T=150_h=25,v,20260919-235322,absent,False,absent,
97,annealing_T=150_h=25,v,20260919-235322,absent,False,absent,
98,annealing_T=150_h=25,v,20260919-235322,absent,False,disappeared,
99,annealing_T=150_h=25,v,20260919-235322,absent,False,absent,
100,annealing_T=150_h=25,v,20260919-235322,present,True,present,28.0
101,annealing_T=150_h=25,v,20260919-235322,present,True,present,29.0
102,annealing_T=150_h=25,v,20260919-235322,absent,False,absent,
103,annealing_T=150_h=25,v,20260919-235322,absent,False,absent,
104,annealing_T=150_h=25,v,20260919-235322,absent,False,absent,
105,annealing_T=150_h=25,v,20260919-235322,present,True,present,22.0
106,annealing_T=150_h=25,v,20260919-235322,present,True,present,23.0
107,annealing_T=150_h=25,v,20260919-235322,present,True,present,30.0
108,annealing_T=150_h=25,v,20260919-235322,absent,False,disappeared,
109,annealing_T=150_h=25,v,20260919-235322,absent,False,absent,
110,annealing_T=150_h=25,v,20260919-235322,present,True,present,11.0
111,annealing_T=150_h=25,v,20260919-235322,absent,False,never_detected_in_condition,
112,annealing_T=150_h=25,v,20260919-235322,absent,False,never_detected_in_condition,
113,annealing_T=150_h=25,v,20260919-235322,absent,False,disappeared,
114,annealing_T=150_h=25,v,20260919-235322,absent,False,never_detected_in_condition,
115,annealing_T=150_h=25,v,20260919-235322,absent,False,disappeared,
116,annealing_T=150_h=25,v,20260919-235322,absent,False,disappeared,
117,annealing_T=150_h=25,v,20260919-235322,absent,False,never_detected_in_condition,
118,annealing_T=150_h=25,v,20260919-235322,present,True,appeared,25.0
