spot,phase,n_common_points,B_R20,Berr_R20,fit_status_R20,B_R16,Berr_R16,fit_status_R16,B_R24,Berr_R24,fit_status_R24,deltaB,converged_all
0,annealing_T=125_h=25,6,2.44159,0.0130334,0,2.45598,0.0109437,0,2.43608,0.0147511,0,0.0143911,1
3,annealing_T=125_h=25,6,2.41337,0.00401551,0,2.3833,0.00343084,0,2.4391,0.00462027,0,0.0300738,1
4,annealing_T=125_h=25,6,2.57672,0.17977,0,2.56775,0.147164,0,2.60714,0.22178,0,0.030421,1
6,annealing_T=125_h=25,6,1.9312,0.0619387,0,1.94305,0.0531589,0,2.01041,0.0722962,0,0.0792117,1
7,annealing_T=125_h=25,6,2.64428,0.0504326,0,2.58154,0.0407974,0,2.66438,0.0586459,0,0.0627461,1
10,annealing_T=125_h=25,6,1.27968,0.198479,0,1.34694,0.143794,0,1.02502,0.243502,0,0.254654,1
12,annealing_T=125_h=25,6,2.83668,0.423979,0,2.83682,0.344714,0,2.97035,0.589735,0,0.133671,1
14,annealing_T=125_h=25,6,2.09939,0.237118,0,1.87107,0.165489,0,1.99868,0.300116,0,0.228324,1
17,annealing_T=125_h=25,6,1.37236,0.115368,0,1.37899,0.0967897,0,1.43211,0.159895,0,0.0597507,1
18,annealing_T=125_h=25,6,2.39713,0.0278351,0,2.32297,0.0224605,0,2.4359,0.0323127,0,0.0741563,1
19,annealing_T=125_h=25,6,2.07607,0.307953,0,2.18122,0.248159,0,1.98209,0.368405,0,0.105149,1
22,annealing_T=125_h=25,6,1.65809,0.0758135,0,1.56271,0.0611817,0,1.65465,0.0904598,0,0.0953807,1
24,annealing_T=125_h=25,6,1.70896,0.255476,0,1.66511,0.185451,0,1.87567,0.30486,0,0.166717,1
27,annealing_T=125_h=25,6,8.30389,0.199347,1,7.48592,1.03751,0,8.44542,0.229428,1,nan,0
31,annealing_T=125_h=25,6,2.29427,0.227942,0,2.16332,0.202115,0,2.31143,0.252253,0,0.130947,1
32,annealing_T=125_h=25,6,1.84096,0.537834,0,1.63693,0.323688,0,1.20996,0.966953,0,0.631008,1
33,annealing_T=125_h=25,6,1.57703,0.0201369,0,1.54396,0.0122781,0,1.5927,0.0221002,0,0.0330637,1
37,annealing_T=125_h=25,6,1.89715,0.526623,0,1.5458,0.309661,0,1.80231,0.572405,0,0.351349,1
40,annealing_T=125_h=25,6,0.893047,0.34735,0,1.1964,0.33083,0,0.511444,0.34137,0,0.381603,1
42,annealing_T=125_h=25,6,2.20587,0.24433,0,2.10932,0.21265,0,2.30701,0.296324,0,0.101136,1
45,annealing_T=125_h=25,6,4.66765,0.412909,0,4.55051,0.320868,0,4.36343,0.386751,0,0.304214,1
46,annealing_T=125_h=25,6,3.09194,0.57394,0,2.85943,0.412851,0,3.09915,0.659367,0,0.23251,1
54,annealing_T=125_h=25,6,2.23199,0.0803742,0,2.18524,0.0651761,0,2.19869,0.0951517,0,0.046747,1
56,annealing_T=125_h=25,6,1.74065,0.194442,0,1.65858,0.155459,0,1.82564,0.254268,0,0.0849916,1
57,annealing_T=125_h=25,6,2.28495,0.0349209,0,2.26959,0.0286692,0,2.2975,0.0406731,0,0.0153599,1
59,annealing_T=125_h=25,6,1.61781,0.209663,0,1.74064,0.190274,0,1.44876,0.238676,0,0.169052,1
61,annealing_T=125_h=25,6,1.61141,0.406903,0,1.60537,0.34242,0,1.34122,0.436921,0,0.270185,1
62,annealing_T=125_h=25,6,2.03279,0.091479,0,1.98923,0.0741361,0,2.12266,0.108476,0,0.0898727,1
64,annealing_T=125_h=25,6,2.40684,0.138603,0,2.43748,0.113018,0,2.29872,0.159795,0,0.108119,1
65,annealing_T=125_h=25,6,2.18403,0.50981,0,2.0413,0.422994,0,2.65854,0.745154,0,0.474506,1
66,annealing_T=125_h=25,6,8.84466,0.318467,1,7.45712,1.1753,0,7.35476,2.18897,0,nan,0
67,annealing_T=125_h=25,6,2.35465,0.048502,0,2.31674,0.0401905,0,2.38988,0.0592569,0,0.0379087,1
70,annealing_T=125_h=25,6,2.08143,0.380004,0,1.89072,0.306315,0,2.17945,0.429574,0,0.190719,1
73,annealing_T=125_h=25,6,3.39126,0.0433789,0,3.37855,0.0369126,0,3.40295,0.0538183,0,0.0127031,1
75,annealing_T=125_h=25,6,1.67505,0.170274,0,1.66699,0.149286,0,1.58802,0.212512,0,0.0870321,1
77,annealing_T=125_h=25,6,2.43863,0.0356297,0,2.43595,0.029829,0,2.44564,0.041262,0,0.00701148,1
81,annealing_T=125_h=25,6,1.74615,0.549992,0,1.31317,0.316718,0,2.26934,0.942203,0,0.523181,1
82,annealing_T=125_h=25,6,1.70854,0.558755,0,1.38716,0.403448,0,2.02292,0.928979,0,0.321382,1
83,annealing_T=125_h=25,6,1.60706,0.0716432,0,1.61957,0.0586879,0,1.6505,0.087248,0,0.0434406,1
84,annealing_T=125_h=25,6,3.71189,1.20034,0,2.67061,0.617756,0,4.21165,2.05497,0,1.04128,1
