spot,n_common_points,B_R20,Berr_R20,fit_status_R20,B_R16,Berr_R16,fit_status_R16,B_R24,Berr_R24,fit_status_R24,deltaB,converged_all
0,4,2.46691,0.0536669,0,2.43307,0.0432588,0,2.48827,0.0643994,0,0.0338453,1
1,4,1.8206,0.0950996,0,1.73981,0.0763926,0,1.8764,0.110713,0,0.080793,1
2,4,2.35575,0.76429,0,2.22495,0.555613,0,2.31149,0.860874,0,0.130799,1
3,4,2.00971,0.181683,0,1.86635,0.151207,0,2.04943,0.218485,0,0.143368,1
4,4,2.03784,0.416958,0,2.02907,0.319147,0,2.01234,0.433372,0,0.0254998,1
5,4,3.50878,1.12509,0,3.01328,0.883613,0,3.20619,1.1002,0,0.4955,1
6,4,3.16136,0.97276,0,2.84349,0.722944,0,2.83057,1.03007,0,0.330791,1
7,4,3.68347,1.24149,0,3.44794,1.05632,0,3.6798,1.44684,0,0.235524,1
8,4,3.52896,0.292372,0,3.26147,0.237909,0,3.72925,0.359692,0,0.267491,1
9,4,2.82481,0.573461,0,2.56768,0.433134,0,2.80437,0.577891,0,0.25713,1
10,4,2.64898,0.442912,0,2.34708,0.35054,0,2.86441,0.537121,0,0.3019,1
11,4,3.72071,4.56909,0,2.06338,1.50012,0,6.01018,2.24983,1,nan,0
