spot,x,y,A,A_stat_error,B,B_stat_error,deltaB,chi2,ndf,chi2ndf,prob,fit_status,covmatrix_status,edm,converged
0,574.72,851.86,3.95898,0.42756,2.46691,0.0536669,0.0338453,28.178,2,14.089,7.60703e-07,0,3,2.83776e-09,1
1,501.82,811.35,5.85765,1.09917,1.8206,0.0950996,0.080793,0.213439,2,0.106719,0.898778,0,3,1.18015e-07,1
2,1141.03,646.67,0.313544,0.480429,2.35575,0.76429,0.130799,0.511636,2,0.255818,0.774283,0,3,1.29706e-08,1
3,369.75,505.83,2.22141,0.802194,2.00971,0.181683,0.143368,3.92704,2,1.96352,0.140363,0,3,1.43937e-06,1
4,1404.81,475.13,1.06298,0.878367,2.03784,0.416958,0.0254998,2.47877,2,1.23939,0.289562,0,3,7.79504e-06,1
5,297.82,457.45,0.0300266,0.0691402,3.50878,1.12509,0.4955,1.93982,2,0.969912,0.379116,0,3,5.12439e-06,1
6,1329.7,312.51,0.065052,0.128828,3.16136,0.97276,0.330791,0.250363,2,0.125181,0.882337,0,3,1.48133e-06,1
7,1498.26,261.71,0.0174285,0.0443104,3.68347,1.24149,0.235524,2.68921,2,1.34461,0.260642,0,3,8.90664e-06,1
8,1077.79,181.75,0.119088,0.0711679,3.52896,0.292372,0.267491,1.85482,2,0.927408,0.395578,0,3,4.5892e-07,1
9,1811.14,172.45,0.230386,0.267718,2.82481,0.573461,0.25713,2.91778,2,1.45889,0.232494,0,3,3.03699e-06,1
10,681.74,68.9,0.349006,0.312255,2.64898,0.442912,0.3019,1.5744,2,0.7872,0.455118,0,3,1.88049e-06,1
11,844.55,69.6,0.0105669,0.0988796,3.72071,4.56909,0,2.49082,2,1.24541,0.287823,0,3,1.47315e-06,1
