dataset_key,run_name,run_number,local_spot,spot,x_detected,y_detected,x_match,y_match,match_distance,match_type,candidate_count
T20,A1_T=20_run=20250826-221930,20250826-221930,0,0,574.72,851.86,575.719999973984,851.8599999463031,2.0826626885979196,matched,1
v7,A1_v=7_run=20250826-035836,20250826-035836,0,0,574.79,851.93,576.2208338437798,850.4614886826357,3.5681014950593757,matched,1
v9,A1_v=9_run=20250825-093810,20250825-093810,0,0,574.84,853.62,574.9974326546029,853.8132998063963,0.0,primary_reference,1
T20,A1_T=20_run=20250826-221930,20250826-221930,1,1,501.82,811.35,502.8199999660835,811.3500000106818,2.670845443094453,matched,1
v7,A1_v=7_run=20250826-035836,20250826-035836,1,1,502.17,811.51,503.5450632115111,810.1419362555077,4.061280515093946,matched,1
v9,A1_v=9_run=20250825-093810,20250825-093810,1,1,500.88,813.09,501.0170706285277,813.3204977104214,0.0,primary_reference,1
T20,A1_T=20_run=20250826-221930,20250826-221930,2,2,1141.03,646.67,1142.0300000884422,646.6699999872583,3.5882578432288637,matched,1
v7,A1_v=7_run=20250826-035836,20250826-035836,2,2,1141.2,646.8,1142.3467950024783,644.5487368545218,5.365737664892513,matched,1
v9,A1_v=9_run=20250825-093810,20250825-093810,2,2,1139.18,649.01,1139.2345373585572,648.9196627342756,0.0,primary_reference,1
T20,A1_T=20_run=20250826-221930,20250826-221930,3,3,369.75,505.83,370.7499999765813,505.829999959838,1.1529865470756293,matched,1
v7,A1_v=7_run=20250826-035836,20250826-035836,3,3,369.72,506.06,370.67296430708774,504.8752918052422,2.0941869897487204,matched,1
v9,A1_v=9_run=20250825-093810,20250825-093810,3,3,370.57,506.67,370.553067611618,506.96604380642464,0.0,primary_reference,1
T20,A1_T=20_run=20250826-221930,20250826-221930,4,4,1404.81,475.13,1405.8099999738008,475.13000005121194,3.2967787222186016,matched,1
v7,A1_v=7_run=20250826-035836,20250826-035836,4,4,1405.31,475.68,1406.2200020280595,473.06384481950727,3.9390286209855736,matched,1
v9,A1_v=9_run=20250825-093810,20250825-093810,4,4,1402.6,474.76,1402.5669374237125,474.53729840663186,0.0,primary_reference,1
T20,A1_T=20_run=20250826-221930,20250826-221930,5,5,297.82,457.45,298.81999995400076,457.45000000614607,1.9443861405187164,matched,1
v7,A1_v=7_run=20250826-035836,20250826-035836,5,5,298.17,457.92,299.0564906202537,456.8342300903772,2.482306201605213,matched,1
v9,A1_v=9_run=20250825-093810,20250825-093810,5,5,297.15,458.04,297.10863075152787,458.37295878977,0.0,primary_reference,1
T20,A1_T=20_run=20250826-221930,20250826-221930,6,6,1329.7,312.51,1330.6999999756492,312.5099999966343,1.9094003924003742,matched,1
v7,A1_v=7_run=20250826-035836,20250826-035836,6,6,1330.46,313.22,1331.1455096506584,310.7074498321108,3.487223869872783,matched,1
v9,A1_v=9_run=20250825-093810,20250825-093810,6,6,1329.19,313.7,1329.0759935387064,313.51419766207016,0.0,primary_reference,1
T20,A1_T=20_run=20250826-221930,20250826-221930,7,7,1498.26,261.71,1499.2600000277923,261.7099999786582,2.259575417271818,matched,1
v7,A1_v=7_run=20250826-035836,20250826-035836,7,7,1498.83,262.46,1499.4451917533377,259.7147524346599,3.7685900258942717,matched,1
v9,A1_v=9_run=20250825-093810,20250825-093810,7,7,1497.42,263.07,1497.2805005644204,262.7996159389164,0.0,primary_reference,1
T20,A1_T=20_run=20250826-221930,20250826-221930,8,8,1077.79,181.75,1078.789999968071,181.74999997693476,0.5870346062435755,matched,1
v7,A1_v=7_run=20250826-035836,20250826-035836,8,8,1076.83,182.71,1077.3353574178302,180.54817677091864,2.12931711367537,matched,1
v9,A1_v=9_run=20250825-093810,20250825-093810,8,8,1078.74,182.35,1078.5599847929725,182.29009501315704,0.0,primary_reference,1
T20,A1_T=20_run=20250826-221930,20250826-221930,9,9,1811.14,172.45,1812.1400000434708,172.45000000161963,3.8638222643959406,matched,1
v7,A1_v=7_run=20250826-035836,20250826-035836,9,9,1811.6,172.1,1812.089976857924,168.92251883098834,6.389035783120705,matched,1
v9,A1_v=9_run=20250825-093810,20250825-093810,9,9,1808.99,174.83,1808.8061156330684,174.40303283004778,0.0,primary_reference,1
T20,A1_T=20_run=20250826-221930,20250826-221930,10,10,681.74,68.9,682.739999970329,68.89999993729134,1.0005163882442136,matched,1
v7,A1_v=7_run=20250826-035836,20250826-035836,10,10,681.66,69.46,682.0091290291225,67.84450951782594,2.2830935500585743,matched,1
v9,A1_v=9_run=20250825-093810,20250825-093810,10,10,683.49,69.62,683.253326497953,69.7587949763913,0.0,primary_reference,1
T20,A1_T=20_run=20250826-221930,20250826-221930,11,11,844.55,69.6,845.5499999922587,69.59999999338413,0.899348944814263,matched,1
v9,A1_v=9_run=20250825-093810,20250825-093810,11,11,844.99,69.96,844.7534922168177,70.01761690899048,0.0,primary_reference,1
