dataset_key,run_number,spot,T,v,local_spot,x,y,L20,stat_error_R20,deltaL1,deltaL2,deltaL,L16,L24,deltaL_over_absL20
v9,20250825-093810,0,16.0,9.0,0,574.84,853.62,844.077,6.26576,15.563999999999965,35.61500000000001,35.61500000000001,808.462,859.641,0.042194017844343595
v9,20250825-093810,0,18.0,9.0,0,574.84,853.62,955.044,6.20943,27.53800000000001,43.14499999999998,43.14499999999998,911.899,982.582,0.04517592906714244
v9,20250825-093810,0,20.0,9.0,0,574.84,853.62,1111.38,6.43671,28.47999999999979,49.57000000000016,49.57000000000016,1061.81,1139.86,0.044602206266083744
v9,20250825-093810,0,22.0,9.0,0,574.84,853.62,1252.25,6.46563,27.930000000000064,51.09999999999991,51.09999999999991,1201.15,1280.18,0.04080654821321614
v7,20250826-035836,0,16.0,7.0,0,574.79,851.93,368.576,6.26428,3.662999999999954,5.585000000000036,5.585000000000036,362.991,372.239,0.015152912832089003
v7,20250826-035836,0,18.0,7.0,0,574.79,851.93,416.901,6.29901,3.7969999999999686,7.347000000000037,7.347000000000037,409.554,420.698,0.017622888887289877
v7,20250826-035836,0,20.0,7.0,0,574.79,851.93,478.641,6.16075,8.836999999999989,12.890000000000043,12.890000000000043,465.751,487.478,0.026930413399604385
v7,20250826-035836,0,22.0,7.0,0,574.79,851.93,530.351,6.29501,12.715000000000032,13.25,13.25,517.101,543.066,0.024983454353814737
T20,20250826-221930,0,20.0,53.3,0,574.72,851.86,34.0017,5.9865,1.081000000000003,0.5137,1.081000000000003,34.5154,35.0827,0.03179252802065788
T20,20250826-221930,0,20.0,55.3,0,574.72,851.86,140.042,5.94645,4.673000000000002,4.189999999999998,4.673000000000002,135.852,144.715,0.03336856086031335
T20,20250826-221930,0,20.0,57.3,0,574.72,851.86,307.356,6.08268,0.983000000000004,6.1440000000000055,6.1440000000000055,301.212,306.373,0.019989848904853023
T20,20250826-221930,0,20.0,59.3,0,574.72,851.86,675.46,5.99852,11.903999999999996,22.91300000000001,22.91300000000001,652.547,687.364,0.03392206792408138
v9,20250825-093810,1,16.0,9.0,1,500.88,813.09,311.8,6.17116,7.605999999999995,11.52000000000004,11.52000000000004,300.28,319.406,0.03694676074406684
v9,20250825-093810,1,18.0,9.0,1,500.88,813.09,341.074,6.23012,9.51400000000001,10.339,10.339,330.735,350.588,0.030313069890991397
v9,20250825-093810,1,20.0,9.0,1,500.88,813.09,408.897,6.29672,13.422000000000024,17.992999999999995,17.992999999999995,390.904,422.319,0.044003746664808
v9,20250825-093810,1,22.0,9.0,1,500.88,813.09,467.208,6.30333,15.702999999999976,18.79200000000003,18.79200000000003,448.416,482.911,0.040221914008321834
v7,20250826-035836,1,16.0,7.0,1,502.17,811.51,156.155,6.06849,2.98599999999999,5.474999999999994,5.474999999999994,150.68,159.141,0.03506131728090676
v7,20250826-035836,1,18.0,7.0,1,502.17,811.51,174.437,6.11363,0.093999999999994,3.5320000000000107,3.5320000000000107,170.905,174.531,0.02024799784449406
v7,20250826-035836,1,20.0,7.0,1,502.17,811.51,204.271,6.09304,9.253000000000014,9.825999999999992,9.825999999999992,194.445,213.524,0.048102765443944526
v7,20250826-035836,1,22.0,7.0,1,502.17,811.51,223.42,6.25565,0.6210000000000093,7.024999999999977,7.024999999999977,216.395,224.041,0.03144302211082257
T20,20250826-221930,1,20.0,53.3,1,501.82,811.35,23.2151,6.02385,0.9341000000000008,0.6582000000000008,0.9341000000000008,23.8733,22.281,0.04023674246503357
T20,20250826-221930,1,20.0,55.3,1,501.82,811.35,72.3501,5.96182,1.999200000000002,1.859400000000008,1.999200000000002,74.2095,70.3509,0.027632304585619123
T20,20250826-221930,1,20.0,57.3,1,501.82,811.35,152.139,5.97964,3.835999999999984,1.8760000000000048,3.835999999999984,150.263,155.975,0.025213784762618287
T20,20250826-221930,1,20.0,59.3,1,501.82,811.35,258.634,6.04786,7.348000000000013,9.27800000000002,9.27800000000002,249.356,265.982,0.03587308706511912
v9,20250825-093810,2,16.0,9.0,2,1139.18,649.01,63.2652,5.60546,5.3782,10.1599,10.1599,53.1053,68.6434,0.1605922371224623
v9,20250825-093810,2,18.0,9.0,2,1139.18,649.01,63.9817,5.6898,3.9032000000000058,4.270499999999998,4.270499999999998,59.7112,67.8849,0.06674564758360592
v9,20250825-093810,2,20.0,9.0,2,1139.18,649.01,75.0631,5.67162,10.143299999999996,1.0974000000000077,10.143299999999996,73.9657,85.2064,0.13513031036554574
v9,20250825-093810,2,22.0,9.0,2,1139.18,649.01,85.4668,5.62494,8.304399999999987,8.665700000000001,8.665700000000001,76.8011,93.7712,0.1013925875310647
v7,20250826-035836,2,16.0,7.0,2,1141.2,646.8,29.2435,5.71688,4.144099999999998,5.694700000000001,5.694700000000001,23.5488,33.3876,0.19473387248448376
v7,20250826-035836,2,18.0,7.0,2,1141.2,646.8,30.7381,5.70268,4.648899999999998,2.240199999999998,4.648899999999998,28.4979,26.0892,0.151242269366031
v7,20250826-035836,2,20.0,7.0,2,1141.2,646.8,38.407,5.63739,1.7260999999999953,4.010799999999996,4.010799999999996,34.3962,36.6809,0.10442888015205552
v7,20250826-035836,2,22.0,7.0,2,1141.2,646.8,44.5508,5.77649,0.4675999999999973,7.1433000000000035,7.1433000000000035,37.4075,45.0184,0.1603405550517612
T20,20250826-221930,2,20.0,53.3,2,1141.03,646.67,5.30772,5.44321,1.34251,0.9188,1.34251,4.38892,3.96521,0.2529353470039867
T20,20250826-221930,2,20.0,55.3,2,1141.03,646.67,7.06779,5.43475,0.0697800000000006,0.5171400000000004,0.5171400000000004,7.58493,7.13757,0.07316855763965828
T20,20250826-221930,2,20.0,57.3,2,1141.03,646.67,21.0723,5.48929,1.4815000000000005,1.0899,1.4815000000000005,22.1622,22.5538,0.07030556702400785
T20,20250826-221930,2,20.0,59.3,2,1141.03,646.67,42.28,5.54037,0.3847999999999985,0.6777000000000015,0.6777000000000015,41.6023,42.6648,0.01602885525070959
v9,20250825-093810,3,16.0,9.0,3,370.57,506.67,181.371,5.47124,6.512999999999977,10.001000000000005,10.001000000000005,171.37,187.884,0.05514111958361593
v9,20250825-093810,3,18.0,9.0,3,370.57,506.67,201.461,5.5486,11.434999999999974,14.584000000000003,14.584000000000003,186.877,212.896,0.07239118241247687
v9,20250825-093810,3,20.0,9.0,3,370.57,506.67,229.319,5.54766,13.931000000000012,15.45399999999998,15.45399999999998,213.865,243.25,0.06739083983446631
v9,20250825-093810,3,22.0,9.0,3,370.57,506.67,258.17,5.60525,16.063999999999965,18.94500000000002,18.94500000000002,239.225,274.234,0.07338188015648611
v7,20250826-035836,3,16.0,7.0,3,369.72,506.06,68.5054,5.56933,2.006600000000006,2.309899999999999,2.309899999999999,70.8153,70.512,0.03371850978171063
v7,20250826-035836,3,18.0,7.0,3,369.72,506.06,95.489,5.59769,4.292600000000007,1.915400000000005,4.292600000000007,93.5736,91.1964,0.04495386903203518
v7,20250826-035836,3,20.0,7.0,3,369.72,506.06,108.98,5.60753,3.069999999999993,2.271000000000001,3.069999999999993,106.709,112.05,0.028170306478252825
v7,20250826-035836,3,22.0,7.0,3,369.72,506.06,118.056,5.67543,3.091000000000008,5.224000000000004,5.224000000000004,112.832,121.147,0.04425018635223965
T20,20250826-221930,3,20.0,53.3,3,369.75,505.83,18.5263,5.35731,0.3546999999999976,3.0412,3.0412,15.4851,18.1716,0.1641558217237117
T20,20250826-221930,3,20.0,55.3,3,369.75,505.83,34.9585,5.43795,4.078800000000001,2.0745999999999967,4.078800000000001,37.0331,39.0373,0.11667548664845462
T20,20250826-221930,3,20.0,57.3,3,369.75,505.83,77.2928,5.43697,1.4324000000000012,4.291300000000007,4.291300000000007,73.0015,78.7252,0.055520048439182006
T20,20250826-221930,3,20.0,59.3,3,369.75,505.83,146.997,5.40794,9.714,12.705000000000013,12.705000000000013,134.292,156.711,0.08643033531296565
v9,20250825-093810,4,16.0,9.0,4,1402.6,474.76,95.3282,6.75368,9.487800000000007,6.0922999999999945,9.487800000000007,89.2359,104.816,0.09952773680820584
v9,20250825-093810,4,18.0,9.0,4,1402.6,474.76,112.464,6.83228,9.775999999999996,12.036999999999992,12.036999999999992,100.427,122.24,0.1070298050931853
v9,20250825-093810,4,20.0,9.0,4,1402.6,474.76,119.774,6.80042,7.192999999999998,6.653000000000006,7.192999999999998,113.121,126.967,0.0600547698164877
v9,20250825-093810,4,22.0,9.0,4,1402.6,474.76,142.16,6.65874,8.805000000000007,8.812999999999988,8.812999999999988,133.347,150.965,0.061993528418683094
v7,20250826-035836,4,16.0,7.0,4,1405.31,475.68,41.6345,7.14119,0.6004999999999967,2.125400000000006,2.125400000000006,39.5091,42.235,0.051049009835593226
v7,20250826-035836,4,18.0,7.0,4,1405.31,475.68,49.6907,6.77178,5.654899999999998,1.9350999999999985,5.654899999999998,47.7556,55.3456,0.11380197904235598
v7,20250826-035836,4,20.0,7.0,4,1405.31,475.68,56.9357,6.60423,0.3875000000000028,5.618299999999998,5.618299999999998,51.3174,57.3232,0.09867798235553436
v7,20250826-035836,4,22.0,7.0,4,1405.31,475.68,57.198,6.79338,4.555799999999998,3.681800000000002,4.555799999999998,53.5162,61.7538,0.0796496380992342
T20,20250826-221930,4,20.0,53.3,4,1404.81,475.13,11.9088,6.46363,3.73865,2.50661,3.73865,9.40219,8.17015,0.3139401115141744
T20,20250826-221930,4,20.0,55.3,4,1404.81,475.13,11.9891,6.19176,2.3209999999999997,0.9242999999999988,2.3209999999999997,12.9134,14.3101,0.1935925131994895
T20,20250826-221930,4,20.0,57.3,4,1404.81,475.13,43.6948,6.26515,2.7834999999999965,4.279699999999998,4.279699999999998,39.4151,46.4783,0.09794529326144068
T20,20250826-221930,4,20.0,59.3,4,1404.81,475.13,73.079,6.5929,2.8349000000000046,4.654699999999991,4.654699999999991,68.4243,75.9139,0.06369408448391456
v9,20250825-093810,5,16.0,9.0,5,297.15,458.04,63.8976,6.30288,0.6396999999999977,8.0319,8.0319,55.8657,63.2579,0.1256995567908654
v9,20250825-093810,5,18.0,9.0,5,297.15,458.04,63.2638,6.21935,0.6541000000000068,0.6577000000000055,0.6577000000000055,62.6061,62.6097,0.010396150721265644
v9,20250825-093810,5,20.0,9.0,5,297.15,458.04,69.3564,6.45425,1.6751000000000005,2.0100999999999942,2.0100999999999942,67.3463,67.6813,0.0289821847731427
v9,20250825-093810,5,22.0,9.0,5,297.15,458.04,79.9069,6.45643,4.786100000000005,1.4940999999999889,4.786100000000005,78.4128,84.693,0.05989595391637024
v7,20250826-035836,5,16.0,7.0,5,298.17,457.92,25.2559,6.471,2.2645000000000017,1.6521000000000008,2.2645000000000017,23.6038,22.9914,0.08966221754124785
v7,20250826-035836,5,18.0,7.0,5,298.17,457.92,24.1136,6.53379,0.0741000000000013,0.1944000000000016,0.1944000000000016,23.9192,24.0395,0.008061840621060381
v7,20250826-035836,5,20.0,7.0,5,298.17,457.92,22.6051,6.48826,2.8851000000000013,1.853200000000001,2.8851000000000013,24.4583,19.72,0.12763049046454125
v7,20250826-035836,5,22.0,7.0,5,298.17,457.92,30.4671,6.50468,0.6076000000000015,0.3098999999999989,0.6076000000000015,30.1572,31.0747,0.01994282357034314
T20,20250826-221930,5,20.0,53.3,5,297.82,457.45,-2.59369,6.28774,1.32809,3.97258,3.97258,1.37889,-1.2656,1.531632538969576
T20,20250826-221930,5,20.0,55.3,5,297.82,457.45,-3.11941,6.37017,1.1124300000000005,5.271459999999999,5.271459999999999,2.15205,-4.23184,1.689890075366816
T20,20250826-221930,5,20.0,57.3,5,297.82,457.45,20.6707,6.47607,4.115300000000001,0.3377000000000016,4.115300000000001,20.333,24.786,0.19908856497361005
T20,20250826-221930,5,20.0,59.3,5,297.82,457.45,43.3726,6.2618,1.0459000000000032,0.8474999999999966,1.0459000000000032,42.5251,44.4185,0.024114302578125434
v9,20250825-093810,6,16.0,9.0,6,1329.19,313.7,52.8494,5.92161,1.0738999999999947,3.6596000000000046,3.6596000000000046,49.1898,53.9233,0.06924581925244193
v9,20250825-093810,6,18.0,9.0,6,1329.19,313.7,60.3726,6.05523,2.4185000000000016,4.0456999999999965,4.0456999999999965,56.3269,62.7911,0.06701218764803896
v9,20250825-093810,6,20.0,9.0,6,1329.19,313.7,71.3876,5.95362,0.8330000000000126,5.317000000000007,5.317000000000007,66.0706,70.5546,0.07448072214222087
v9,20250825-093810,6,22.0,9.0,6,1329.19,313.7,77.6759,5.99336,2.622100000000003,7.1928999999999945,7.1928999999999945,70.483,80.298,0.09260143751150607
v7,20250826-035836,6,16.0,7.0,6,1330.46,313.22,17.5518,6.06393,2.934899999999999,0.6454999999999984,2.934899999999999,18.1973,20.4867,0.16721361911598803
v7,20250826-035836,6,18.0,7.0,6,1330.46,313.22,16.6993,6.08186,0.8067000000000011,0.1346000000000025,0.8067000000000011,16.5647,15.8926,0.04830741408322511
v7,20250826-035836,6,20.0,7.0,6,1330.46,313.22,29.1359,6.03572,2.1728000000000023,1.6095000000000006,2.1728000000000023,27.5264,31.3087,0.07457466561870416
v7,20250826-035836,6,22.0,7.0,6,1330.46,313.22,27.5471,6.15305,1.3961000000000006,1.755700000000001,1.755700000000001,25.7914,28.9432,0.0637344765873722
T20,20250826-221930,6,20.0,53.3,6,1329.7,312.51,1.79581,6.0536,1.17992,2.021593,2.021593,-0.225783,2.97573,1.1257276660671232
T20,20250826-221930,6,20.0,55.3,6,1329.7,312.51,2.92224,5.86676,1.6680100000000002,2.8850400000000005,2.8850400000000005,5.80728,4.59025,0.9872700394218136
T20,20250826-221930,6,20.0,57.3,6,1329.7,312.51,20.1781,5.99449,2.383099999999999,0.5129000000000019,2.383099999999999,19.6652,22.5612,0.11810329020076216
T20,20250826-221930,6,20.0,59.3,6,1329.7,312.51,46.2766,5.97465,1.4739999999999966,2.822900000000004,2.822900000000004,43.4537,47.7506,0.06100059209189967
v9,20250825-093810,7,16.0,9.0,7,1497.42,263.07,44.0611,5.61704,1.458999999999996,5.2065000000000055,5.2065000000000055,38.8546,45.5201,0.11816545660457875
v9,20250825-093810,7,18.0,9.0,7,1497.42,263.07,49.333,5.56562,0.9701999999999984,4.067699999999995,4.067699999999995,45.2653,50.3032,0.08245393549956409
v9,20250825-093810,7,20.0,9.0,7,1497.42,263.07,47.7079,5.63028,3.664999999999999,0.9094000000000052,3.664999999999999,46.7985,51.3729,0.07682165846746554
v9,20250825-093810,7,22.0,9.0,7,1497.42,263.07,67.6377,5.55951,0.6777000000000015,5.835299999999997,5.835299999999997,61.8024,68.3154,0.08627289218882364
v7,20250826-035836,7,16.0,7.0,7,1498.83,262.46,13.1755,5.51217,0.8399999999999999,0.768699999999999,0.8399999999999999,12.4068,12.3355,0.06375469621646236
v7,20250826-035836,7,18.0,7.0,7,1498.83,262.46,27.6324,5.56271,0.4850999999999992,1.0807000000000002,1.0807000000000002,26.5517,28.1175,0.039109885496735726
v7,20250826-035836,7,20.0,7.0,7,1498.83,262.46,23.7459,5.53341,0.5912000000000006,0.1505000000000009,0.5912000000000006,23.8964,24.3371,0.024896929575210905
v7,20250826-035836,7,22.0,7.0,7,1498.83,262.46,22.2744,5.80934,2.091799999999999,2.157599999999998,2.157599999999998,20.1168,24.3662,0.09686456200840418
T20,20250826-221930,7,20.0,53.3,7,1498.26,261.71,-0.493956,5.39818,1.853004,0.465643,1.853004,-0.959599,-2.34696,3.751354371644438
T20,20250826-221930,7,20.0,55.3,7,1498.26,261.71,-4.69171,5.31514,0.96443,2.3896599999999997,2.3896599999999997,-2.30205,-5.65614,0.509336681082164
T20,20250826-221930,7,20.0,57.3,7,1498.26,261.71,17.0307,5.36863,1.1397000000000013,1.3317999999999994,1.3317999999999994,15.6989,18.1704,0.0781999565490555
T20,20250826-221930,7,20.0,59.3,7,1498.26,261.71,36.0928,5.41593,1.1084000000000032,3.651199999999996,3.651199999999996,32.4416,37.2012,0.10116145048319876
v9,20250825-093810,8,16.0,9.0,8,1078.74,182.35,255.889,5.90675,7.927999999999997,19.205000000000013,19.205000000000013,236.684,263.817,0.07505207335993345
v9,20250825-093810,8,18.0,9.0,8,1078.74,182.35,298.164,5.95765,13.299000000000037,18.10300000000001,18.10300000000001,280.061,311.463,0.06071490857380505
v9,20250825-093810,8,20.0,9.0,8,1078.74,182.35,336.287,5.9734,18.147000000000048,23.176999999999964,23.176999999999964,313.11,354.434,0.06892029724610219
v9,20250825-093810,8,22.0,9.0,8,1078.74,182.35,361.658,6.05879,15.978999999999983,24.79000000000002,24.79000000000002,336.868,377.637,0.068545421364936
v7,20250826-035836,8,16.0,7.0,8,1076.83,182.71,100.038,5.80992,5.463999999999999,4.536500000000004,5.463999999999999,95.5015,105.502,0.05461924468701892
v7,20250826-035836,8,18.0,7.0,8,1076.83,182.71,101.963,5.78051,2.598799999999997,3.4916999999999945,3.4916999999999945,98.4713,99.3642,0.034244775065464875
v7,20250826-035836,8,20.0,7.0,8,1076.83,182.71,115.726,5.90549,5.197000000000003,2.203000000000003,5.197000000000003,113.523,120.923,0.04490779945733891
v7,20250826-035836,8,22.0,7.0,8,1076.83,182.71,123.765,6.06068,3.6260000000000048,6.628,6.628,117.137,127.391,0.05355310467418091
T20,20250826-221930,8,20.0,53.3,8,1077.79,181.75,3.70599,5.83207,0.8884499999999997,3.36418,3.36418,7.07017,4.59444,0.907768234668739
T20,20250826-221930,8,20.0,55.3,8,1077.79,181.75,22.2913,5.79774,0.5234999999999985,0.0864000000000011,0.5234999999999985,22.2049,21.7678,0.023484498436609734
T20,20250826-221930,8,20.0,57.3,8,1077.79,181.75,62.546,5.71604,1.7800999999999974,0.5105000000000004,1.7800999999999974,63.0565,60.7659,0.028460652959421823
T20,20250826-221930,8,20.0,59.3,8,1077.79,181.75,184.001,5.74426,6.5449999999999875,13.091000000000008,13.091000000000008,170.91,190.546,0.07114635246547578
v9,20250825-093810,9,16.0,9.0,9,1808.99,174.83,118.124,5.48329,7.064000000000007,10.640999999999991,10.640999999999991,107.483,125.188,0.0900833022925061
v9,20250825-093810,9,18.0,9.0,9,1808.99,174.83,130.375,5.51548,8.692000000000007,8.257999999999996,8.692000000000007,122.117,139.067,0.06666922339405566
v9,20250825-093810,9,20.0,9.0,9,1808.99,174.83,145.797,5.48045,8.373999999999995,9.845,9.845,135.952,154.171,0.06752539489838612
v9,20250825-093810,9,22.0,9.0,9,1808.99,174.83,164.264,5.41521,5.443999999999988,14.0,14.0,150.264,169.708,0.08522865630935567
v7,20250826-035836,9,16.0,7.0,9,1811.6,172.1,41.8332,6.50395,0.6798000000000002,4.610199999999999,4.610199999999999,37.223,42.513,0.1102043353126225
v7,20250826-035836,9,18.0,7.0,9,1811.6,172.1,59.6697,6.13623,1.3896999999999975,6.615000000000002,6.615000000000002,53.0547,58.28,0.11086028587373495
v7,20250826-035836,9,20.0,7.0,9,1811.6,172.1,54.5899,6.33591,0.5591000000000008,2.7871999999999986,2.7871999999999986,51.8027,54.0308,0.051057063669286785
v7,20250826-035836,9,22.0,7.0,9,1811.6,172.1,62.1658,6.64878,3.6584,2.210499999999996,3.6584,59.9553,58.5074,0.058849077788752015
T20,20250826-221930,9,20.0,53.3,9,1811.14,172.45,11.2352,6.13815,3.324860000000001,4.373880000000001,4.373880000000001,6.86132,7.91034,0.3893014810595272
T20,20250826-221930,9,20.0,55.3,9,1811.14,172.45,13.4442,5.99927,1.8301,3.299300000000001,3.299300000000001,16.7435,11.6141,0.24540694128323
T20,20250826-221930,9,20.0,57.3,9,1811.14,172.45,32.7923,6.11219,5.2136,3.0798999999999985,5.2136,29.7124,38.0059,0.1589885430421166
T20,20250826-221930,9,20.0,59.3,9,1811.14,172.45,83.0147,5.98107,4.0142999999999915,8.4225,8.4225,74.5922,87.029,0.10145793455857817
v9,20250825-093810,10,16.0,9.0,10,683.49,69.62,123.705,5.73454,7.022000000000006,12.569999999999991,12.569999999999991,111.135,130.727,0.10161270765126706
v9,20250825-093810,10,18.0,9.0,10,683.49,69.62,134.328,5.80069,6.617999999999995,10.835000000000008,10.835000000000008,123.493,140.946,0.08066077065094401
v9,20250825-093810,10,20.0,9.0,10,683.49,69.62,155.875,5.86151,5.016999999999996,13.002999999999986,13.002999999999986,142.872,160.892,0.08341940657578178
v9,20250825-093810,10,22.0,9.0,10,683.49,69.62,176.338,5.86263,7.492000000000019,13.21599999999998,13.21599999999998,163.122,183.83,0.07494697682859043
v7,20250826-035836,10,16.0,7.0,10,681.66,69.46,46.6733,5.7632,0.3631999999999991,2.1520999999999972,2.1520999999999972,44.5212,47.0365,0.04610987438214134
v7,20250826-035836,10,18.0,7.0,10,681.66,69.46,45.8192,5.72342,2.6121999999999943,0.452300000000001,2.6121999999999943,45.3669,48.4314,0.057011034675419785
v7,20250826-035836,10,20.0,7.0,10,681.66,69.46,56.4409,5.60883,0.6362000000000023,0.1606000000000023,0.6362000000000023,56.2803,55.8047,0.011271967668835939
v7,20250826-035836,10,22.0,7.0,10,681.66,69.46,71.14,5.85536,1.2226,3.5910999999999973,3.5910999999999973,67.5489,72.3626,0.0504793365195389
T20,20250826-221930,10,20.0,53.3,10,681.74,68.9,3.67986,5.63158,2.47796,3.03349,3.03349,6.71335,6.15782,0.8243492958971265
T20,20250826-221930,10,20.0,55.3,10,681.74,68.9,18.7166,5.60203,4.6705000000000005,1.362400000000001,4.6705000000000005,20.079,14.0461,0.2495378434117308
T20,20250826-221930,10,20.0,57.3,10,681.74,68.9,35.5803,5.67138,2.0805000000000007,0.4025999999999996,2.0805000000000007,35.1777,37.6608,0.05847336868997734
T20,20250826-221930,10,20.0,59.3,10,681.74,68.9,87.3771,5.58011,3.929900000000003,5.545900000000003,5.545900000000003,81.8312,91.307,0.06347086364734013
v9,20250825-093810,11,16.0,9.0,11,844.99,69.96,43.4088,5.97414,1.7462000000000018,1.1846000000000032,1.7462000000000018,44.5934,41.6626,0.040226866441827505
v9,20250825-093810,11,18.0,9.0,11,844.99,69.96,46.972,5.9067,2.963999999999998,1.5300000000000011,2.963999999999998,45.442,49.936,0.0631014221238184
v9,20250825-093810,11,20.0,9.0,11,844.99,69.96,45.547,5.94911,0.1595999999999975,1.1517999999999944,1.1517999999999944,44.3952,45.3874,0.025288163874678783
v9,20250825-093810,11,22.0,9.0,11,844.99,69.96,44.9712,5.95645,0.9583000000000012,3.571400000000004,3.571400000000004,41.3998,44.0129,0.07941527021738366
T20,20250826-221930,11,20.0,53.3,11,844.55,69.6,9.22067,5.83168,1.43633,0.7778100000000006,1.43633,8.44286,10.657,0.1557728451403206
T20,20250826-221930,11,20.0,55.3,11,844.55,69.6,2.68199,5.81014,0.2478800000000003,0.0571900000000002,0.2478800000000003,2.73918,2.92987,0.09242390911226377
T20,20250826-221930,11,20.0,57.3,11,844.55,69.6,7.09914,5.86324,3.58591,4.06006,4.06006,11.1592,3.51323,0.5719087100691069
T20,20250826-221930,11,20.0,59.3,11,844.55,69.6,24.5036,5.77514,1.0534,1.8859999999999992,1.8859999999999992,22.6176,23.4502,0.07696828221159337
