luminosity,error,deltaL
227.52,10.7373,2.492
217.27,10.2918,3.541
3964.06,12.9701,100.91
75.9215,10.4022,3.6065
949.043,11.7394,31.531
740.028,9.8094,32.287
154.236,9.79824,7.156
200.203,10.2507,4.926
85.2123,9.78015,9.1656
215.235,9.49728,1.948
1773.12,10.1766,78.39
62.7182,9.77486,4.0051
224.705,9.6056,11.113
352.313,10.4869,4.323
131.235,9.97935,5.538
57.6291,9.9362,8.2583
71.1549,10.7769,3.2523
276.516,9.78038,4.995
251.805,14.5218,6.096
121.587,9.63356,3.884
2434.39,10.8168,61.94
53.7707,11.1737,5.9344
589.805,11.7067,16.464
55.164,10.4278,4.7071
156.568,12.528,3.239
102.121,9.5457,11.1051
164.639,10.9531,6.283
1015.39,10.3975,37.101
42.2169,9.2659,11.0371
221.133,10.0341,12.952
4156.06,11.5037,95.26
19.6476,10.4177,12.0153
222.341,10.5487,12.856
422.228,10.4443,12.29
134.206,11.3069,1.945
242.213,10.5115,4.113
37.4453,10.3231,17.0431
411.855,10.7548,2.145
547.498,10.0728,19.294
89.487,9.83449,6.1978
984.549,10.3183,27.671
64.5276,10.4195,8.0285
289.475,10.5124,7.682
127.015,9.86549,12.935
463.32,10.5862,22.083
4519.43,11.9422,129.26
204.068,9.895,11.478
141.619,9.64684,8.047
74.6889,10.2147,10.0806
118.173,9.87227,0.891
