spot,x,y,phase,A,A_stat_error,lambda,lambda_stat_error,deltaLambda,chi2,ndf,chi2ndf,prob,fit_status,covmatrix_status,edm,converged
0,67.42,807.45,before_annealing,371.992,29.7864,0.0308541,0.00381566,0.0128179,438.203,2,219.101,7.00587e-96,0,3,8.10304e-07,1
1,80.91,94.55,before_annealing,61.9097,27.7979,0.0146634,0.02201,0.0120862,1.57909,2,0.789545,0.454051,0,3,2.82293e-06,1
2,139.5,255.99,before_annealing,35.9459,21.0124,0.0238602,0.0289451,0.0143024,1.42913,2,0.714563,0.489406,0,3,6.64858e-06,1
3,182.89,170.3,before_annealing,1963.32,17.1685,0.0463741,0.000426091,0.000261951,8.34809,2,4.17405,0.0153899,0,3,1.70744e-10,1
4,193.76,518.45,before_annealing,67.2171,9.09915,0.0745932,0.00649393,0.00592403,5.11081,2,2.5554,0.0776609,0,3,2.86818e-08,1
5,231.79,755.43,before_annealing,5.79868,5.89816,0.0928249,0.0483199,0.0192611,0.183069,2,0.0915347,0.91253,0,3,1.51267e-08,1
6,237.37,242.33,before_annealing,108.817,5.27229,0.104449,0.00230199,0.00141761,339.159,2,169.58,2.25143e-74,0,3,6.55119e-06,1
7,253.82,349.89,before_annealing,69.6012,11.9156,0.0579895,0.00826923,0.00315815,4.30277,2,2.15138,0.116323,0,3,4.89533e-07,1
8,356.51,845.31,before_annealing,45.5392,7.3415,0.0805997,0.00770919,0.00516716,16.513,2,8.25649,0.000259569,0,3,4.53822e-06,1
9,375.21,368.35,before_annealing,26.4131,25.7692,0.0122836,0.0480154,0.0226419,2.06883,2,1.03442,0.355434,0,3,6.70566e-09,1
10,415.61,947,before_annealing,49.9462,9.17518,0.0728048,0.00878919,0.00308286,1.0128,2,0.506401,0.602661,0,3,7.40573e-09,1
11,417.46,548.49,before_annealing,6.46295,9.14541,0.068567,0.0680068,0.0219961,3.00043,2,1.50021,0.223082,0,3,2.73349e-06,1
12,425.98,71.48,before_annealing,26.0533,7.6448,0.078043,0.0140078,0.00152901,0.213835,2,0.106918,0.8986,0,3,7.81473e-10,1
13,429.62,485.36,before_annealing,286.693,9.75148,0.073639,0.00163041,0.000768168,2.24201,2,1.121,0.325952,0,3,7.89233e-07,1
14,573.41,121.23,before_annealing,10.5184,14.125,0.0503174,0.0654806,0.01245,0.712579,2,0.356289,0.70027,0,3,9.60243e-06,1
15,596.29,526.31,before_annealing,5.27456,4.46809,0.106766,0.0401063,0.015138,1.31036,2,0.655178,0.51935,0,3,4.12556e-09,1
16,610.1,334.75,before_annealing,0.639002,0.868314,0.195312,0.0624552,0.0453968,1.96297,2,0.981485,0.374754,0,3,6.62232e-07,1
17,649.54,438.85,before_annealing,37.1783,7.48383,0.0758186,0.00961808,0.00422366,2.11257,2,1.05628,0.347745,0,3,9.06017e-07,1
18,649.83,572.61,before_annealing,430.707,10.8537,0.0599688,0.00121571,0.00103734,18.1864,2,9.09321,0.000112427,0,3,4.13166e-08,1
19,660.93,686.94,before_annealing,16.3807,6.36969,0.0870716,0.0185039,0.00498446,1.18895,2,0.594476,0.551852,0,3,2.78966e-06,1
20,700.57,364.93,before_annealing,106.803,143.476,-0.0702289,0.0689605,0.0297629,0.449081,2,0.224541,0.798883,0,3,6.71657e-07,1
21,738.81,313,before_annealing,0.075497,0.242127,0.2543,0.145403,0.240267,0.515533,2,0.257766,0.772776,0,3,8.87322e-07,1
22,808.06,586.31,before_annealing,115.612,9.71579,0.0648647,0.00405294,0.00297434,15.7542,2,7.87711,0.000379327,0,3,1.61666e-08,1
23,816.5,314.06,before_annealing,4.83164,3.01507,0.127048,0.0296157,0.0191835,0.0117122,2,0.00585611,0.994161,0,3,4.19741e-06,1
24,868.21,1006.4,before_annealing,495111,34860.1,-0.343307,0.00394363,0.0175125,3793.44,2,1896.72,0,0,3,7.08975e-06,1
25,872.22,565.21,before_annealing,0.971885,1.79455,0.151727,0.0857892,0.0410777,1.50477,2,0.752386,0.471241,0,3,3.08804e-06,1
26,1006.99,121.98,before_annealing,5.91458,5.00415,0.10193,0.0400261,0.0058848,3.40767,2,1.70383,0.181984,0,3,1.1255e-08,1
27,1048.21,956.05,before_annealing,109.323,14.2053,0.0510804,0.00626883,0.00419568,4.51283,2,2.25642,0.104725,0,3,1.04432e-07,1
28,1051.01,803.23,before_annealing,30.2876,14.6711,0.0405771,0.0235149,0.0263175,5.23323,2,2.61662,0.0730496,0,3,3.74271e-06,1
29,1068.35,233.38,before_annealing,4.47046,7.49841,0.0704708,0.08039,0.0440087,3.77019,2,1.88509,0.151815,0,3,8.39532e-07,1
30,1087.38,909.52,before_annealing,3.17923,4.86315,0.0961847,0.0726952,0.0503754,3.11092,2,1.55546,0.211092,0,3,1.28417e-05,1
31,1088.76,686.78,before_annealing,20.9309,12.2685,0.0775646,0.0280478,0.00260553,0.251714,2,0.125857,0.881741,0,3,4.52584e-07,1
32,1148.78,428,before_annealing,18.0057,10.0031,0.0657587,0.0267379,0.028031,5.44678,2,2.72339,0.0656519,0,3,1.05022e-05,1
33,1169.84,238.86,before_annealing,817.652,10.6162,0.0691226,0.000628468,0.000174665,5.68984,2,2.84492,0.0581389,0,3,1.06296e-07,1
34,1180.71,592.38,before_annealing,12.126,9.38105,0.0643894,0.037215,0.0304714,1.29328,2,0.646641,0.523802,0,3,5.44616e-06,1
35,1227.63,666.4,before_annealing,61.118,11.769,0.0593944,0.00929442,0.00544771,0.709937,2,0.354968,0.701196,0,3,7.87602e-06,1
37,1244.71,483.32,before_annealing,45.8733,6.85338,0.0827139,0.00714783,0.0048602,1.00194,2,0.500972,0.605941,0,3,1.53705e-08,1
38,1254.72,595.14,before_annealing,15.4931,12.5851,0.0522238,0.039674,0.00815572,7.6953,2,3.84765,0.0213298,0,3,3.84277e-06,1
39,1255.56,231.78,before_annealing,4.44526,5.42863,0.092567,0.0581218,0.0267261,0.50182,2,0.25091,0.778092,0,3,1.37109e-06,1
40,1266.77,412.39,before_annealing,7.81599,9.69077,0.0651528,0.0598546,0.039524,0.650941,2,0.325471,0.722187,0,3,3.97952e-06,1
41,1287.27,873.45,before_annealing,1.31724,1.18802,0.183534,0.0417334,0.0479121,0.194297,2,0.0971484,0.907421,0,3,2.08885e-06,1
42,1292.86,320.15,before_annealing,30.037,19.2104,0.0411167,0.0312182,0.0120239,0.247088,2,0.123544,0.883783,0,3,1.64791e-07,1
43,1321.56,72.94,before_annealing,22.4023,17.2956,0.0415932,0.0376397,0.00802338,1.49569,2,0.747844,0.473386,0,3,2.3292e-07,1
44,1322.55,529.2,before_annealing,8.92983,17.106,0.0341553,0.0934161,0.0316439,1.59303,2,0.796513,0.450898,0,3,3.33714e-06,1
45,1372.33,810.33,before_annealing,37.0735,6.15994,0.0878211,0.00789559,0.00338793,1.87987,2,0.939934,0.390654,0,3,5.08742e-06,1
46,1375.59,912.08,before_annealing,32.0683,7.66658,0.080915,0.0114204,0.00987664,0.515771,2,0.257886,0.772684,0,3,1.63535e-08,1
47,1464.4,944.57,before_annealing,3.06912,3.99865,0.110989,0.0617665,0.00843072,1.35229,2,0.676144,0.508574,0,3,9.10797e-08,1
48,1496.93,507.5,before_annealing,193.713,9.96535,0.0660069,0.00247196,0.000712474,6.05018,2,3.02509,0.0485534,0,3,1.09734e-07,1
49,1502.26,863.42,before_annealing,37.7778,7.67878,0.0784883,0.00971851,0.0019375,6.26343,2,3.13172,0.0436428,0,3,7.8118e-06,1
50,1536.49,405.35,before_annealing,11.7708,9.45705,0.065388,0.0386381,0.0258023,0.556877,2,0.278439,0.756965,0,3,4.76563e-06,1
51,1584.5,809.99,before_annealing,0.704537,0.97817,0.180374,0.0640819,0.0370681,0.0922419,2,0.046121,0.954926,0,3,3.2295e-06,1
52,1596.81,321.02,before_annealing,0.210622,0.789028,0.203786,0.172121,0,0.867111,2,0.433555,0.6482,0,3,8.53355e-06,1
53,1653.25,629.27,before_annealing,1.69607,2.90933,0.126575,0.0804258,0.0113194,0.59871,2,0.299355,0.741296,0,3,1.42988e-09,1
55,1772.62,478.35,before_annealing,58.3511,5.96225,0.0925841,0.00486443,0.000852911,0.985891,2,0.492946,0.610825,0,3,1.74892e-06,1
56,1782.63,555.71,before_annealing,32.1267,5.76444,0.0950823,0.00852907,0.00510326,2.37734,2,1.18867,0.304626,0,3,4.73215e-09,1
57,1821.18,356.85,before_annealing,73.3059,8.12398,0.0788334,0.00532192,0.00414681,0.248068,2,0.124034,0.88335,0,3,3.31776e-09,1
58,1821.28,993.08,before_annealing,595.58,216.568,-0.0836905,0.0188375,0.0169189,28.0693,2,14.0347,8.03201e-07,0,3,3.85441e-09,1
59,1851.56,558.09,before_annealing,88.0273,9.03066,0.0765849,0.00493797,0.0021021,0.74379,2,0.371895,0.689427,0,3,2.73566e-08,1
60,1655.35,493.99,before_annealing,0.424538,1.32313,0.163578,0.144293,0.0875844,1.43266,2,0.716331,0.488542,0,3,2.34266e-06,1
