spot,local_spot,x,y,luminosity,error,T,v,v_fin,dataset_key,run_name,run_number,detected,integration_radius,integration_area,deltaL1,deltaL2,deltaL
0,0,574.79,851.93,368.576,6.26428,16.0,7.0,,v7,A1_v=7_run=20250826-035836,20250826-035836,True,20.0,1256.6370614359173,3.662999999999954,5.585000000000036,5.585000000000036
0,0,574.79,851.93,416.901,6.29901,18.0,7.0,,v7,A1_v=7_run=20250826-035836,20250826-035836,True,20.0,1256.6370614359173,3.7969999999999686,7.347000000000037,7.347000000000037
0,0,574.79,851.93,478.641,6.16075,20.0,7.0,,v7,A1_v=7_run=20250826-035836,20250826-035836,True,20.0,1256.6370614359173,8.836999999999989,12.890000000000043,12.890000000000043
0,0,574.79,851.93,530.351,6.29501,22.0,7.0,,v7,A1_v=7_run=20250826-035836,20250826-035836,True,20.0,1256.6370614359173,12.715000000000032,13.25,13.25
1,1,502.17,811.51,156.155,6.06849,16.0,7.0,,v7,A1_v=7_run=20250826-035836,20250826-035836,True,20.0,1256.6370614359173,2.98599999999999,5.474999999999994,5.474999999999994
1,1,502.17,811.51,174.437,6.11363,18.0,7.0,,v7,A1_v=7_run=20250826-035836,20250826-035836,True,20.0,1256.6370614359173,0.09399999999999409,3.5320000000000107,3.5320000000000107
1,1,502.17,811.51,204.271,6.09304,20.0,7.0,,v7,A1_v=7_run=20250826-035836,20250826-035836,True,20.0,1256.6370614359173,9.253000000000014,9.825999999999993,9.825999999999993
1,1,502.17,811.51,223.42,6.25565,22.0,7.0,,v7,A1_v=7_run=20250826-035836,20250826-035836,True,20.0,1256.6370614359173,0.6210000000000093,7.024999999999977,7.024999999999977
2,2,1141.2,646.8,29.2435,5.71688,16.0,7.0,,v7,A1_v=7_run=20250826-035836,20250826-035836,True,20.0,1256.6370614359173,4.144099999999998,5.694700000000001,5.694700000000001
2,2,1141.2,646.8,30.7381,5.70268,18.0,7.0,,v7,A1_v=7_run=20250826-035836,20250826-035836,True,20.0,1256.6370614359173,4.648899999999998,2.240199999999998,4.648899999999998
2,2,1141.2,646.8,38.407,5.63739,20.0,7.0,,v7,A1_v=7_run=20250826-035836,20250826-035836,True,20.0,1256.6370614359173,1.7260999999999953,4.010799999999996,4.010799999999996
2,2,1141.2,646.8,44.5508,5.77649,22.0,7.0,,v7,A1_v=7_run=20250826-035836,20250826-035836,True,20.0,1256.6370614359173,0.46759999999999735,7.1433000000000035,7.1433000000000035
3,3,369.72,506.06,68.5054,5.56933,16.0,7.0,,v7,A1_v=7_run=20250826-035836,20250826-035836,True,20.0,1256.6370614359173,2.006600000000006,2.309899999999999,2.309899999999999
3,3,369.72,506.06,95.489,5.59769,18.0,7.0,,v7,A1_v=7_run=20250826-035836,20250826-035836,True,20.0,1256.6370614359173,4.292600000000007,1.9154000000000053,4.292600000000007
3,3,369.72,506.06,108.98,5.60753,20.0,7.0,,v7,A1_v=7_run=20250826-035836,20250826-035836,True,20.0,1256.6370614359173,3.069999999999993,2.271000000000001,3.069999999999993
3,3,369.72,506.06,118.056,5.67543,22.0,7.0,,v7,A1_v=7_run=20250826-035836,20250826-035836,True,20.0,1256.6370614359173,3.091000000000008,5.224000000000004,5.224000000000004
4,4,1405.31,475.68,41.6345,7.14119,16.0,7.0,,v7,A1_v=7_run=20250826-035836,20250826-035836,True,20.0,1256.6370614359173,0.6004999999999967,2.125400000000006,2.125400000000006
4,4,1405.31,475.68,49.6907,6.77178,18.0,7.0,,v7,A1_v=7_run=20250826-035836,20250826-035836,True,20.0,1256.6370614359173,5.654899999999998,1.9350999999999985,5.654899999999998
4,4,1405.31,475.68,56.9357,6.60423,20.0,7.0,,v7,A1_v=7_run=20250826-035836,20250826-035836,True,20.0,1256.6370614359173,0.38750000000000284,5.618299999999998,5.618299999999998
4,4,1405.31,475.68,57.198,6.79338,22.0,7.0,,v7,A1_v=7_run=20250826-035836,20250826-035836,True,20.0,1256.6370614359173,4.555799999999998,3.6818000000000026,4.555799999999998
5,5,298.17,457.92,25.2559,6.471,16.0,7.0,,v7,A1_v=7_run=20250826-035836,20250826-035836,True,20.0,1256.6370614359173,2.2645000000000017,1.6521000000000008,2.2645000000000017
5,5,298.17,457.92,24.1136,6.53379,18.0,7.0,,v7,A1_v=7_run=20250826-035836,20250826-035836,True,20.0,1256.6370614359173,0.07410000000000139,0.19440000000000168,0.19440000000000168
5,5,298.17,457.92,22.6051,6.48826,20.0,7.0,,v7,A1_v=7_run=20250826-035836,20250826-035836,True,20.0,1256.6370614359173,2.8851000000000013,1.853200000000001,2.8851000000000013
5,5,298.17,457.92,30.4671,6.50468,22.0,7.0,,v7,A1_v=7_run=20250826-035836,20250826-035836,True,20.0,1256.6370614359173,0.6076000000000015,0.30989999999999895,0.6076000000000015
6,6,1330.46,313.22,17.5518,6.06393,16.0,7.0,,v7,A1_v=7_run=20250826-035836,20250826-035836,True,20.0,1256.6370614359173,2.934899999999999,0.6454999999999984,2.934899999999999
6,6,1330.46,313.22,16.6993,6.08186,18.0,7.0,,v7,A1_v=7_run=20250826-035836,20250826-035836,True,20.0,1256.6370614359173,0.8067000000000011,0.1346000000000025,0.8067000000000011
6,6,1330.46,313.22,29.1359,6.03572,20.0,7.0,,v7,A1_v=7_run=20250826-035836,20250826-035836,True,20.0,1256.6370614359173,2.1728000000000023,1.6095000000000006,2.1728000000000023
6,6,1330.46,313.22,27.5471,6.15305,22.0,7.0,,v7,A1_v=7_run=20250826-035836,20250826-035836,True,20.0,1256.6370614359173,1.3961000000000006,1.755700000000001,1.755700000000001
7,7,1498.83,262.46,13.1755,5.51217,16.0,7.0,,v7,A1_v=7_run=20250826-035836,20250826-035836,True,20.0,1256.6370614359173,0.8399999999999999,0.768699999999999,0.8399999999999999
7,7,1498.83,262.46,27.6324,5.56271,18.0,7.0,,v7,A1_v=7_run=20250826-035836,20250826-035836,True,20.0,1256.6370614359173,0.4850999999999992,1.0807000000000002,1.0807000000000002
7,7,1498.83,262.46,23.7459,5.53341,20.0,7.0,,v7,A1_v=7_run=20250826-035836,20250826-035836,True,20.0,1256.6370614359173,0.5912000000000006,0.15050000000000097,0.5912000000000006
7,7,1498.83,262.46,22.2744,5.80934,22.0,7.0,,v7,A1_v=7_run=20250826-035836,20250826-035836,True,20.0,1256.6370614359173,2.091799999999999,2.1575999999999986,2.1575999999999986
8,8,1076.83,182.71,100.038,5.80992,16.0,7.0,,v7,A1_v=7_run=20250826-035836,20250826-035836,True,20.0,1256.6370614359173,5.463999999999999,4.536500000000004,5.463999999999999
8,8,1076.83,182.71,101.963,5.78051,18.0,7.0,,v7,A1_v=7_run=20250826-035836,20250826-035836,True,20.0,1256.6370614359173,2.598799999999997,3.4916999999999945,3.4916999999999945
8,8,1076.83,182.71,115.726,5.90549,20.0,7.0,,v7,A1_v=7_run=20250826-035836,20250826-035836,True,20.0,1256.6370614359173,5.197000000000003,2.203000000000003,5.197000000000003
8,8,1076.83,182.71,123.765,6.06068,22.0,7.0,,v7,A1_v=7_run=20250826-035836,20250826-035836,True,20.0,1256.6370614359173,3.6260000000000048,6.628,6.628
9,9,1811.6,172.1,41.8332,6.50395,16.0,7.0,,v7,A1_v=7_run=20250826-035836,20250826-035836,True,20.0,1256.6370614359173,0.6798000000000002,4.610199999999999,4.610199999999999
9,9,1811.6,172.1,59.6697,6.13623,18.0,7.0,,v7,A1_v=7_run=20250826-035836,20250826-035836,True,20.0,1256.6370614359173,1.3896999999999977,6.615000000000002,6.615000000000002
9,9,1811.6,172.1,54.5899,6.33591,20.0,7.0,,v7,A1_v=7_run=20250826-035836,20250826-035836,True,20.0,1256.6370614359173,0.5591000000000008,2.7871999999999986,2.7871999999999986
9,9,1811.6,172.1,62.1658,6.64878,22.0,7.0,,v7,A1_v=7_run=20250826-035836,20250826-035836,True,20.0,1256.6370614359173,3.6584000000000003,2.210499999999996,3.6584000000000003
10,10,681.66,69.46,46.6733,5.7632,16.0,7.0,,v7,A1_v=7_run=20250826-035836,20250826-035836,True,20.0,1256.6370614359173,0.3631999999999991,2.1520999999999972,2.1520999999999972
10,10,681.66,69.46,45.8192,5.72342,18.0,7.0,,v7,A1_v=7_run=20250826-035836,20250826-035836,True,20.0,1256.6370614359173,2.6121999999999943,0.45230000000000103,2.6121999999999943
10,10,681.66,69.46,56.4409,5.60883,20.0,7.0,,v7,A1_v=7_run=20250826-035836,20250826-035836,True,20.0,1256.6370614359173,0.6362000000000023,0.1606000000000023,0.6362000000000023
10,10,681.66,69.46,71.14,5.85536,22.0,7.0,,v7,A1_v=7_run=20250826-035836,20250826-035836,True,20.0,1256.6370614359173,1.2226,3.5910999999999973,3.5910999999999973
