spot,local_spot,x,y,luminosity,error,T,v,v_fin,dataset_key,run_name,run_number,detected,integration_radius,integration_area,x_match,y_match,match_distance,match_type
0,0,574.84,853.62,859.641,7.35279,16.0,9.0,,v9,A1_v=9_run=20250825-093810,20250825-093810,True,24.0,1809.5573684677208,574.9974326546029,853.8132998063963,0.0,primary_reference
0,0,574.84,853.62,982.582,7.28369,18.0,9.0,,v9,A1_v=9_run=20250825-093810,20250825-093810,True,24.0,1809.5573684677208,574.9974326546029,853.8132998063963,0.0,primary_reference
0,0,574.84,853.62,1139.86,7.44484,20.0,9.0,,v9,A1_v=9_run=20250825-093810,20250825-093810,True,24.0,1809.5573684677208,574.9974326546029,853.8132998063963,0.0,primary_reference
0,0,574.84,853.62,1280.18,7.47134,22.0,9.0,,v9,A1_v=9_run=20250825-093810,20250825-093810,True,24.0,1809.5573684677208,574.9974326546029,853.8132998063963,0.0,primary_reference
1,1,500.88,813.09,319.406,7.39286,16.0,9.0,,v9,A1_v=9_run=20250825-093810,20250825-093810,True,24.0,1809.5573684677208,501.0170706285277,813.3204977104214,0.0,primary_reference
1,1,500.88,813.09,350.588,7.43065,18.0,9.0,,v9,A1_v=9_run=20250825-093810,20250825-093810,True,24.0,1809.5573684677208,501.0170706285277,813.3204977104214,0.0,primary_reference
1,1,500.88,813.09,422.319,7.4852,20.0,9.0,,v9,A1_v=9_run=20250825-093810,20250825-093810,True,24.0,1809.5573684677208,501.0170706285277,813.3204977104214,0.0,primary_reference
1,1,500.88,813.09,482.911,7.54417,22.0,9.0,,v9,A1_v=9_run=20250825-093810,20250825-093810,True,24.0,1809.5573684677208,501.0170706285277,813.3204977104214,0.0,primary_reference
2,2,1139.18,649.01,68.6434,6.66355,16.0,9.0,,v9,A1_v=9_run=20250825-093810,20250825-093810,True,24.0,1809.5573684677208,1139.2345373585572,648.9196627342756,0.0,primary_reference
2,2,1139.18,649.01,67.8849,6.74811,18.0,9.0,,v9,A1_v=9_run=20250825-093810,20250825-093810,True,24.0,1809.5573684677208,1139.2345373585572,648.9196627342756,0.0,primary_reference
2,2,1139.18,649.01,85.2064,6.72384,20.0,9.0,,v9,A1_v=9_run=20250825-093810,20250825-093810,True,24.0,1809.5573684677208,1139.2345373585572,648.9196627342756,0.0,primary_reference
2,2,1139.18,649.01,93.7712,6.68062,22.0,9.0,,v9,A1_v=9_run=20250825-093810,20250825-093810,True,24.0,1809.5573684677208,1139.2345373585572,648.9196627342756,0.0,primary_reference
3,3,370.57,506.67,187.884,6.69421,16.0,9.0,,v9,A1_v=9_run=20250825-093810,20250825-093810,True,24.0,1809.5573684677208,370.553067611618,506.96604380642464,0.0,primary_reference
3,3,370.57,506.67,212.896,6.80164,18.0,9.0,,v9,A1_v=9_run=20250825-093810,20250825-093810,True,24.0,1809.5573684677208,370.553067611618,506.96604380642464,0.0,primary_reference
3,3,370.57,506.67,243.25,6.76499,20.0,9.0,,v9,A1_v=9_run=20250825-093810,20250825-093810,True,24.0,1809.5573684677208,370.553067611618,506.96604380642464,0.0,primary_reference
3,3,370.57,506.67,274.234,6.87247,22.0,9.0,,v9,A1_v=9_run=20250825-093810,20250825-093810,True,24.0,1809.5573684677208,370.553067611618,506.96604380642464,0.0,primary_reference
4,4,1402.6,474.76,104.816,7.79551,16.0,9.0,,v9,A1_v=9_run=20250825-093810,20250825-093810,True,24.0,1809.5573684677208,1402.5669374237125,474.53729840663186,0.0,primary_reference
4,4,1402.6,474.76,122.24,7.83241,18.0,9.0,,v9,A1_v=9_run=20250825-093810,20250825-093810,True,24.0,1809.5573684677208,1402.5669374237125,474.53729840663186,0.0,primary_reference
4,4,1402.6,474.76,126.967,7.80631,20.0,9.0,,v9,A1_v=9_run=20250825-093810,20250825-093810,True,24.0,1809.5573684677208,1402.5669374237125,474.53729840663186,0.0,primary_reference
4,4,1402.6,474.76,150.965,7.69399,22.0,9.0,,v9,A1_v=9_run=20250825-093810,20250825-093810,True,24.0,1809.5573684677208,1402.5669374237125,474.53729840663186,0.0,primary_reference
5,5,297.15,458.04,63.2579,7.27114,16.0,9.0,,v9,A1_v=9_run=20250825-093810,20250825-093810,True,24.0,1809.5573684677208,297.10863075152787,458.37295878977,0.0,primary_reference
5,5,297.15,458.04,62.6097,7.24188,18.0,9.0,,v9,A1_v=9_run=20250825-093810,20250825-093810,True,24.0,1809.5573684677208,297.10863075152787,458.37295878977,0.0,primary_reference
5,5,297.15,458.04,67.6813,7.41923,20.0,9.0,,v9,A1_v=9_run=20250825-093810,20250825-093810,True,24.0,1809.5573684677208,297.10863075152787,458.37295878977,0.0,primary_reference
5,5,297.15,458.04,84.693,7.43672,22.0,9.0,,v9,A1_v=9_run=20250825-093810,20250825-093810,True,24.0,1809.5573684677208,297.10863075152787,458.37295878977,0.0,primary_reference
6,6,1329.19,313.7,53.9233,7.621,16.0,9.0,,v9,A1_v=9_run=20250825-093810,20250825-093810,True,24.0,1809.5573684677208,1329.0759935387064,313.51419766207016,0.0,primary_reference
6,6,1329.19,313.7,62.7911,7.73289,18.0,9.0,,v9,A1_v=9_run=20250825-093810,20250825-093810,True,24.0,1809.5573684677208,1329.0759935387064,313.51419766207016,0.0,primary_reference
6,6,1329.19,313.7,70.5546,7.95024,20.0,9.0,,v9,A1_v=9_run=20250825-093810,20250825-093810,True,24.0,1809.5573684677208,1329.0759935387064,313.51419766207016,0.0,primary_reference
6,6,1329.19,313.7,80.298,7.9258,22.0,9.0,,v9,A1_v=9_run=20250825-093810,20250825-093810,True,24.0,1809.5573684677208,1329.0759935387064,313.51419766207016,0.0,primary_reference
7,7,1497.42,263.07,45.5201,6.76247,16.0,9.0,,v9,A1_v=9_run=20250825-093810,20250825-093810,True,24.0,1809.5573684677208,1497.2805005644204,262.7996159389164,0.0,primary_reference
7,7,1497.42,263.07,50.3032,6.74223,18.0,9.0,,v9,A1_v=9_run=20250825-093810,20250825-093810,True,24.0,1809.5573684677208,1497.2805005644204,262.7996159389164,0.0,primary_reference
7,7,1497.42,263.07,51.3729,6.80153,20.0,9.0,,v9,A1_v=9_run=20250825-093810,20250825-093810,True,24.0,1809.5573684677208,1497.2805005644204,262.7996159389164,0.0,primary_reference
7,7,1497.42,263.07,68.3154,6.74076,22.0,9.0,,v9,A1_v=9_run=20250825-093810,20250825-093810,True,24.0,1809.5573684677208,1497.2805005644204,262.7996159389164,0.0,primary_reference
8,8,1078.74,182.35,263.817,6.95829,16.0,9.0,,v9,A1_v=9_run=20250825-093810,20250825-093810,True,24.0,1809.5573684677208,1078.5599847929725,182.29009501315704,0.0,primary_reference
8,8,1078.74,182.35,311.463,6.94989,18.0,9.0,,v9,A1_v=9_run=20250825-093810,20250825-093810,True,24.0,1809.5573684677208,1078.5599847929725,182.29009501315704,0.0,primary_reference
8,8,1078.74,182.35,354.434,6.99724,20.0,9.0,,v9,A1_v=9_run=20250825-093810,20250825-093810,True,24.0,1809.5573684677208,1078.5599847929725,182.29009501315704,0.0,primary_reference
8,8,1078.74,182.35,377.637,7.03502,22.0,9.0,,v9,A1_v=9_run=20250825-093810,20250825-093810,True,24.0,1809.5573684677208,1078.5599847929725,182.29009501315704,0.0,primary_reference
9,9,1808.99,174.83,125.188,7.36838,16.0,9.0,,v9,A1_v=9_run=20250825-093810,20250825-093810,True,24.0,1809.5573684677208,1808.8061156330684,174.40303283004778,0.0,primary_reference
9,9,1808.99,174.83,139.067,7.40468,18.0,9.0,,v9,A1_v=9_run=20250825-093810,20250825-093810,True,24.0,1809.5573684677208,1808.8061156330684,174.40303283004778,0.0,primary_reference
9,9,1808.99,174.83,154.171,7.38559,20.0,9.0,,v9,A1_v=9_run=20250825-093810,20250825-093810,True,24.0,1809.5573684677208,1808.8061156330684,174.40303283004778,0.0,primary_reference
9,9,1808.99,174.83,169.708,7.19267,22.0,9.0,,v9,A1_v=9_run=20250825-093810,20250825-093810,True,24.0,1809.5573684677208,1808.8061156330684,174.40303283004778,0.0,primary_reference
10,10,683.49,69.62,130.727,6.70444,16.0,9.0,,v9,A1_v=9_run=20250825-093810,20250825-093810,True,24.0,1809.5573684677208,683.253326497953,69.7587949763913,0.0,primary_reference
10,10,683.49,69.62,140.946,6.77396,18.0,9.0,,v9,A1_v=9_run=20250825-093810,20250825-093810,True,24.0,1809.5573684677208,683.253326497953,69.7587949763913,0.0,primary_reference
10,10,683.49,69.62,160.892,6.83312,20.0,9.0,,v9,A1_v=9_run=20250825-093810,20250825-093810,True,24.0,1809.5573684677208,683.253326497953,69.7587949763913,0.0,primary_reference
10,10,683.49,69.62,183.83,6.84612,22.0,9.0,,v9,A1_v=9_run=20250825-093810,20250825-093810,True,24.0,1809.5573684677208,683.253326497953,69.7587949763913,0.0,primary_reference
11,11,844.99,69.96,41.6626,7.22424,16.0,9.0,,v9,A1_v=9_run=20250825-093810,20250825-093810,True,24.0,1809.5573684677208,844.7534922168177,70.01761690899048,0.0,primary_reference
11,11,844.99,69.96,49.936,7.18143,18.0,9.0,,v9,A1_v=9_run=20250825-093810,20250825-093810,True,24.0,1809.5573684677208,844.7534922168177,70.01761690899048,0.0,primary_reference
11,11,844.99,69.96,45.3874,7.22095,20.0,9.0,,v9,A1_v=9_run=20250825-093810,20250825-093810,True,24.0,1809.5573684677208,844.7534922168177,70.01761690899048,0.0,primary_reference
11,11,844.99,69.96,44.0129,7.21256,22.0,9.0,,v9,A1_v=9_run=20250825-093810,20250825-093810,True,24.0,1809.5573684677208,844.7534922168177,70.01761690899048,0.0,primary_reference
