spot,x_ref,y_ref,first_seen_phase,first_seen_run,last_seen_phase,last_seen_run
0,33.19,821.55,before_annealing,20260516-064844,annealing_T=150_h=25,20260919-004123
1,33.75,440.13,before_annealing,20260516-064844,annealing_T=150_h=25,20260919-004123
2,39.63,1051.46,before_annealing,20260516-064844,annealing_T=150_h=25,20260919-004123
3,47.07,969.14,before_annealing,20260516-064844,annealing_T=75_h=5,20260523-062735
4,47.69,208.36,before_annealing,20260516-064844,annealing_T=150_h=25,20260919-004123
5,57.24,17.68,before_annealing,20260516-064844,annealing_T=150_h=5,20260912-010115
6,79.85,338.14,before_annealing,20260516-064844,annealing_T=150_h=5,20260912-010115
7,91.16,704.51,before_annealing,20260516-064844,annealing_T=125_h=5,20260725-020716
8,98.07,275.51,before_annealing,20260516-064844,annealing_T=75_h=25,20260602-133829
9,121.14,1071.47,before_annealing,20260516-064844,annealing_T=75_h=5,20260523-062735
10,149.17,610.61,before_annealing,20260516-064844,annealing_T=125_h=5,20260725-020716
11,159.87,436.99,before_annealing,20260516-064844,annealing_T=100_h=25,20260629-230214
12,192.52,139.95,before_annealing,20260516-064844,annealing_T=150_h=25,20260919-004123
13,197.26,576.07,before_annealing,20260516-064844,annealing_T=75_h=25,20260602-133829
14,206.03,892.43,before_annealing,20260516-064844,annealing_T=125_h=5,20260725-020716
15,217.72,313.92,before_annealing,20260516-064844,annealing_T=125_h=25,20260902-011233
16,234.31,476.92,before_annealing,20260516-064844,annealing_T=150_h=25,20260919-004123
17,234.87,113.77,before_annealing,20260516-064844,annealing_T=100_h=5,20260613-015321
18,256.25,139.07,before_annealing,20260516-064844,annealing_T=150_h=25,20260919-004123
19,280.84,946.04,before_annealing,20260516-064844,annealing_T=125_h=25,20260902-011233
20,289.79,757.72,before_annealing,20260516-064844,before_annealing,20260516-064844
21,314.37,1065.31,before_annealing,20260516-064844,annealing_T=150_h=5,20260912-010115
22,316.44,878.57,before_annealing,20260516-064844,annealing_T=150_h=25,20260919-004123
23,336.62,986.31,before_annealing,20260516-064844,annealing_T=100_h=5,20260613-015321
24,338.14,147.65,before_annealing,20260516-064844,annealing_T=125_h=25,20260902-011233
25,347.5,391.75,before_annealing,20260516-064844,annealing_T=150_h=5,20260912-010115
26,347.53,554.01,before_annealing,20260516-064844,annealing_T=150_h=25,20260919-004123
27,352.21,710.15,before_annealing,20260516-064844,annealing_T=75_h=25,20260602-133829
28,374.48,1007.59,before_annealing,20260516-064844,annealing_T=150_h=25,20260919-004123
29,390.6,830.77,before_annealing,20260516-064844,annealing_T=150_h=25,20260919-004123
30,405.49,529.85,before_annealing,20260516-064844,annealing_T=125_h=25,20260902-011233
31,446.25,53.17,before_annealing,20260516-064844,annealing_T=150_h=5,20260912-010115
32,452.61,612.34,before_annealing,20260516-064844,annealing_T=150_h=25,20260919-004123
33,458.74,828.06,before_annealing,20260516-064844,annealing_T=150_h=5,20260912-010115
34,460.28,888.4,before_annealing,20260516-064844,annealing_T=125_h=5,20260725-020716
35,462.53,407.47,before_annealing,20260516-064844,annealing_T=150_h=25,20260919-004123
36,472.86,339.96,before_annealing,20260516-064844,annealing_T=150_h=25,20260919-004123
37,490.54,667.95,before_annealing,20260516-064844,annealing_T=100_h=25,20260629-230214
38,499.83,416.26,before_annealing,20260516-064844,annealing_T=150_h=25,20260919-004123
39,503.39,524.15,before_annealing,20260516-064844,annealing_T=150_h=25,20260919-004123
40,504.59,436.74,before_annealing,20260516-064844,before_annealing,20260516-064844
41,522.14,921.32,before_annealing,20260516-064844,annealing_T=150_h=25,20260919-004123
42,558.01,917.16,before_annealing,20260516-064844,annealing_T=150_h=25,20260919-004123
43,560.79,290.71,before_annealing,20260516-064844,annealing_T=150_h=5,20260912-010115
44,592.89,328.41,before_annealing,20260516-064844,annealing_T=100_h=5,20260613-015321
45,615.06,794.12,before_annealing,20260516-064844,annealing_T=125_h=25,20260902-011233
46,638.5,1039.63,before_annealing,20260516-064844,before_annealing,20260516-064844
47,646.51,533.35,before_annealing,20260516-064844,annealing_T=100_h=5,20260613-015321
48,653.72,762.12,before_annealing,20260516-064844,annealing_T=150_h=25,20260919-004123
49,666.12,235.05,before_annealing,20260516-064844,annealing_T=125_h=5,20260725-020716
50,667.83,429.59,before_annealing,20260516-064844,annealing_T=150_h=25,20260919-004123
51,676.32,577.69,before_annealing,20260516-064844,before_annealing,20260516-064844
52,691.47,991.67,before_annealing,20260516-064844,annealing_T=125_h=5,20260725-020716
53,700.9,209.36,before_annealing,20260516-064844,annealing_T=100_h=25,20260629-230214
54,711.17,110.55,before_annealing,20260516-064844,annealing_T=100_h=25,20260629-230214
55,728.99,381.06,before_annealing,20260516-064844,annealing_T=150_h=25,20260919-004123
56,745.25,90.13,before_annealing,20260516-064844,annealing_T=125_h=5,20260725-020716
57,747.33,906.91,before_annealing,20260516-064844,annealing_T=150_h=5,20260912-010115
58,772.12,904.15,before_annealing,20260516-064844,annealing_T=100_h=5,20260613-015321
59,773.23,937.93,before_annealing,20260516-064844,annealing_T=100_h=5,20260613-015321
60,791.24,461.75,before_annealing,20260516-064844,annealing_T=150_h=25,20260919-004123
61,791.85,990.49,before_annealing,20260516-064844,annealing_T=150_h=25,20260919-004123
62,794.63,319.12,before_annealing,20260516-064844,annealing_T=100_h=5,20260613-015321
63,818.92,699.23,before_annealing,20260516-064844,before_annealing,20260516-064844
64,828.35,487.8,before_annealing,20260516-064844,annealing_T=75_h=5,20260523-062735
65,832.61,800.66,before_annealing,20260516-064844,annealing_T=125_h=5,20260725-020716
66,846.58,310.2,before_annealing,20260516-064844,annealing_T=75_h=25,20260602-133829
67,846.64,170.33,before_annealing,20260516-064844,annealing_T=150_h=25,20260919-004123
68,853.13,945.16,before_annealing,20260516-064844,annealing_T=150_h=5,20260912-010115
69,881.37,274.39,before_annealing,20260516-064844,annealing_T=150_h=25,20260919-004123
70,886.01,868.89,before_annealing,20260516-064844,annealing_T=125_h=5,20260725-020716
71,906.21,277.04,before_annealing,20260516-064844,annealing_T=150_h=25,20260919-004123
72,927.41,741.41,before_annealing,20260516-064844,annealing_T=150_h=25,20260919-004123
73,936.48,978.98,before_annealing,20260516-064844,annealing_T=150_h=25,20260919-004123
74,950.79,1041.82,before_annealing,20260516-064844,annealing_T=150_h=25,20260919-004123
75,971.85,139.56,before_annealing,20260516-064844,annealing_T=150_h=25,20260919-004123
76,978.63,702.59,before_annealing,20260516-064844,annealing_T=100_h=5,20260613-015321
77,981.67,1061.92,before_annealing,20260516-064844,annealing_T=150_h=5,20260912-010115
78,1006.51,765.42,before_annealing,20260516-064844,annealing_T=150_h=5,20260912-010115
79,1033.09,761.79,before_annealing,20260516-064844,annealing_T=150_h=25,20260919-004123
80,1060.75,682.96,before_annealing,20260516-064844,annealing_T=125_h=25,20260902-011233
81,1070.25,854.16,before_annealing,20260516-064844,annealing_T=150_h=25,20260919-004123
82,1084.08,488.37,before_annealing,20260516-064844,annealing_T=100_h=25,20260629-230214
83,1092.74,323.56,before_annealing,20260516-064844,annealing_T=150_h=5,20260912-010115
84,1095.35,253.98,before_annealing,20260516-064844,annealing_T=100_h=5,20260613-015321
85,1107.33,381.66,before_annealing,20260516-064844,annealing_T=100_h=5,20260613-015321
86,1109.27,280.53,before_annealing,20260516-064844,annealing_T=75_h=5,20260523-062735
87,1112.02,793.94,before_annealing,20260516-064844,annealing_T=150_h=25,20260919-004123
88,1121.13,918.17,before_annealing,20260516-064844,annealing_T=100_h=25,20260629-230214
89,1181.97,33.3,before_annealing,20260516-064844,annealing_T=150_h=5,20260912-010115
90,1186.01,909.29,before_annealing,20260516-064844,annealing_T=125_h=5,20260725-020716
91,1189.23,757.63,before_annealing,20260516-064844,annealing_T=125_h=5,20260725-020716
92,1218.04,693.05,before_annealing,20260516-064844,annealing_T=150_h=5,20260912-010115
93,1226.34,80.12,before_annealing,20260516-064844,annealing_T=125_h=5,20260725-020716
94,1237.79,901.75,before_annealing,20260516-064844,annealing_T=150_h=5,20260912-010115
95,1241.81,848.42,before_annealing,20260516-064844,annealing_T=100_h=25,20260629-230214
96,1270.06,981.94,before_annealing,20260516-064844,annealing_T=75_h=25,20260602-133829
97,1278.54,556.42,before_annealing,20260516-064844,annealing_T=125_h=25,20260902-011233
98,1301.72,253.54,before_annealing,20260516-064844,annealing_T=150_h=25,20260919-004123
99,1337.29,197.47,before_annealing,20260516-064844,annealing_T=75_h=5,20260523-062735
100,1344.84,544.93,before_annealing,20260516-064844,annealing_T=150_h=25,20260919-004123
101,1345.09,131.86,before_annealing,20260516-064844,annealing_T=125_h=5,20260725-020716
102,1346.91,791.26,before_annealing,20260516-064844,annealing_T=75_h=5,20260523-062735
103,1350.48,250.82,before_annealing,20260516-064844,annealing_T=150_h=25,20260919-004123
104,1358.78,40.43,before_annealing,20260516-064844,annealing_T=150_h=5,20260912-010115
105,1365.73,574.96,before_annealing,20260516-064844,annealing_T=125_h=5,20260725-020716
106,1367.79,982.0,before_annealing,20260516-064844,annealing_T=150_h=25,20260919-004123
107,1384.95,1032.11,before_annealing,20260516-064844,annealing_T=125_h=25,20260902-011233
108,1400.4,32.0,before_annealing,20260516-064844,annealing_T=125_h=5,20260725-020716
109,1401.57,766.06,before_annealing,20260516-064844,annealing_T=150_h=5,20260912-010115
110,1439.58,625.9,before_annealing,20260516-064844,annealing_T=150_h=25,20260919-004123
111,1448.73,584.47,before_annealing,20260516-064844,annealing_T=100_h=5,20260613-015321
112,1453.74,495.49,before_annealing,20260516-064844,annealing_T=125_h=5,20260725-020716
113,1456.78,436.17,before_annealing,20260516-064844,annealing_T=100_h=25,20260629-230214
114,1458.79,189.22,before_annealing,20260516-064844,annealing_T=100_h=5,20260613-015321
115,1463.01,150.25,before_annealing,20260516-064844,annealing_T=150_h=25,20260919-004123
116,1466.68,874.61,before_annealing,20260516-064844,annealing_T=125_h=25,20260902-011233
117,1476.55,69.97,before_annealing,20260516-064844,annealing_T=150_h=5,20260912-010115
118,1479.54,468.37,before_annealing,20260516-064844,annealing_T=75_h=5,20260523-062735
119,1484.36,785.03,before_annealing,20260516-064844,annealing_T=150_h=25,20260919-004123
120,1498.75,365.7,before_annealing,20260516-064844,annealing_T=100_h=25,20260629-230214
121,1503.46,978.05,before_annealing,20260516-064844,annealing_T=125_h=5,20260725-020716
122,1504.18,54.28,before_annealing,20260516-064844,annealing_T=150_h=25,20260919-004123
123,1504.7,795.76,before_annealing,20260516-064844,annealing_T=100_h=5,20260613-015321
124,1506.22,229.93,before_annealing,20260516-064844,annealing_T=100_h=5,20260613-015321
125,1529.71,484.54,before_annealing,20260516-064844,annealing_T=150_h=25,20260919-004123
126,1558.41,608.68,before_annealing,20260516-064844,annealing_T=75_h=25,20260602-133829
127,1564.71,884.17,before_annealing,20260516-064844,annealing_T=150_h=25,20260919-004123
128,1574.68,937.22,before_annealing,20260516-064844,annealing_T=100_h=25,20260629-230214
129,1587.41,278.45,before_annealing,20260516-064844,annealing_T=125_h=25,20260902-011233
130,1595.36,859.28,before_annealing,20260516-064844,annealing_T=100_h=25,20260629-230214
131,1604.42,809.24,before_annealing,20260516-064844,annealing_T=150_h=25,20260919-004123
132,1625.67,629.09,before_annealing,20260516-064844,annealing_T=150_h=25,20260919-004123
133,1626.61,981.26,before_annealing,20260516-064844,annealing_T=100_h=5,20260613-015321
134,1628.3,86.21,before_annealing,20260516-064844,annealing_T=125_h=25,20260902-011233
135,1638.1,1020.92,before_annealing,20260516-064844,annealing_T=150_h=25,20260919-004123
136,1639.96,346.08,before_annealing,20260516-064844,annealing_T=75_h=25,20260602-133829
137,1648.1,678.46,before_annealing,20260516-064844,annealing_T=100_h=25,20260629-230214
138,1681.88,604.61,before_annealing,20260516-064844,annealing_T=150_h=25,20260919-004123
139,1685.59,913.83,before_annealing,20260516-064844,annealing_T=150_h=25,20260919-004123
140,1688.68,693.74,before_annealing,20260516-064844,annealing_T=150_h=5,20260912-010115
141,1688.82,36.38,before_annealing,20260516-064844,annealing_T=150_h=5,20260912-010115
142,1701.76,702.13,before_annealing,20260516-064844,annealing_T=75_h=25,20260602-133829
143,1701.81,804.14,before_annealing,20260516-064844,annealing_T=150_h=25,20260919-004123
144,1706.41,529.3,before_annealing,20260516-064844,annealing_T=125_h=5,20260725-020716
145,1708.08,825.09,before_annealing,20260516-064844,annealing_T=150_h=5,20260912-010115
146,1709.48,446.39,before_annealing,20260516-064844,annealing_T=125_h=5,20260725-020716
147,1711.45,373.69,before_annealing,20260516-064844,annealing_T=125_h=5,20260725-020716
148,1712.18,549.79,before_annealing,20260516-064844,annealing_T=125_h=25,20260902-011233
149,1714.17,9.22,before_annealing,20260516-064844,annealing_T=100_h=25,20260629-230214
150,1716.36,575.49,before_annealing,20260516-064844,annealing_T=150_h=25,20260919-004123
151,1718.51,47.18,before_annealing,20260516-064844,annealing_T=125_h=25,20260902-011233
152,1744.47,661.06,before_annealing,20260516-064844,annealing_T=150_h=5,20260912-010115
153,1753.73,201.86,before_annealing,20260516-064844,annealing_T=100_h=5,20260613-015321
154,1759.58,844.47,before_annealing,20260516-064844,annealing_T=150_h=25,20260919-004123
155,1780.08,610.32,before_annealing,20260516-064844,annealing_T=75_h=5,20260523-062735
156,1811.44,646.15,before_annealing,20260516-064844,annealing_T=75_h=25,20260602-133829
157,1813.19,133.51,before_annealing,20260516-064844,annealing_T=125_h=5,20260725-020716
158,1820.97,987.41,before_annealing,20260516-064844,annealing_T=150_h=5,20260912-010115
159,1825.29,899.06,before_annealing,20260516-064844,annealing_T=125_h=25,20260902-011233
160,1832.31,271.49,before_annealing,20260516-064844,annealing_T=150_h=25,20260919-004123
161,1841.53,811.06,before_annealing,20260516-064844,annealing_T=150_h=5,20260912-010115
162,1841.85,876.77,before_annealing,20260516-064844,annealing_T=100_h=25,20260629-230214
163,1867.27,738.79,before_annealing,20260516-064844,annealing_T=125_h=25,20260902-011233
164,1888.17,371.02,before_annealing,20260516-064844,annealing_T=125_h=25,20260902-011233
165,1891.55,260.13,before_annealing,20260516-064844,annealing_T=150_h=5,20260912-010115
166,1894.29,919.7,before_annealing,20260516-064844,annealing_T=100_h=25,20260629-230214
167,1899.29,1060.7,before_annealing,20260516-064844,annealing_T=150_h=25,20260919-004123
168,1914.2,643.18,before_annealing,20260516-064844,annealing_T=125_h=25,20260902-011233
169,149.97,225.86,annealing_T=75_h=5,20260523-062735,annealing_T=75_h=5,20260523-062735
170,203.07,1.71,annealing_T=75_h=5,20260523-062735,annealing_T=75_h=5,20260523-062735
171,355.11,818.2,annealing_T=75_h=5,20260523-062735,annealing_T=75_h=5,20260523-062735
172,399.82,862.94,annealing_T=75_h=5,20260523-062735,annealing_T=75_h=5,20260523-062735
173,432.81,815.74,annealing_T=75_h=5,20260523-062735,annealing_T=75_h=5,20260523-062735
174,452.78,588.97,annealing_T=75_h=5,20260523-062735,annealing_T=100_h=5,20260613-015321
175,590.6,234.68,annealing_T=75_h=5,20260523-062735,annealing_T=75_h=25,20260602-133829
176,609.72,20.19,annealing_T=75_h=5,20260523-062735,annealing_T=75_h=5,20260523-062735
177,984.19,928.63,annealing_T=75_h=5,20260523-062735,annealing_T=100_h=25,20260629-230214
178,1202.92,204.17,annealing_T=75_h=5,20260523-062735,annealing_T=125_h=25,20260902-011233
179,1862.53,977.21,annealing_T=75_h=5,20260523-062735,annealing_T=75_h=5,20260523-062735
180,788.83,31.6,annealing_T=75_h=25,20260602-133829,annealing_T=125_h=5,20260725-020716
181,1145.7,632.78,annealing_T=75_h=25,20260602-133829,annealing_T=100_h=25,20260629-230214
182,1384.96,429.18,annealing_T=75_h=25,20260602-133829,annealing_T=75_h=25,20260602-133829
183,1585.67,547.95,annealing_T=75_h=25,20260602-133829,annealing_T=75_h=25,20260602-133829
184,374.2,937.75,annealing_T=100_h=5,20260613-015321,annealing_T=100_h=5,20260613-015321
185,1387.07,267.95,annealing_T=100_h=5,20260613-015321,annealing_T=125_h=5,20260725-020716
186,1442.78,321.35,annealing_T=100_h=5,20260613-015321,annealing_T=100_h=25,20260629-230214
187,1512.9,472.54,annealing_T=100_h=5,20260613-015321,annealing_T=100_h=5,20260613-015321
188,1625.29,666.48,annealing_T=100_h=5,20260613-015321,annealing_T=125_h=5,20260725-020716
189,230.77,250.18,annealing_T=100_h=25,20260629-230214,annealing_T=100_h=25,20260629-230214
190,526.24,472.35,annealing_T=100_h=25,20260629-230214,annealing_T=100_h=25,20260629-230214
191,1101.21,20.98,annealing_T=100_h=25,20260629-230214,annealing_T=100_h=25,20260629-230214
192,1236.58,531.18,annealing_T=100_h=25,20260629-230214,annealing_T=100_h=25,20260629-230214
193,811.48,736.2,annealing_T=125_h=5,20260725-020716,annealing_T=125_h=5,20260725-020716
194,929.99,208.09,annealing_T=125_h=5,20260725-020716,annealing_T=150_h=5,20260912-010115
195,1639.9,56.52,annealing_T=125_h=5,20260725-020716,annealing_T=125_h=5,20260725-020716
196,411.86,210.45,annealing_T=125_h=25,20260902-011233,annealing_T=125_h=25,20260902-011233
197,58.92,3.4,annealing_T=150_h=5,20260912-010115,annealing_T=150_h=5,20260912-010115
198,1589.57,173.39,annealing_T=150_h=5,20260912-010115,annealing_T=150_h=5,20260912-010115
199,1739.24,622.29,annealing_T=150_h=5,20260912-010115,annealing_T=150_h=5,20260912-010115
200,1779.68,681.34,annealing_T=150_h=5,20260912-010115,annealing_T=150_h=5,20260912-010115
201,1466.67,409.33,annealing_T=150_h=25,20260919-004123,annealing_T=150_h=25,20260919-004123
