Phase;Run number;Sensor
bef_ann;20260512-123812;A1
bef_ann;20260514-190549;A2
bef_ann;20260515-160114;B1
bef_ann;20260518-105524;B2
ann_75_5;20260519-180723;A1
ann_75_5;20260521-181553;A2
ann_75_5;20260522-153514;B1
ann_75_5;20260525-125415;B2
ann_75_25;20260529-093520;A1
ann_75_25;20260608-115621;A2
ann_75_25;20260601-225211;B1
ann_75_25;20260606-114746;B2
ann_100_5;20260610-055950;A1
ann_100_5;20260617-090129;A2
ann_100_5;20260612-110336;B1
ann_100_5;20260619-110726;B2
ann_100_25;20260624-192458;A1
ann_100_25;20260701-110203;A2
ann_100_25;20260629-082957;B1
ann_100_25;20260721-152154;B2
ann_125_5;20260722-172032;A1
ann_125_5;20260727-122841;A2
ann_125_5;20260724-111942;B1
ann_125_5;20260728-092249;B2
ann_125_25;20260826-144856;A1
ann_125_25;20260831-115727;A2
ann_125_25;20260901-102349;B1
ann_125_25;20260903-105535;B2
ann_150_5;20260907-133626;A1
ann_150_5;20260909-160823;A2
ann_150_5;20260911-101035;B1
ann_150_5;20260910-095023;B2
ann_150_25;20260915-142616;A1
ann_150_25;20260917-164036;A2
ann_150_25;20260918-095250;B1
ann_150_25;20260921-104308;B2