sensor,phase,counted_hotspots,counted_hotspots_error
A1,before_annealing,562,29
A1,annealing_75_5,554,31
A1,annealing_75_25,526,29
A1,annealing_100_5,486,21
A1,annealing_100_25,433,23
A1,annealing_125_5,408,20
A1,annealing_125_25,345,19
A1,annealing_150_5,318,12
A1,annealing_150_25,251,17
A2,before_annealing,596,34
A2,annealing_75_5,564,30
A2,annealing_75_25,545,33
A2,annealing_100_5,498,29
A2,annealing_100_25,414,19
A2,annealing_125_5,387,20
A2,annealing_125_25,360,19
A2,annealing_150_5,316,22
A2,annealing_150_25,240,21
B1,before_annealing,535,15
B1,annealing_75_5,518,15
B1,annealing_75_25,505,15
B1,annealing_100_5,472,14
B1,annealing_100_25,420,8
B1,annealing_125_5,378,16
B1,annealing_125_25,341,18
B1,annealing_150_5,284,13
B1,annealing_150_25,219,17
B2,before_annealing,527,13
B2,annealing_75_5,509,12
B2,annealing_75_25,483,16
B2,annealing_100_5,466,16
B2,annealing_100_25,423,17
B2,annealing_125_5,371,13
B2,annealing_125_25,320,13
B2,annealing_150_5,256,14
B2,annealing_150_25,231,12
