spot,x,y,luminosity,error,T,v,v_fin
0,4.09,740.56,5.60599,5.36314,20,52.3,1.0
0,4.09,740.56,14.2684,6.20908,20,53.3,2.0
0,4.09,740.56,32.4478,6.18682,20,54.3,3.0
0,4.09,740.56,54.3151,6.43151,20,55.3,4.0
0,4.09,740.56,81.9712,7.37754,20,56.3,5.0
0,4.09,740.56,174.734,9.15104,20,58.3,7.0
1,5.96,452.55,2.55694,3.78137,20,52.3,1.0
1,5.96,452.55,0.919642,4.35212,20,53.3,2.0
1,5.96,452.55,6.6524,4.42706,20,54.3,3.0
1,5.96,452.55,12.6702,4.25865,20,55.3,4.0
1,5.96,452.55,23.4972,5.17567,20,56.3,5.0
1,5.96,452.55,49.0065,6.07849,20,58.3,7.0
3,61.44,537.84,38.5931,18.48,20,52.3,1.0
3,61.44,537.84,119.214,19.5735,20,53.3,2.0
3,61.44,537.84,198.753,21.7475,20,54.3,3.0
3,61.44,537.84,324.03,23.1058,20,55.3,4.0
3,61.44,537.84,453.399,26.1851,20,56.3,5.0
3,61.44,537.84,880.162,35.1179,20,58.3,7.0
4,63.1,1071.42,15.2724,12.048,20,52.3,1.0
4,63.1,1071.42,65.0736,12.6517,20,53.3,2.0
4,63.1,1071.42,133.385,14.0534,20,54.3,3.0
4,63.1,1071.42,212.8,14.9032,20,55.3,4.0
4,63.1,1071.42,308.493,16.5615,20,56.3,5.0
4,63.1,1071.42,531.709,22.465,20,58.3,7.0
5,61.87,580.07,205.906,46.4264,20,52.3,1.0
5,61.87,580.07,701.941,51.7753,20,53.3,2.0
5,61.87,580.07,1453.48,55.4056,20,54.3,3.0
5,61.87,580.07,2400.94,61.3186,20,55.3,4.0
5,61.87,580.07,3607.9,70.8204,20,56.3,5.0
5,61.87,580.07,7129.09,104.973,20,58.3,7.0
6,67.38,558.85,36.6248,27.611,20,52.3,1.0
6,67.38,558.85,154.021,30.3589,20,53.3,2.0
6,67.38,558.85,389.319,33.842,20,54.3,3.0
6,67.38,558.85,642.313,36.6951,20,55.3,4.0
6,67.38,558.85,1020.42,41.2071,20,56.3,5.0
6,67.38,558.85,2803.75,62.297,20,58.3,7.0
7,70.49,1055.87,3.26355,4.41935,20,52.3,1.0
7,70.49,1055.87,8.94075,4.5936,20,53.3,2.0
7,70.49,1055.87,20.1858,4.89186,20,54.3,3.0
7,70.49,1055.87,29.1818,5.26368,20,55.3,4.0
7,70.49,1055.87,45.389,5.69616,20,56.3,5.0
7,70.49,1055.87,79.2601,7.34377,20,58.3,7.0
8,73.63,816.52,61.5585,41.7411,20,52.3,1.0
8,73.63,816.52,166.616,45.5694,20,53.3,2.0
8,73.63,816.52,328.467,48.8233,20,54.3,3.0
8,73.63,816.52,2168.96,55.2321,20,55.3,4.0
8,73.63,816.52,3058.23,62.9402,20,56.3,5.0
8,73.63,816.52,5456.63,88.1495,20,58.3,7.0
9,80.99,103.41,3.42715,6.67231,20,52.3,1.0
9,80.99,103.41,16.0645,7.41383,20,53.3,2.0
9,80.99,103.41,28.01,7.74577,20,54.3,3.0
9,80.99,103.41,35.0277,8.41331,20,55.3,4.0
9,80.99,103.41,79.4249,9.11781,20,56.3,5.0
9,80.99,103.41,137.683,12.3122,20,58.3,7.0
10,97.6,362.54,1.98061,13.6434,20,52.3,1.0
10,97.6,362.54,26.6675,15.4665,20,53.3,2.0
10,97.6,362.54,75.4344,16.0156,20,54.3,3.0
10,97.6,362.54,159.697,16.889,20,55.3,4.0
10,97.6,362.54,244.814,19.4503,20,56.3,5.0
10,97.6,362.54,503.036,24.4968,20,58.3,7.0
11,117.87,328.49,0.926114,2.51822,20,52.3,1.0
11,117.87,328.49,3.30734,2.64344,20,53.3,2.0
11,117.87,328.49,7.07479,2.8214,20,54.3,3.0
11,117.87,328.49,8.96503,2.96836,20,55.3,4.0
11,117.87,328.49,13.0273,3.15878,20,56.3,5.0
11,117.87,328.49,23.5739,3.99621,20,58.3,7.0
12,141.17,264.27,4.01649,4.20176,20,52.3,1.0
12,141.17,264.27,10.4436,4.43843,20,53.3,2.0
12,141.17,264.27,19.8574,4.58199,20,54.3,3.0
12,141.17,264.27,34.2557,4.87458,20,55.3,4.0
12,141.17,264.27,41.6316,5.42712,20,56.3,5.0
12,141.17,264.27,66.7726,6.53899,20,58.3,7.0
13,157.63,918.9,20.1988,11.9283,20,52.3,1.0
13,157.63,918.9,56.0737,13.0916,20,53.3,2.0
13,157.63,918.9,106.916,13.8526,20,54.3,3.0
13,157.63,918.9,178.718,14.5044,20,55.3,4.0
13,157.63,918.9,230.119,16.6842,20,56.3,5.0
13,157.63,918.9,417.068,20.52,20,58.3,7.0
14,181.38,951.05,5.50233,17.1345,20,52.3,1.0
14,181.38,951.05,54.0279,18.4739,20,53.3,2.0
14,181.38,951.05,144.863,19.7384,20,54.3,3.0
14,181.38,951.05,277.913,20.5051,20,55.3,4.0
14,181.38,951.05,477.355,23.2873,20,56.3,5.0
14,181.38,951.05,1108.67,31.4177,20,58.3,7.0
15,183.74,178.36,155.6,66.7921,20,52.3,1.0
15,183.74,178.36,625.611,74.0695,20,53.3,2.0
15,183.74,178.36,1526.68,78.4235,20,54.3,3.0
15,183.74,178.36,2932.68,84.3642,20,55.3,4.0
15,183.74,178.36,4920.72,100.493,20,56.3,5.0
15,183.74,178.36,11563.4,147.609,20,58.3,7.0
16,197.26,526.43,10.7247,12.8283,20,52.3,1.0
16,197.26,526.43,40.1061,15.0344,20,53.3,2.0
16,197.26,526.43,88.9107,15.357,20,54.3,3.0
16,197.26,526.43,157.303,16.7797,20,55.3,4.0
16,197.26,526.43,269.096,18.7035,20,56.3,5.0
16,197.26,526.43,592.088,25.0564,20,58.3,7.0
17,199.86,62.67,12.0437,7.84268,20,52.3,1.0
17,199.86,62.67,37.6002,9.01776,20,53.3,2.0
17,199.86,62.67,68.0256,9.4242,20,54.3,3.0
17,199.86,62.67,91.8972,10.3409,20,55.3,4.0
17,199.86,62.67,126.649,11.2911,20,56.3,5.0
17,199.86,62.67,219.27,13.9198,20,58.3,7.0
18,221.28,926.12,0.943827,1.82037,20,52.3,1.0
18,221.28,926.12,0.655424,2.07855,20,53.3,2.0
18,221.28,926.12,2.70055,1.89121,20,54.3,3.0
18,221.28,926.12,6.81481,2.17257,20,55.3,4.0
18,221.28,926.12,9.45199,2.2281,20,56.3,5.0
18,221.28,926.12,20.6502,2.84804,20,58.3,7.0
19,233.28,91.24,0.590926,2.33484,20,52.3,1.0
19,233.28,91.24,3.89022,2.43835,20,53.3,2.0
19,233.28,91.24,6.51773,2.44615,20,54.3,3.0
19,233.28,91.24,9.64311,2.61065,20,55.3,4.0
19,233.28,91.24,17.1811,2.8932,20,56.3,5.0
19,233.28,91.24,32.6247,3.6352,20,58.3,7.0
21,238.48,250.13,48.9274,21.303,20,52.3,1.0
21,238.48,250.13,179.458,23.4099,20,53.3,2.0
21,238.48,250.13,333.106,25.8549,20,54.3,3.0
21,238.48,250.13,363.586,27.2672,20,55.3,4.0
21,238.48,250.13,796.69,33.6513,20,56.3,5.0
21,238.48,250.13,1542.56,45.0004,20,58.3,7.0
22,256.59,357.74,17.1457,16.572,20,52.3,1.0
22,256.59,357.74,61.9096,18.5368,20,53.3,2.0
22,256.59,357.74,132.705,19.7356,20,54.3,3.0
22,256.59,357.74,235.44,21.0154,20,55.3,4.0
22,256.59,357.74,412.438,24.5576,20,56.3,5.0
22,256.59,357.74,1003.36,33.1122,20,58.3,7.0
23,277.5,25.64,1.74367,2.51393,20,52.3,1.0
23,277.5,25.64,1.41543,2.53149,20,53.3,2.0
23,277.5,25.64,3.55223,2.87522,20,54.3,3.0
23,277.5,25.64,4.39101,3.12136,20,55.3,4.0
23,277.5,25.64,11.6463,3.30587,20,56.3,5.0
23,277.5,25.64,28.4531,4.34684,20,58.3,7.0
24,337.82,293.26,1.88267,4.36871,20,52.3,1.0
24,337.82,293.26,8.65029,4.53126,20,53.3,2.0
24,337.82,293.26,15.0898,5.01012,20,54.3,3.0
24,337.82,293.26,21.7659,5.03475,20,55.3,4.0
24,337.82,293.26,28.6188,5.9019,20,56.3,5.0
24,337.82,293.26,53.3646,6.83687,20,58.3,7.0
25,350.57,46.11,1.76319,3.07297,20,52.3,1.0
25,350.57,46.11,3.17277,3.46092,20,53.3,2.0
25,350.57,46.11,8.44397,3.4382,20,54.3,3.0
25,350.57,46.11,12.4222,3.59031,20,55.3,4.0
25,350.57,46.11,18.7818,4.00479,20,56.3,5.0
25,350.57,46.11,35.4185,4.95823,20,58.3,7.0
26,362.61,852.03,12.0851,11.5026,20,52.3,1.0
26,362.61,852.03,27.3277,12.3032,20,53.3,2.0
26,362.61,852.03,60.0876,12.4978,20,54.3,3.0
26,362.61,852.03,116.415,13.8423,20,55.3,4.0
26,362.61,852.03,186.327,16.0211,20,56.3,5.0
26,362.61,852.03,499.19,23.9028,20,58.3,7.0
27,377.66,374.97,0.455119,5.74689,20,52.3,1.0
27,377.66,374.97,2.99735,5.9845,20,53.3,2.0
27,377.66,374.97,12.1088,6.54886,20,54.3,3.0
27,377.66,374.97,21.6238,6.76845,20,55.3,4.0
27,377.66,374.97,36.006,7.10691,20,56.3,5.0
27,377.66,374.97,82.6172,9.15154,20,58.3,7.0
28,416.22,764.42,-0.369547,1.50458,20,52.3,1.0
28,416.22,764.42,1.07527,1.65274,20,53.3,2.0
28,416.22,764.42,1.65608,1.53059,20,54.3,3.0
28,416.22,764.42,4.14732,1.84609,20,55.3,4.0
28,416.22,764.42,8.34762,2.04815,20,56.3,5.0
28,416.22,764.42,17.6827,2.371,20,58.3,7.0
29,421.23,554.2,1.44465,2.43219,20,52.3,1.0
29,421.23,554.2,6.12429,2.80861,20,53.3,2.0
29,421.23,554.2,11.5026,2.90499,20,54.3,3.0
29,421.23,554.2,15.277,3.26495,20,55.3,4.0
29,421.23,554.2,20.3093,3.38114,20,56.3,5.0
29,421.23,554.2,27.6158,4.28758,20,58.3,7.0
30,422.7,953.14,15.4346,9.99636,20,52.3,1.0
30,422.7,953.14,45.7556,11.0542,20,53.3,2.0
30,422.7,953.14,86.7369,11.55,20,54.3,3.0
30,422.7,953.14,138.049,12.4836,20,55.3,4.0
30,422.7,953.14,194.353,13.2539,20,56.3,5.0
30,422.7,953.14,344.855,17.0836,20,58.3,7.0
31,426.05,77.87,-0.600856,8.39277,20,52.3,1.0
31,426.05,77.87,8.33157,9.21956,20,53.3,2.0
31,426.05,77.87,32.6033,9.77575,20,54.3,3.0
31,426.05,77.87,76.098,10.7183,20,55.3,4.0
31,426.05,77.87,120.346,11.0997,20,56.3,5.0
31,426.05,77.87,227.153,14.695,20,58.3,7.0
32,432.9,491.48,49.6977,20.7883,20,52.3,1.0
32,432.9,491.48,153.655,23.731,20,53.3,2.0
32,432.9,491.48,315.845,24.5338,20,54.3,3.0
32,432.9,491.48,543.835,27.2175,20,55.3,4.0
32,432.9,491.48,849.342,30.6888,20,56.3,5.0
32,432.9,491.48,1704.63,41.5566,20,58.3,7.0
33,460.83,771.8,8.8454,5.2328,20,52.3,1.0
33,460.83,771.8,19.2453,5.59795,20,53.3,2.0
33,460.83,771.8,36.0178,6.20236,20,54.3,3.0
33,460.83,771.8,43.7242,6.30608,20,55.3,4.0
33,460.83,771.8,60.6451,7.13147,20,56.3,5.0
33,460.83,771.8,87.8613,8.43357,20,58.3,7.0
34,491.45,101.92,42.5908,33.6083,20,52.3,1.0
34,491.45,101.92,167.553,37.0567,20,53.3,2.0
34,491.45,101.92,467.929,38.9552,20,54.3,3.0
34,491.45,101.92,874.014,42.0012,20,55.3,4.0
34,491.45,101.92,1470.49,47.2339,20,56.3,5.0
34,491.45,101.92,3428.37,66.8983,20,58.3,7.0
35,504.81,14.29,2.63236,2.74472,20,52.3,1.0
35,504.81,14.29,7.67736,2.81792,20,53.3,2.0
35,504.81,14.29,11.0406,3.06452,20,54.3,3.0
35,504.81,14.29,16.0127,3.51454,20,55.3,4.0
35,504.81,14.29,19.7647,3.82349,20,56.3,5.0
35,504.81,14.29,32.6416,4.43064,20,58.3,7.0
36,510.17,1002.41,5.83774,5.06304,20,52.3,1.0
36,510.17,1002.41,14.9273,5.48904,20,53.3,2.0
36,510.17,1002.41,31.2573,5.87228,20,54.3,3.0
36,510.17,1002.41,46.0518,6.16438,20,55.3,4.0
36,510.17,1002.41,66.5085,6.81558,20,56.3,5.0
36,510.17,1002.41,102.229,8.66709,20,58.3,7.0
37,510.67,143.02,1.174,9.81405,20,52.3,1.0
37,510.67,143.02,13.4804,10.3252,20,53.3,2.0
37,510.67,143.02,49.3384,11.6189,20,54.3,3.0
37,510.67,143.02,93.5841,12.2895,20,55.3,4.0
37,510.67,143.02,145.567,13.2166,20,56.3,5.0
37,510.67,143.02,295.652,17.8091,20,58.3,7.0
39,520.44,886.44,59.7837,28.1527,20,52.3,1.0
39,520.44,886.44,251.798,31.5393,20,53.3,2.0
39,520.44,886.44,570.169,34.5242,20,54.3,3.0
39,520.44,886.44,1010.94,38.9277,20,55.3,4.0
39,520.44,886.44,1579.21,43.8925,20,56.3,5.0
39,520.44,886.44,3113.59,62.9703,20,58.3,7.0
40,574.48,126.75,0.814444,1.7648,20,52.3,1.0
40,574.48,126.75,3.14939,2.07263,20,53.3,2.0
40,574.48,126.75,3.14265,2.06575,20,54.3,3.0
40,574.48,126.75,5.83982,2.21472,20,55.3,4.0
40,574.48,126.75,10.2681,2.57881,20,56.3,5.0
40,574.48,126.75,20.8524,2.97759,20,58.3,7.0
41,600.05,531.31,1.29434,3.38582,20,52.3,1.0
41,600.05,531.31,2.0574,3.7738,20,53.3,2.0
41,600.05,531.31,3.76928,4.09353,20,54.3,3.0
41,600.05,531.31,10.3464,4.45674,20,55.3,4.0
41,600.05,531.31,23.8998,4.92617,20,56.3,5.0
41,600.05,531.31,46.4278,6.07494,20,58.3,7.0
42,612.31,339.07,1.72556,2.90863,20,52.3,1.0
42,612.31,339.07,6.30071,3.245,20,53.3,2.0
42,612.31,339.07,12.341,3.21696,20,54.3,3.0
42,612.31,339.07,14.7938,3.4672,20,55.3,4.0
42,612.31,339.07,20.4002,3.742,20,56.3,5.0
42,612.31,339.07,31.3786,4.47403,20,58.3,7.0
43,617.32,1036.43,2.44779,3.96132,20,52.3,1.0
43,617.32,1036.43,3.84722,4.04619,20,53.3,2.0
43,617.32,1036.43,8.22877,4.37808,20,54.3,3.0
43,617.32,1036.43,12.2098,4.38623,20,55.3,4.0
43,617.32,1036.43,25.0509,5.06978,20,56.3,5.0
43,617.32,1036.43,49.0165,6.30367,20,58.3,7.0
44,632.87,58.18,21.1786,13.0584,20,52.3,1.0
44,632.87,58.18,64.5314,15.3799,20,53.3,2.0
44,632.87,58.18,131.476,15.3262,20,54.3,3.0
44,632.87,58.18,223.748,16.3019,20,55.3,4.0
44,632.87,58.18,342.238,18.4929,20,56.3,5.0
44,632.87,58.18,706.728,24.3921,20,58.3,7.0
45,642.21,919.71,-0.155408,3.79035,20,52.3,1.0
45,642.21,919.71,9.79588,4.53642,20,53.3,2.0
45,642.21,919.71,19.2756,4.33792,20,54.3,3.0
45,642.21,919.71,29.7944,4.44742,20,55.3,4.0
45,642.21,919.71,42.6741,5.2242,20,56.3,5.0
45,642.21,919.71,69.2164,6.36915,20,58.3,7.0
46,652.85,443.35,9.58755,7.17094,20,52.3,1.0
46,652.85,443.35,33.6014,7.97494,20,53.3,2.0
46,652.85,443.35,61.9632,8.35686,20,54.3,3.0
46,652.85,443.35,90.0654,8.62169,20,55.3,4.0
46,652.85,443.35,121.015,9.60617,20,56.3,5.0
46,652.85,443.35,197.103,12.2095,20,58.3,7.0
47,654.67,576.25,26.3735,38.3087,20,52.3,1.0
47,654.67,576.25,183.961,42.3177,20,53.3,2.0
47,654.67,576.25,498.197,44.5003,20,54.3,3.0
47,654.67,576.25,978.632,47.308,20,55.3,4.0
47,654.67,576.25,1622.68,53.6858,20,56.3,5.0
47,654.67,576.25,3578.86,76.5345,20,58.3,7.0
48,665.5,691.26,1.47995,5.94893,20,52.3,1.0
48,665.5,691.26,10.0529,6.3271,20,53.3,2.0
48,665.5,691.26,21.2218,6.82917,20,54.3,3.0
48,665.5,691.26,33.2412,6.92693,20,55.3,4.0
48,665.5,691.26,55.1592,7.4611,20,56.3,5.0
48,665.5,691.26,107.539,10.0608,20,58.3,7.0
49,675.07,908.25,2.44067,3.80314,20,52.3,1.0
49,675.07,908.25,8.54914,4.14948,20,53.3,2.0
49,675.07,908.25,16.8553,4.37636,20,54.3,3.0
49,675.07,908.25,27.6567,4.72837,20,55.3,4.0
49,675.07,908.25,44.4867,5.11475,20,56.3,5.0
49,675.07,908.25,72.6738,6.42449,20,58.3,7.0
50,702.71,368.44,1.19077,3.40489,20,52.3,1.0
50,702.71,368.44,3.04009,3.6367,20,53.3,2.0
50,702.71,368.44,6.05169,3.95834,20,54.3,3.0
50,702.71,368.44,11.8599,4.05754,20,55.3,4.0
50,702.71,368.44,19.4886,4.31725,20,56.3,5.0
50,702.71,368.44,37.7435,5.64087,20,58.3,7.0
51,753.34,39.78,46.466,85.6264,20,52.3,1.0
51,753.34,39.78,453.758,93.0443,20,53.3,2.0
51,753.34,39.78,1458.07,104.119,20,54.3,3.0
51,753.34,39.78,2998.11,115.282,20,55.3,4.0
51,753.34,39.78,5325.44,144.924,20,56.3,5.0
51,753.34,39.78,13398.7,220.991,20,58.3,7.0
52,790.05,677.64,2.69732,2.36247,20,52.3,1.0
52,790.05,677.64,6.16804,2.64664,20,53.3,2.0
52,790.05,677.64,9.66305,2.65057,20,54.3,3.0
52,790.05,677.64,17.3666,2.85907,20,55.3,4.0
52,790.05,677.64,23.715,3.09942,20,56.3,5.0
52,790.05,677.64,30.2985,3.94607,20,58.3,7.0
53,793.7,251.72,6.73493,5.46841,20,52.3,1.0
53,793.7,251.72,21.342,5.98055,20,53.3,2.0
53,793.7,251.72,38.3345,6.27126,20,54.3,3.0
53,793.7,251.72,47.1857,6.61747,20,55.3,4.0
53,793.7,251.72,66.8654,7.14838,20,56.3,5.0
53,793.7,251.72,107.891,8.9882,20,58.3,7.0
54,808.37,195.28,5.6097,12.9521,20,52.3,1.0
54,808.37,195.28,34.2516,14.9186,20,53.3,2.0
54,808.37,195.28,77.8027,14.8673,20,54.3,3.0
54,808.37,195.28,154.208,16.294,20,55.3,4.0
54,808.37,195.28,243.653,18.1986,20,56.3,5.0
54,808.37,195.28,513.825,23.7463,20,58.3,7.0
55,812.63,589.91,17.2515,12.4764,20,52.3,1.0
55,812.63,589.91,75.2132,13.8882,20,53.3,2.0
55,812.63,589.91,138.675,15.0347,20,54.3,3.0
55,812.63,589.91,223.64,15.8116,20,55.3,4.0
55,812.63,589.91,319.026,17.6366,20,56.3,5.0
55,812.63,589.91,537.362,24.4498,20,58.3,7.0
56,818.61,316.9,5.84927,6.9707,20,52.3,1.0
56,818.61,316.9,12.1489,7.52014,20,53.3,2.0
56,818.61,316.9,23.7859,7.73694,20,54.3,3.0
56,818.61,316.9,41.7816,8.14251,20,55.3,4.0
56,818.61,316.9,63.9773,8.88688,20,56.3,5.0
56,818.61,316.9,123.415,11.2013,20,58.3,7.0
57,834.73,669.89,25.9327,10.1406,20,52.3,1.0
57,834.73,669.89,71.9274,11.277,20,53.3,2.0
57,834.73,669.89,123.422,11.9807,20,54.3,3.0
57,834.73,669.89,184.142,12.6031,20,55.3,4.0
57,834.73,669.89,248.343,14.5978,20,56.3,5.0
57,834.73,669.89,440.639,18.9117,20,58.3,7.0
58,835.92,827.76,2.78953,2.83016,20,52.3,1.0
58,835.92,827.76,6.68857,3.04682,20,53.3,2.0
58,835.92,827.76,14.5087,3.17403,20,54.3,3.0
58,835.92,827.76,21.0262,3.36457,20,55.3,4.0
58,835.92,827.76,25.8704,3.6765,20,56.3,5.0
58,835.92,827.76,53.9618,4.54869,20,58.3,7.0
59,837.08,886.41,57.6774,26.7745,20,52.3,1.0
59,837.08,886.41,173.627,28.7742,20,53.3,2.0
59,837.08,886.41,387.448,31.1889,20,54.3,3.0
59,837.08,886.41,772.99,33.5984,20,55.3,4.0
59,837.08,886.41,1334.51,38.9647,20,56.3,5.0
59,837.08,886.41,3148.22,56.0671,20,58.3,7.0
60,855.04,886.73,0.68656,6.24376,20,52.3,1.0
60,855.04,886.73,4.67682,6.49894,20,53.3,2.0
60,855.04,886.73,14.757,6.65713,20,54.3,3.0
60,855.04,886.73,20.8632,6.99068,20,55.3,4.0
60,855.04,886.73,38.3773,7.89043,20,56.3,5.0
60,855.04,886.73,103.899,9.88813,20,58.3,7.0
61,863.05,475.62,8.71721,8.07073,20,52.3,1.0
61,863.05,475.62,29.7876,8.17725,20,53.3,2.0
61,863.05,475.62,59.7015,9.26469,20,54.3,3.0
61,863.05,475.62,88.5769,9.54013,20,55.3,4.0
61,863.05,475.62,123.716,10.5007,20,56.3,5.0
61,863.05,475.62,214.706,12.9803,20,58.3,7.0
62,867.08,670.03,22.7554,14.0543,20,52.3,1.0
62,867.08,670.03,48.9841,14.5816,20,53.3,2.0
62,867.08,670.03,109.631,15.8228,20,54.3,3.0
62,867.08,670.03,183.793,16.9663,20,55.3,4.0
62,867.08,670.03,289.42,19.9663,20,56.3,5.0
62,867.08,670.03,603.539,26.4837,20,58.3,7.0
63,875.3,1008.37,28.33,32.2096,20,52.3,1.0
63,875.3,1008.37,79.0696,34.2925,20,53.3,2.0
63,875.3,1008.37,152.996,36.6609,20,54.3,3.0
63,875.3,1008.37,263.038,39.0909,20,55.3,4.0
63,875.3,1008.37,427.661,45.13,20,56.3,5.0
63,875.3,1008.37,3800.9,107.357,20,58.3,7.0
64,874.88,653.69,27.0823,29.4649,20,52.3,1.0
64,874.88,653.69,138.482,31.244,20,53.3,2.0
64,874.88,653.69,365.092,34.7613,20,54.3,3.0
64,874.88,653.69,691.626,37.8231,20,55.3,4.0
64,874.88,653.69,1096.53,43.1366,20,56.3,5.0
64,874.88,653.69,2529.61,59.9528,20,58.3,7.0
65,875.35,475.38,3.29943,3.98028,20,52.3,1.0
65,875.35,475.38,10.5659,4.28267,20,53.3,2.0
65,875.35,475.38,20.6928,4.69306,20,54.3,3.0
65,875.35,475.38,27.39,4.79456,20,55.3,4.0
65,875.35,475.38,37.7024,5.31439,20,56.3,5.0
65,875.35,475.38,59.3166,6.90934,20,58.3,7.0
67,913.09,732.5,16.2481,16.6519,20,52.3,1.0
67,913.09,732.5,58.8867,18.2852,20,53.3,2.0
67,913.09,732.5,130.377,19.4959,20,54.3,3.0
67,913.09,732.5,250.48,20.8917,20,55.3,4.0
67,913.09,732.5,451.654,23.936,20,56.3,5.0
67,913.09,732.5,1016.5,34.5785,20,58.3,7.0
68,914.69,407.58,7.88723,38.6484,20,52.3,1.0
68,914.69,407.58,67.0204,41.868,20,53.3,2.0
68,914.69,407.58,272.913,44.6623,20,54.3,3.0
68,914.69,407.58,695.382,47.6641,20,55.3,4.0
68,914.69,407.58,1382.28,55.8463,20,56.3,5.0
68,914.69,407.58,3822.64,78.9791,20,58.3,7.0
69,945.79,808.63,45.1642,22.343,20,52.3,1.0
69,945.79,808.63,141.0,25.9208,20,53.3,2.0
69,945.79,808.63,306.388,25.8063,20,54.3,3.0
69,945.79,808.63,533.214,28.6291,20,55.3,4.0
69,945.79,808.63,856.613,32.5189,20,56.3,5.0
69,945.79,808.63,1860.78,43.8437,20,58.3,7.0
72,994.29,804.84,36.9199,14.7947,20,52.3,1.0
72,994.29,804.84,102.994,16.501,20,53.3,2.0
72,994.29,804.84,183.708,16.9313,20,54.3,3.0
72,994.29,804.84,285.541,18.1514,20,55.3,4.0
72,994.29,804.84,390.272,20.6355,20,56.3,5.0
72,994.29,804.84,732.428,26.9303,20,58.3,7.0
73,1005.68,8.87,25.0153,17.309,20,52.3,1.0
73,1005.68,8.87,88.5526,19.0777,20,53.3,2.0
73,1005.68,8.87,186.988,19.2928,20,54.3,3.0
73,1005.68,8.87,357.09,21.636,20,55.3,4.0
73,1005.68,8.87,568.461,24.711,20,56.3,5.0
73,1005.68,8.87,1261.26,32.4644,20,58.3,7.0
74,1007.61,123.34,4.03687,3.47128,20,52.3,1.0
74,1007.61,123.34,7.96052,3.75572,20,53.3,2.0
74,1007.61,123.34,12.366,3.76719,20,54.3,3.0
74,1007.61,123.34,17.1051,4.0881,20,55.3,4.0
74,1007.61,123.34,23.4295,4.45815,20,56.3,5.0
74,1007.61,123.34,40.1891,5.06123,20,58.3,7.0
75,1025.17,1071.39,6.1839,6.63775,20,52.3,1.0
75,1025.17,1071.39,22.6738,7.03995,20,53.3,2.0
75,1025.17,1071.39,36.9836,7.23107,20,54.3,3.0
75,1025.17,1071.39,49.4224,7.91559,20,55.3,4.0
75,1025.17,1071.39,94.5828,8.91496,20,56.3,5.0
75,1025.17,1071.39,143.468,10.7063,20,58.3,7.0
76,1048.15,74.13,29.3841,30.0962,20,52.3,1.0
76,1048.15,74.13,130.51,33.8868,20,53.3,2.0
76,1048.15,74.13,301.407,35.1256,20,54.3,3.0
76,1048.15,74.13,608.045,38.1732,20,55.3,4.0
76,1048.15,74.13,1051.46,43.0601,20,56.3,5.0
76,1048.15,74.13,2679.17,58.8271,20,58.3,7.0
77,1049.51,493.97,6.74772,5.77649,20,52.3,1.0
77,1049.51,493.97,16.4638,6.39593,20,53.3,2.0
77,1049.51,493.97,37.0616,7.00606,20,54.3,3.0
77,1049.51,493.97,46.7234,7.4512,20,55.3,4.0
77,1049.51,493.97,68.8652,7.89301,20,56.3,5.0
77,1049.51,493.97,117.967,10.0153,20,58.3,7.0
78,1049.4,35.12,65.1681,28.3665,20,52.3,1.0
78,1049.4,35.12,193.293,32.076,20,53.3,2.0
78,1049.4,35.12,441.792,33.6193,20,54.3,3.0
78,1049.4,35.12,797.049,36.3904,20,55.3,4.0
78,1049.4,35.12,1256.43,41.4083,20,56.3,5.0
78,1049.4,35.12,2614.93,56.7669,20,58.3,7.0
79,1055.22,957.29,13.7207,11.6734,20,52.3,1.0
79,1055.22,957.29,45.2025,13.1638,20,53.3,2.0
79,1055.22,957.29,92.9131,13.5114,20,54.3,3.0
79,1055.22,957.29,148.889,14.2838,20,55.3,4.0
79,1055.22,957.29,218.191,15.7159,20,56.3,5.0
79,1055.22,957.29,396.264,20.5015,20,58.3,7.0
80,1056.93,804.04,3.82193,5.70626,20,52.3,1.0
80,1056.93,804.04,11.2345,6.58811,20,53.3,2.0
80,1056.93,804.04,21.1686,6.47816,20,54.3,3.0
80,1056.93,804.04,41.0234,6.99188,20,55.3,4.0
80,1056.93,804.04,59.3283,7.57515,20,56.3,5.0
80,1056.93,804.04,127.092,9.48642,20,58.3,7.0
81,1069.42,234.82,-0.0758556,2.92989,20,52.3,1.0
81,1069.42,234.82,3.54053,3.42787,20,53.3,2.0
81,1069.42,234.82,7.09294,3.57718,20,54.3,3.0
81,1069.42,234.82,13.008,3.85778,20,55.3,4.0
81,1069.42,234.82,20.9257,3.81881,20,56.3,5.0
81,1069.42,234.82,37.7036,4.86345,20,58.3,7.0
82,1070.02,86.8,-2.24747,12.2922,20,52.3,1.0
82,1070.02,86.8,13.4496,13.7681,20,53.3,2.0
82,1070.02,86.8,43.168,14.3998,20,54.3,3.0
82,1070.02,86.8,88.1213,14.7772,20,55.3,4.0
82,1070.02,86.8,160.551,16.5612,20,56.3,5.0
82,1070.02,86.8,327.877,21.3601,20,58.3,7.0
83,1092.54,522.92,72.7604,38.5535,20,52.3,1.0
83,1092.54,522.92,268.167,41.3789,20,53.3,2.0
83,1092.54,522.92,634.259,43.7599,20,54.3,3.0
83,1092.54,522.92,1200.79,48.2041,20,55.3,4.0
83,1092.54,522.92,2063.66,58.1197,20,56.3,5.0
83,1092.54,522.92,5260.58,87.2469,20,58.3,7.0
84,1094.0,687.41,2.58389,8.5089,20,52.3,1.0
84,1094.0,687.41,14.8285,9.24426,20,53.3,2.0
84,1094.0,687.41,34.494,9.34111,20,54.3,3.0
84,1094.0,687.41,60.1945,10.3638,20,55.3,4.0
84,1094.0,687.41,102.709,11.2928,20,56.3,5.0
84,1094.0,687.41,228.191,14.5667,20,58.3,7.0
85,1094.92,910.12,2.96018,8.33506,20,52.3,1.0
85,1094.92,910.12,13.0416,8.91677,20,53.3,2.0
85,1094.92,910.12,26.0951,9.6961,20,54.3,3.0
85,1094.92,910.12,22.3482,9.80944,20,55.3,4.0
85,1094.92,910.12,71.7267,11.8062,20,56.3,5.0
85,1094.92,910.12,203.799,14.3083,20,58.3,7.0
86,1127.92,533.55,0.423177,3.56974,20,52.3,1.0
86,1127.92,533.55,6.74731,4.09991,20,53.3,2.0
86,1127.92,533.55,13.7647,4.22315,20,54.3,3.0
86,1127.92,533.55,17.1517,4.46284,20,55.3,4.0
86,1127.92,533.55,26.7938,4.96971,20,56.3,5.0
86,1127.92,533.55,52.9804,6.06102,20,58.3,7.0
87,1151.82,428.57,5.66502,4.53305,20,52.3,1.0
87,1151.82,428.57,15.3608,5.34214,20,53.3,2.0
87,1151.82,428.57,27.6663,4.93453,20,54.3,3.0
87,1151.82,428.57,39.1513,5.38645,20,55.3,4.0
87,1151.82,428.57,55.6593,6.42683,20,56.3,5.0
87,1151.82,428.57,82.0011,7.03132,20,58.3,7.0
88,1171.4,239.22,250.201,37.3785,20,52.3,1.0
88,1171.4,239.22,751.541,41.5108,20,53.3,2.0
88,1171.4,239.22,1413.69,44.5307,20,54.3,3.0
88,1171.4,239.22,2222.49,49.2807,20,55.3,4.0
88,1171.4,239.22,3170.8,57.7883,20,56.3,5.0
88,1171.4,239.22,5660.45,80.4418,20,58.3,7.0
90,1183.39,928.56,2.06652,6.84886,20,52.3,1.0
90,1183.39,928.56,9.83283,7.45643,20,53.3,2.0
90,1183.39,928.56,19.5967,7.71098,20,54.3,3.0
90,1183.39,928.56,38.9899,8.09881,20,55.3,4.0
90,1183.39,928.56,66.6909,8.96755,20,56.3,5.0
90,1183.39,928.56,194.427,17.3907,20,58.3,7.0
91,1184.55,592.78,3.45927,4.74338,20,52.3,1.0
91,1184.55,592.78,7.9186,5.08816,20,53.3,2.0
91,1184.55,592.78,15.7153,5.38807,20,54.3,3.0
91,1184.55,592.78,26.4612,5.50999,20,55.3,4.0
91,1184.55,592.78,37.0493,6.2899,20,56.3,5.0
91,1184.55,592.78,81.3377,7.89628,20,58.3,7.0
92,1227.95,784.42,7.6139,6.59195,20,52.3,1.0
92,1227.95,784.42,20.9517,7.10707,20,53.3,2.0
92,1227.95,784.42,35.692,7.97427,20,54.3,3.0
92,1227.95,784.42,57.7155,8.30856,20,55.3,4.0
92,1227.95,784.42,79.1602,8.88743,20,56.3,5.0
92,1227.95,784.42,126.444,10.9325,20,58.3,7.0
93,1232.21,667.33,3.35015,10.8862,20,52.3,1.0
93,1232.21,667.33,4.47621,12.1039,20,53.3,2.0
93,1232.21,667.33,66.532,13.1519,20,54.3,3.0
93,1232.21,667.33,107.207,13.5189,20,55.3,4.0
93,1232.21,667.33,162.383,15.1897,20,56.3,5.0
93,1232.21,667.33,271.53,19.2272,20,58.3,7.0
94,1242.43,153.13,-0.556948,4.33537,20,52.3,1.0
94,1242.43,153.13,3.12563,4.62375,20,53.3,2.0
94,1242.43,153.13,17.4728,5.01503,20,54.3,3.0
94,1242.43,153.13,26.9503,5.23921,20,55.3,4.0
94,1242.43,153.13,40.5435,5.92352,20,56.3,5.0
94,1242.43,153.13,68.6719,7.05582,20,58.3,7.0
95,1247.94,482.84,23.2226,9.63909,20,52.3,1.0
95,1247.94,482.84,61.2432,11.0741,20,53.3,2.0
95,1247.94,482.84,143.116,11.4473,20,54.3,3.0
95,1247.94,482.84,238.909,12.8266,20,55.3,4.0
95,1247.94,482.84,264.537,14.966,20,56.3,5.0
95,1247.94,482.84,429.891,18.1701,20,58.3,7.0
98,1269.08,1072.96,3.27463,4.10742,20,52.3,1.0
98,1269.08,1072.96,10.9299,4.49816,20,53.3,2.0
98,1269.08,1072.96,17.0834,4.42456,20,54.3,3.0
98,1269.08,1072.96,25.1988,4.82813,20,55.3,4.0
98,1269.08,1072.96,40.0135,5.5176,20,56.3,5.0
98,1269.08,1072.96,60.3224,6.49227,20,58.3,7.0
99,1269.8,412.07,3.70852,3.3512,20,52.3,1.0
99,1269.8,412.07,9.02602,3.57458,20,53.3,2.0
99,1269.8,412.07,12.6017,3.8067,20,54.3,3.0
99,1269.8,412.07,16.0407,3.74135,20,55.3,4.0
99,1269.8,412.07,24.9414,4.32556,20,56.3,5.0
99,1269.8,412.07,37.2494,5.12711,20,58.3,7.0
100,1273.12,787.75,79.6797,40.5018,20,52.3,1.0
100,1273.12,787.75,311.412,45.8034,20,53.3,2.0
100,1273.12,787.75,727.678,47.767,20,54.3,3.0
100,1273.12,787.75,1322.5,52.1446,20,55.3,4.0
100,1273.12,787.75,2095.44,61.866,20,56.3,5.0
100,1273.12,787.75,4445.08,89.003,20,58.3,7.0
101,1286.78,769.46,-1.14793,1.53899,20,52.3,1.0
101,1286.78,769.46,-0.254853,1.66513,20,53.3,2.0
101,1286.78,769.46,1.13161,1.6411,20,54.3,3.0
101,1286.78,769.46,0.943931,1.74587,20,55.3,4.0
101,1286.78,769.46,5.3777,2.03937,20,56.3,5.0
101,1286.78,769.46,18.2537,2.47444,20,58.3,7.0
102,1293.97,872.76,3.19307,4.13249,20,52.3,1.0
102,1293.97,872.76,11.2976,4.52132,20,53.3,2.0
102,1293.97,872.76,20.6216,4.9132,20,54.3,3.0
102,1293.97,872.76,26.462,5.03399,20,55.3,4.0
102,1293.97,872.76,37.4352,5.34427,20,56.3,5.0
102,1293.97,872.76,51.9759,6.5343,20,58.3,7.0
103,1295.11,319.21,3.13457,8.80628,20,52.3,1.0
103,1295.11,319.21,7.84577,9.14622,20,53.3,2.0
103,1295.11,319.21,16.6198,9.38453,20,54.3,3.0
103,1295.11,319.21,37.0795,9.43201,20,55.3,4.0
103,1295.11,319.21,56.0074,9.98815,20,56.3,5.0
103,1295.11,319.21,115.657,13.3459,20,58.3,7.0
104,1321.24,72.04,1.41246,3.40213,20,52.3,1.0
104,1321.24,72.04,4.03351,3.95143,20,53.3,2.0
104,1321.24,72.04,8.63545,4.08166,20,54.3,3.0
104,1321.24,72.04,13.3662,4.28889,20,55.3,4.0
104,1321.24,72.04,19.3318,4.7566,20,56.3,5.0
104,1321.24,72.04,38.0367,5.65483,20,58.3,7.0
105,1326.57,527.69,1.10102,3.17834,20,52.3,1.0
105,1326.57,527.69,1.33703,3.71432,20,53.3,2.0
105,1326.57,527.69,5.97555,3.77146,20,54.3,3.0
105,1326.57,527.69,16.2838,4.14587,20,55.3,4.0
105,1326.57,527.69,20.0331,4.42711,20,56.3,5.0
105,1326.57,527.69,41.9384,5.40239,20,58.3,7.0
106,1341.6,624.54,-1.98204,14.2306,20,52.3,1.0
106,1341.6,624.54,-2.17065,15.4851,20,53.3,2.0
106,1341.6,624.54,10.9535,15.7994,20,54.3,3.0
106,1341.6,624.54,54.7671,16.9284,20,55.3,4.0
106,1341.6,624.54,148.725,18.744,20,56.3,5.0
106,1341.6,624.54,593.346,25.1087,20,58.3,7.0
107,1362.73,168.08,7.90273,8.48458,20,52.3,1.0
107,1362.73,168.08,15.2842,9.14516,20,53.3,2.0
107,1362.73,168.08,28.3173,9.5372,20,54.3,3.0
107,1362.73,168.08,53.1763,10.8628,20,55.3,4.0
107,1362.73,168.08,80.9305,11.5126,20,56.3,5.0
107,1362.73,168.08,171.474,14.0854,20,58.3,7.0
108,1374.24,627.78,3.49252,6.08189,20,52.3,1.0
108,1374.24,627.78,9.48896,6.38012,20,53.3,2.0
108,1374.24,627.78,17.2227,6.42039,20,54.3,3.0
108,1374.24,627.78,33.3392,7.10865,20,55.3,4.0
108,1374.24,627.78,58.6325,7.87359,20,56.3,5.0
108,1374.24,627.78,127.101,10.1617,20,58.3,7.0
109,1378.3,808.79,8.5983,9.75386,20,52.3,1.0
109,1378.3,808.79,40.9421,10.9739,20,53.3,2.0
109,1378.3,808.79,81.9138,10.8904,20,54.3,3.0
109,1378.3,808.79,142.177,11.8858,20,55.3,4.0
109,1378.3,808.79,190.922,13.4993,20,56.3,5.0
109,1378.3,808.79,347.598,17.5922,20,58.3,7.0
110,1382.45,910.49,10.0413,9.99534,20,52.3,1.0
110,1382.45,910.49,31.9409,11.1141,20,53.3,2.0
110,1382.45,910.49,54.2669,11.2809,20,54.3,3.0
110,1382.45,910.49,84.0634,11.758,20,55.3,4.0
110,1382.45,910.49,142.393,13.3991,20,56.3,5.0
110,1382.45,910.49,288.515,17.004,20,58.3,7.0
111,1387.54,115.73,-1.17327,5.98708,20,52.3,1.0
111,1387.54,115.73,1.0967,6.73244,20,53.3,2.0
111,1387.54,115.73,6.71021,6.81084,20,54.3,3.0
111,1387.54,115.73,17.8664,7.51362,20,55.3,4.0
111,1387.54,115.73,36.5653,8.28487,20,56.3,5.0
111,1387.54,115.73,88.6901,10.2814,20,58.3,7.0
112,1389.43,370.44,2.21549,5.20001,20,52.3,1.0
112,1389.43,370.44,3.80955,5.93481,20,53.3,2.0
112,1389.43,370.44,9.01554,6.17518,20,54.3,3.0
112,1389.43,370.44,17.6345,6.29765,20,55.3,4.0
112,1389.43,370.44,34.0992,7.37971,20,56.3,5.0
112,1389.43,370.44,75.2942,8.41393,20,58.3,7.0
113,1405.38,204.5,8.82529,10.6714,20,52.3,1.0
113,1405.38,204.5,24.9513,12.6891,20,53.3,2.0
113,1405.38,204.5,52.5047,14.3953,20,54.3,3.0
113,1405.38,204.5,92.8394,13.9483,20,55.3,4.0
113,1405.38,204.5,140.5,15.73,20,56.3,5.0
113,1405.38,204.5,305.561,19.6804,20,58.3,7.0
114,1427.04,350.03,2.61664,3.77791,20,52.3,1.0
114,1427.04,350.03,9.30833,4.33571,20,53.3,2.0
114,1427.04,350.03,13.8182,4.62752,20,54.3,3.0
114,1427.04,350.03,26.7636,4.75806,20,55.3,4.0
114,1427.04,350.03,38.0549,5.29566,20,56.3,5.0
114,1427.04,350.03,68.8325,6.42068,20,58.3,7.0
115,1450.64,1001.85,76.7886,33.9567,20,52.3,1.0
115,1450.64,1001.85,288.83,37.7993,20,53.3,2.0
115,1450.64,1001.85,551.202,40.9765,20,54.3,3.0
115,1450.64,1001.85,950.787,43.1848,20,55.3,4.0
115,1450.64,1001.85,1953.55,51.7249,20,56.3,5.0
115,1450.64,1001.85,4120.44,77.4669,20,58.3,7.0
116,1465.17,16.33,-2.2022,4.75201,20,52.3,1.0
116,1465.17,16.33,3.61005,5.37228,20,53.3,2.0
116,1465.17,16.33,15.7506,5.42593,20,54.3,3.0
116,1465.17,16.33,26.7203,6.03826,20,55.3,4.0
116,1465.17,16.33,43.8308,6.45842,20,56.3,5.0
116,1465.17,16.33,68.5579,7.67442,20,58.3,7.0
117,1489.15,1041.44,33.4876,17.8722,20,52.3,1.0
117,1489.15,1041.44,108.132,19.883,20,53.3,2.0
117,1489.15,1041.44,222.19,20.2543,20,54.3,3.0
117,1489.15,1041.44,395.804,22.4229,20,55.3,4.0
117,1489.15,1041.44,640.595,25.7833,20,56.3,5.0
117,1489.15,1041.44,1442.96,34.4013,20,58.3,7.0
118,1500.49,505.53,6.60637,26.4724,20,52.3,1.0
118,1500.49,505.53,35.2205,27.8281,20,53.3,2.0
118,1500.49,505.53,119.069,29.3666,20,54.3,3.0
118,1500.49,505.53,294.387,31.6452,20,55.3,4.0
118,1500.49,505.53,558.357,35.6468,20,56.3,5.0
118,1500.49,505.53,1587.77,50.5829,20,58.3,7.0
119,1505.55,1038.97,12.9328,10.8438,20,52.3,1.0
119,1505.55,1038.97,42.0412,11.5614,20,53.3,2.0
119,1505.55,1038.97,86.7489,12.7679,20,54.3,3.0
119,1505.55,1038.97,152.993,13.3779,20,55.3,4.0
119,1505.55,1038.97,199.293,15.3086,20,56.3,5.0
119,1505.55,1038.97,352.98,20.4233,20,58.3,7.0
120,1505.39,197.52,8.05076,5.37275,20,52.3,1.0
120,1505.39,197.52,21.9997,5.97406,20,53.3,2.0
120,1505.39,197.52,40.785,5.97393,20,54.3,3.0
120,1505.39,197.52,50.5792,6.31639,20,55.3,4.0
120,1505.39,197.52,67.7651,7.07641,20,56.3,5.0
120,1505.39,197.52,103.225,8.67238,20,58.3,7.0
121,1508.62,861.04,15.7105,8.40173,20,52.3,1.0
121,1508.62,861.04,35.2508,8.59258,20,53.3,2.0
121,1508.62,861.04,64.9101,9.4424,20,54.3,3.0
121,1508.62,861.04,99.4314,10.0441,20,55.3,4.0
121,1508.62,861.04,145.943,10.6068,20,56.3,5.0
121,1508.62,861.04,253.906,14.5589,20,58.3,7.0
122,1537.89,761.58,4.38189,4.08379,20,52.3,1.0
122,1537.89,761.58,8.78928,4.70649,20,53.3,2.0
122,1537.89,761.58,19.8292,4.9081,20,54.3,3.0
122,1537.89,761.58,28.4312,5.28609,20,55.3,4.0
122,1537.89,761.58,34.6727,5.89766,20,56.3,5.0
122,1537.89,761.58,72.8673,6.9188,20,58.3,7.0
123,1537.39,134.2,9.05195,6.37541,20,52.3,1.0
123,1537.39,134.2,14.9034,7.05787,20,53.3,2.0
123,1537.39,134.2,31.0331,7.16746,20,54.3,3.0
123,1537.39,134.2,42.0343,7.60501,20,55.3,4.0
123,1537.39,134.2,66.528,8.88442,20,56.3,5.0
123,1537.39,134.2,167.288,11.4325,20,58.3,7.0
124,1539.39,402.31,3.22644,4.8574,20,52.3,1.0
124,1539.39,402.31,6.15117,5.30474,20,53.3,2.0
124,1539.39,402.31,14.6869,5.59852,20,54.3,3.0
124,1539.39,402.31,28.0273,5.8527,20,55.3,4.0
124,1539.39,402.31,41.4536,6.43142,20,56.3,5.0
124,1539.39,402.31,83.1379,8.40673,20,58.3,7.0
125,1550.13,706.66,4.96932,13.1876,20,52.3,1.0
125,1550.13,706.66,18.9685,14.6949,20,53.3,2.0
125,1550.13,706.66,67.8125,15.3827,20,54.3,3.0
125,1550.13,706.66,159.576,16.4142,20,55.3,4.0
125,1550.13,706.66,303.973,19.1887,20,56.3,5.0
125,1550.13,706.66,786.316,25.581,20,58.3,7.0
126,1559.74,205.42,12.2572,13.0256,20,52.3,1.0
126,1559.74,205.42,47.5354,14.0117,20,53.3,2.0
126,1559.74,205.42,95.3985,14.6389,20,54.3,3.0
126,1559.74,205.42,175.811,16.7247,20,55.3,4.0
126,1559.74,205.42,227.978,18.0342,20,56.3,5.0
126,1559.74,205.42,470.823,29.5596,20,58.3,7.0
127,1576.5,679.51,0.914628,2.10033,20,52.3,1.0
127,1576.5,679.51,0.671022,2.1685,20,53.3,2.0
127,1576.5,679.51,4.00227,2.4916,20,54.3,3.0
127,1576.5,679.51,6.55871,2.41317,20,55.3,4.0
127,1576.5,679.51,11.3104,2.83406,20,56.3,5.0
127,1576.5,679.51,23.1492,3.70685,20,58.3,7.0
128,1576.27,165.56,14.7463,7.8997,20,52.3,1.0
128,1576.27,165.56,34.6309,8.7354,20,53.3,2.0
128,1576.27,165.56,59.9077,9.53693,20,54.3,3.0
128,1576.27,165.56,92.3549,10.1198,20,55.3,4.0
128,1576.27,165.56,118.846,11.0971,20,56.3,5.0
128,1576.27,165.56,191.659,14.2244,20,58.3,7.0
129,1587.0,922.45,20.3227,18.027,20,52.3,1.0
129,1587.0,922.45,76.0178,20.0878,20,53.3,2.0
129,1587.0,922.45,177.945,20.3157,20,54.3,3.0
129,1587.0,922.45,334.633,22.3197,20,55.3,4.0
129,1587.0,922.45,557.634,24.8793,20,56.3,5.0
129,1587.0,922.45,1346.76,35.6129,20,58.3,7.0
130,1588.75,647.69,1.25875,3.75777,20,52.3,1.0
130,1588.75,647.69,2.83096,4.1811,20,53.3,2.0
130,1588.75,647.69,11.2391,4.2459,20,54.3,3.0
130,1588.75,647.69,21.2681,4.42496,20,55.3,4.0
130,1588.75,647.69,31.1171,4.96101,20,56.3,5.0
130,1588.75,647.69,71.3244,6.38767,20,58.3,7.0
132,1598.6,41.46,4.62843,4.70571,20,52.3,1.0
132,1598.6,41.46,8.22475,5.19472,20,53.3,2.0
132,1598.6,41.46,16.4574,5.11428,20,54.3,3.0
132,1598.6,41.46,28.6956,5.72247,20,55.3,4.0
132,1598.6,41.46,46.0643,6.63722,20,56.3,5.0
132,1598.6,41.46,84.2731,7.37196,20,58.3,7.0
133,1600.13,199.81,6.85823,6.30593,20,52.3,1.0
133,1600.13,199.81,19.4945,6.97864,20,53.3,2.0
133,1600.13,199.81,34.4526,7.28547,20,54.3,3.0
133,1600.13,199.81,51.1231,7.98109,20,55.3,4.0
133,1600.13,199.81,67.6055,9.11008,20,56.3,5.0
133,1600.13,199.81,111.747,10.2949,20,58.3,7.0
134,1622.31,1043.1,0.0358336,1.77246,20,52.3,1.0
134,1622.31,1043.1,2.3302,2.011,20,53.3,2.0
134,1622.31,1043.1,5.49163,1.84385,20,54.3,3.0
134,1622.31,1043.1,9.59198,2.06264,20,55.3,4.0
134,1622.31,1043.1,12.7148,2.37856,20,56.3,5.0
134,1622.31,1043.1,24.1503,2.95639,20,58.3,7.0
135,1622.96,701.02,0.808729,1.78856,20,52.3,1.0
135,1622.96,701.02,2.53105,1.90634,20,53.3,2.0
135,1622.96,701.02,5.54733,2.01001,20,54.3,3.0
135,1622.96,701.02,9.07668,1.91976,20,55.3,4.0
135,1622.96,701.02,11.2653,2.12132,20,56.3,5.0
135,1622.96,701.02,18.9106,2.79427,20,58.3,7.0
136,1624.32,908.58,78.6861,27.2545,20,52.3,1.0
136,1624.32,908.58,245.436,31.2489,20,53.3,2.0
136,1624.32,908.58,472.505,31.3346,20,54.3,3.0
136,1624.32,908.58,801.478,34.9962,20,55.3,4.0
136,1624.32,908.58,1256.34,40.9626,20,56.3,5.0
136,1624.32,908.58,2421.37,56.2522,20,58.3,7.0
137,1624.63,984.41,33.7504,20.8878,20,52.3,1.0
137,1624.63,984.41,130.987,23.5572,20,53.3,2.0
137,1624.63,984.41,279.87,23.5255,20,54.3,3.0
137,1624.63,984.41,512.231,26.0434,20,55.3,4.0
137,1624.63,984.41,853.766,29.496,20,56.3,5.0
137,1624.63,984.41,2017.78,42.2389,20,58.3,7.0
138,1650.41,876.66,61.0633,20.0193,20,52.3,1.0
138,1650.41,876.66,184.775,21.8955,20,53.3,2.0
138,1650.41,876.66,360.62,23.4798,20,54.3,3.0
138,1650.41,876.66,509.144,27.0918,20,55.3,4.0
138,1650.41,876.66,784.46,30.2518,20,56.3,5.0
138,1650.41,876.66,1322.13,41.1548,20,58.3,7.0
139,1654.81,274.47,7.36892,5.84615,20,52.3,1.0
139,1654.81,274.47,16.2997,6.25562,20,53.3,2.0
139,1654.81,274.47,28.092,7.29988,20,54.3,3.0
139,1654.81,274.47,39.7035,7.25919,20,55.3,4.0
139,1654.81,274.47,56.7889,7.44258,20,56.3,5.0
139,1654.81,274.47,85.0833,9.78802,20,58.3,7.0
140,1657.86,625.49,0.313064,2.85425,20,52.3,1.0
140,1657.86,625.49,1.74478,3.09272,20,53.3,2.0
140,1657.86,625.49,5.51162,3.45025,20,54.3,3.0
140,1657.86,625.49,7.41254,3.30192,20,55.3,4.0
140,1657.86,625.49,13.4053,3.54809,20,56.3,5.0
140,1657.86,625.49,35.3567,4.39259,20,58.3,7.0
141,1681.19,250.51,2.6482,2.62235,20,52.3,1.0
141,1681.19,250.51,3.46903,2.83558,20,53.3,2.0
141,1681.19,250.51,9.16704,2.90338,20,54.3,3.0
141,1681.19,250.51,12.8513,2.93389,20,55.3,4.0
141,1681.19,250.51,18.2267,3.31365,20,56.3,5.0
141,1681.19,250.51,33.0521,4.16859,20,58.3,7.0
142,1688.3,869.58,12.9074,7.59424,20,52.3,1.0
142,1688.3,869.58,35.3653,8.40807,20,53.3,2.0
142,1688.3,869.58,53.8121,9.09838,20,54.3,3.0
142,1688.3,869.58,82.8333,9.32134,20,55.3,4.0
142,1688.3,869.58,110.774,10.488,20,56.3,5.0
142,1688.3,869.58,181.103,12.8854,20,58.3,7.0
143,1692.65,1024.47,0.41257,3.01699,20,52.3,1.0
143,1692.65,1024.47,3.27219,3.55949,20,53.3,2.0
143,1692.65,1024.47,7.65555,3.51261,20,54.3,3.0
143,1692.65,1024.47,8.29067,3.67387,20,55.3,4.0
143,1692.65,1024.47,17.7061,4.06304,20,56.3,5.0
143,1692.65,1024.47,34.3171,4.95006,20,58.3,7.0
144,1701.57,278.8,-0.267786,2.23486,20,52.3,1.0
144,1701.57,278.8,2.87015,2.5071,20,53.3,2.0
144,1701.57,278.8,4.5287,2.54885,20,54.3,3.0
144,1701.57,278.8,7.45695,2.76312,20,55.3,4.0
144,1701.57,278.8,12.5296,3.14986,20,56.3,5.0
144,1701.57,278.8,27.0068,3.90831,20,58.3,7.0
145,1727.77,801.94,6.74794,5.13112,20,52.3,1.0
145,1727.77,801.94,18.1368,5.98002,20,53.3,2.0
145,1727.77,801.94,28.272,6.20033,20,54.3,3.0
145,1727.77,801.94,40.2009,6.36646,20,55.3,4.0
145,1727.77,801.94,60.0737,7.29015,20,56.3,5.0
145,1727.77,801.94,93.5745,8.83138,20,58.3,7.0
147,1737.82,718.3,175.05,48.4139,20,52.3,1.0
147,1737.82,718.3,684.093,54.129,20,53.3,2.0
147,1737.82,718.3,1424.39,58.6619,20,54.3,3.0
147,1737.82,718.3,2458.01,65.7883,20,55.3,4.0
147,1737.82,718.3,3979.17,76.9375,20,56.3,5.0
147,1737.82,718.3,8228.58,113.176,20,58.3,7.0
148,1744.59,242.2,0.893824,13.3958,20,52.3,1.0
148,1744.59,242.2,8.37739,14.1054,20,53.3,2.0
148,1744.59,242.2,35.2113,14.7759,20,54.3,3.0
148,1744.59,242.2,105.191,15.1727,20,55.3,4.0
148,1744.59,242.2,215.773,17.4047,20,56.3,5.0
148,1744.59,242.2,518.413,22.8784,20,58.3,7.0
149,1762.53,718.68,-0.778474,2.16892,20,52.3,1.0
149,1762.53,718.68,0.124132,2.36206,20,53.3,2.0
149,1762.53,718.68,-0.62208,2.52905,20,54.3,3.0
149,1762.53,718.68,1.37542,2.58599,20,55.3,4.0
149,1762.53,718.68,6.45932,2.83594,20,56.3,5.0
149,1762.53,718.68,21.194,3.44884,20,58.3,7.0
150,1770.85,204.24,86.1126,40.4752,20,52.3,1.0
150,1770.85,204.24,333.016,44.4075,20,53.3,2.0
150,1770.85,204.24,787.43,47.3772,20,54.3,3.0
150,1770.85,204.24,1501.87,51.195,20,55.3,4.0
150,1770.85,204.24,2483.09,59.587,20,56.3,5.0
150,1770.85,204.24,6025.45,89.4059,20,58.3,7.0
151,1773.87,824.38,5.66111,5.29051,20,52.3,1.0
151,1773.87,824.38,20.0191,6.04062,20,53.3,2.0
151,1773.87,824.38,37.028,5.76138,20,54.3,3.0
151,1773.87,824.38,55.8391,6.40513,20,55.3,4.0
151,1773.87,824.38,70.9196,6.91035,20,56.3,5.0
151,1773.87,824.38,107.852,8.85465,20,58.3,7.0
152,1775.95,473.62,43.4985,14.9317,20,52.3,1.0
152,1775.95,473.62,116.326,16.8922,20,53.3,2.0
152,1775.95,473.62,207.289,17.2287,20,54.3,3.0
152,1775.95,473.62,298.178,18.156,20,55.3,4.0
152,1775.95,473.62,403.851,20.6939,20,56.3,5.0
152,1775.95,473.62,680.491,27.5211,20,58.3,7.0
153,1786.02,1057.65,11.5128,12.1499,20,52.3,1.0
153,1786.02,1057.65,28.9638,13.0148,20,53.3,2.0
153,1786.02,1057.65,58.4571,13.2585,20,54.3,3.0
153,1786.02,1057.65,107.791,14.4898,20,55.3,4.0
153,1786.02,1057.65,191.587,16.112,20,56.3,5.0
153,1786.02,1057.65,513.313,22.9184,20,58.3,7.0
154,1786.28,550.99,11.7539,10.6562,20,52.3,1.0
154,1786.28,550.99,49.3899,12.0836,20,53.3,2.0
154,1786.28,550.99,89.0094,12.0753,20,54.3,3.0
154,1786.28,550.99,146.147,13.5629,20,55.3,4.0
154,1786.28,550.99,208.626,14.4288,20,56.3,5.0
154,1786.28,550.99,352.981,19.2905,20,58.3,7.0
155,1823.03,352.12,15.3597,18.7438,20,52.3,1.0
155,1823.03,352.12,58.2895,20.5093,20,53.3,2.0
155,1823.03,352.12,126.983,21.0994,20,54.3,3.0
155,1823.03,352.12,255.438,22.0607,20,55.3,4.0
155,1823.03,352.12,399.763,25.3825,20,56.3,5.0
155,1823.03,352.12,1012.02,34.3641,20,58.3,7.0
156,1827.99,988.34,8.66206,12.4408,20,52.3,1.0
156,1827.99,988.34,27.6756,13.0737,20,53.3,2.0
156,1827.99,988.34,40.2901,13.8848,20,54.3,3.0
156,1827.99,988.34,54.9618,14.2242,20,55.3,4.0
156,1827.99,988.34,176.902,18.7267,20,56.3,5.0
156,1827.99,988.34,513.212,21.9553,20,58.3,7.0
157,1851.58,883.38,12.997,16.8228,20,52.3,1.0
157,1851.58,883.38,55.4586,19.2941,20,53.3,2.0
157,1851.58,883.38,87.8665,20.5568,20,54.3,3.0
157,1851.58,883.38,234.403,24.6368,20,55.3,4.0
157,1851.58,883.38,297.822,28.5759,20,56.3,5.0
157,1851.58,883.38,625.517,40.8089,20,58.3,7.0
158,1855.36,552.89,43.8559,19.8964,20,52.3,1.0
158,1855.36,552.89,125.044,23.2997,20,53.3,2.0
158,1855.36,552.89,251.882,24.1915,20,54.3,3.0
158,1855.36,552.89,437.583,25.7359,20,55.3,4.0
158,1855.36,552.89,601.623,28.9069,20,56.3,5.0
158,1855.36,552.89,1149.02,37.6187,20,58.3,7.0
159,1860.8,91.3,2.62838,20.8864,20,52.3,1.0
159,1860.8,91.3,11.4383,23.6864,20,53.3,2.0
159,1860.8,91.3,21.4707,23.5129,20,54.3,3.0
159,1860.8,91.3,37.0355,25.2337,20,55.3,4.0
159,1860.8,91.3,52.9985,27.3354,20,56.3,5.0
159,1860.8,91.3,1393.01,73.0212,20,58.3,7.0
160,1870.08,1077.7,-0.174208,2.55063,20,52.3,1.0
160,1870.08,1077.7,-0.172448,2.7999,20,53.3,2.0
160,1870.08,1077.7,0.579775,2.92295,20,54.3,3.0
160,1870.08,1077.7,3.29043,3.07648,20,55.3,4.0
160,1870.08,1077.7,10.7463,3.07488,20,56.3,5.0
160,1870.08,1077.7,38.0081,4.1911,20,58.3,7.0
161,1891.56,250.05,20.9131,20.6886,20,52.3,1.0
161,1891.56,250.05,75.5924,22.7051,20,53.3,2.0
161,1891.56,250.05,169.034,23.5623,20,54.3,3.0
161,1891.56,250.05,326.389,26.1957,20,55.3,4.0
161,1891.56,250.05,492.803,28.9736,20,56.3,5.0
161,1891.56,250.05,1214.82,41.3385,20,58.3,7.0
162,1894.63,285.69,31.9538,15.854,20,52.3,1.0
162,1894.63,285.69,91.7391,17.7332,20,53.3,2.0
162,1894.63,285.69,180.224,18.4713,20,54.3,3.0
162,1894.63,285.69,290.997,19.8821,20,55.3,4.0
162,1894.63,285.69,423.239,23.2623,20,56.3,5.0
162,1894.63,285.69,753.045,29.382,20,58.3,7.0
163,1905.09,1042.38,-1.64452,3.77971,20,52.3,1.0
163,1905.09,1042.38,1.0402,4.19798,20,53.3,2.0
163,1905.09,1042.38,3.94217,4.49117,20,54.3,3.0
163,1905.09,1042.38,11.2904,4.62815,20,55.3,4.0
163,1905.09,1042.38,24.3946,4.85805,20,56.3,5.0
163,1905.09,1042.38,61.0777,6.58117,20,58.3,7.0